Ligand,Binding Affinity,rmsd/ub, rmsd/lb
199_uff_e=50.33_out,-3.9,0.0,0.0
199_uff_e=50.33_out,-3.8,3.409,1.385
199_uff_e=50.33_out,-3.8,3.108,1.854
199_uff_e=50.33_out,-3.6,4.089,2.089
199_uff_e=50.33_out,-3.6,3.196,2.186
199_uff_e=50.33_out,-3.6,3.579,1.975
199_uff_e=50.33_out,-3.5,19.283,18.35
199_uff_e=50.33_out,-3.5,3.006,2.095
199_uff_e=50.33_out,-3.5,22.373,21.516
264_uff_e=17.52_out,-3.8,0.0,0.0
264_uff_e=17.52_out,-3.4,3.971,3.185
264_uff_e=17.52_out,-3.3,18.816,18.235
264_uff_e=17.52_out,-3.3,18.247,18.071
264_uff_e=17.52_out,-3.3,18.404,18.283
264_uff_e=17.52_out,-3.1,10.389,9.571
264_uff_e=17.52_out,-3.1,16.379,15.889
264_uff_e=17.52_out,-3.1,19.74,19.095
264_uff_e=17.52_out,-3.1,21.245,20.608
323_uff_e=92.26_out,-5.6,0.0,0.0
323_uff_e=92.26_out,-5.6,2.145,1.25
323_uff_e=92.26_out,-5.4,19.309,18.651
323_uff_e=92.26_out,-5.4,19.222,18.744
323_uff_e=92.26_out,-5.3,4.148,2.276
323_uff_e=92.26_out,-5.3,3.081,2.311
323_uff_e=92.26_out,-5.1,2.103,1.586
323_uff_e=92.26_out,-5.0,2.976,1.502
323_uff_e=92.26_out,-5.0,22.707,21.139
325_uff_e=87.15_out,-5.2,0.0,0.0
325_uff_e=87.15_out,-5.1,1.912,0.697
325_uff_e=87.15_out,-5.0,3.647,2.454
325_uff_e=87.15_out,-5.0,4.735,2.579
325_uff_e=87.15_out,-5.0,3.725,2.357
325_uff_e=87.15_out,-4.8,22.197,21.14
325_uff_e=87.15_out,-4.8,22.126,21.16
325_uff_e=87.15_out,-4.8,4.885,3.21
325_uff_e=87.15_out,-4.7,5.376,3.26
326_uff_e=71.07_out,-5.3,0.0,0.0
326_uff_e=71.07_out,-5.2,1.468,0.141
326_uff_e=71.07_out,-4.9,2.802,1.857
326_uff_e=71.07_out,-4.7,4.818,3.301
326_uff_e=71.07_out,-4.7,22.144,21.064
326_uff_e=71.07_out,-4.7,22.096,21.064
326_uff_e=71.07_out,-4.7,3.873,2.512
326_uff_e=71.07_out,-4.6,4.717,2.885
326_uff_e=71.07_out,-4.6,4.559,2.852
370_uff_e=77.54_out,-5.5,0.0,0.0
370_uff_e=77.54_out,-5.5,2.405,0.203
370_uff_e=77.54_out,-5.1,12.091,10.327
370_uff_e=77.54_out,-5.1,11.986,10.265
370_uff_e=77.54_out,-5.1,12.361,10.748
370_uff_e=77.54_out,-5.0,12.444,10.84
370_uff_e=77.54_out,-5.0,3.425,1.733
370_uff_e=77.54_out,-4.9,12.814,10.842
370_uff_e=77.54_out,-4.8,4.698,1.236
379_uff_e=30.37_out,-4.3,0.0,0.0
379_uff_e=30.37_out,-3.9,5.318,4.158
379_uff_e=30.37_out,-3.9,20.876,19.285
379_uff_e=30.37_out,-3.9,10.626,9.25
379_uff_e=30.37_out,-3.9,2.047,1.267
379_uff_e=30.37_out,-3.9,21.068,19.668
379_uff_e=30.37_out,-3.8,21.239,19.864
379_uff_e=30.37_out,-3.8,3.548,2.807
379_uff_e=30.37_out,-3.8,22.503,21.611
412_uff_e=265.80_out,-4.8,0.0,0.0
412_uff_e=265.80_out,-4.6,4.566,1.151
412_uff_e=265.80_out,-4.4,4.626,2.991
412_uff_e=265.80_out,-4.4,2.817,2.211
412_uff_e=265.80_out,-4.4,19.832,18.805
412_uff_e=265.80_out,-4.3,21.486,20.008
412_uff_e=265.80_out,-4.3,10.906,9.681
412_uff_e=265.80_out,-4.3,14.291,13.441
412_uff_e=265.80_out,-4.2,3.44,2.43
502_uff_e=72.75_out,-3.9,0.0,0.0
502_uff_e=72.75_out,-3.7,21.97,21.017
502_uff_e=72.75_out,-3.7,15.208,14.206
502_uff_e=72.75_out,-3.6,2.743,2.003
502_uff_e=72.75_out,-3.6,22.454,21.977
502_uff_e=72.75_out,-3.6,4.52,1.945
502_uff_e=72.75_out,-3.6,2.157,1.695
502_uff_e=72.75_out,-3.6,22.132,21.792
502_uff_e=72.75_out,-3.5,3.793,2.036
681_uff_e=104.84_out,-4.7,0.0,0.0
681_uff_e=104.84_out,-4.6,2.463,1.526
681_uff_e=104.84_out,-4.6,3.111,2.25
681_uff_e=104.84_out,-4.6,11.293,9.567
681_uff_e=104.84_out,-4.6,12.646,11.181
681_uff_e=104.84_out,-4.6,19.293,18.887
681_uff_e=104.84_out,-4.5,11.484,9.99
681_uff_e=104.84_out,-4.4,19.908,19.326
681_uff_e=104.84_out,-4.4,19.732,19.218
802_uff_e=244.64_out,-5.5,0.0,0.0
802_uff_e=244.64_out,-5.3,4.564,3.663
802_uff_e=244.64_out,-5.2,3.692,2.863
802_uff_e=244.64_out,-5.1,20.288,19.389
802_uff_e=244.64_out,-5.0,13.253,11.98
802_uff_e=244.64_out,-5.0,22.409,21.392
802_uff_e=244.64_out,-5.0,5.39,4.12
802_uff_e=244.64_out,-5.0,2.357,1.66
802_uff_e=244.64_out,-5.0,15.549,14.052
896_uff_e=272.17_out,-5.3,0.0,0.0
896_uff_e=272.17_out,-5.3,20.651,19.411
896_uff_e=272.17_out,-5.3,2.789,2.064
896_uff_e=272.17_out,-5.2,20.115,19.286
896_uff_e=272.17_out,-5.1,23.363,21.6
896_uff_e=272.17_out,-5.1,23.78,22.122
896_uff_e=272.17_out,-5.0,23.324,20.976
896_uff_e=272.17_out,-5.0,23.044,21.6
896_uff_e=272.17_out,-4.9,23.758,22.588
936_uff_e=73.71_out,-4.6,0.0,0.0
936_uff_e=73.71_out,-4.5,13.76,12.879
936_uff_e=73.71_out,-4.5,18.899,18.712
936_uff_e=73.71_out,-4.3,13.474,12.808
936_uff_e=73.71_out,-4.3,19.07,18.909
936_uff_e=73.71_out,-4.2,13.209,13.018
936_uff_e=73.71_out,-4.1,1.958,1.237
936_uff_e=73.71_out,-4.1,13.6,12.745
936_uff_e=73.71_out,-4.1,11.798,10.795
938_uff_e=58.97_out,-4.9,0.0,0.0
938_uff_e=58.97_out,-4.6,3.613,2.677
938_uff_e=58.97_out,-4.4,11.524,10.594
938_uff_e=58.97_out,-4.4,12.494,11.641
938_uff_e=58.97_out,-4.2,12.272,11.515
938_uff_e=58.97_out,-4.2,3.435,2.486
938_uff_e=58.97_out,-4.2,18.97,18.727
938_uff_e=58.97_out,-4.0,19.203,18.76
938_uff_e=58.97_out,-4.0,22.11,21.416
985_uff_e=59.56_out,-4.2,0.0,0.0
985_uff_e=59.56_out,-4.1,23.421,21.832
985_uff_e=59.56_out,-4.1,23.542,22.08
985_uff_e=59.56_out,-4.1,5.001,2.259
985_uff_e=59.56_out,-4.0,2.811,1.574
985_uff_e=59.56_out,-4.0,3.922,1.445
985_uff_e=59.56_out,-4.0,23.364,21.827
985_uff_e=59.56_out,-3.9,2.276,1.325
985_uff_e=59.56_out,-3.9,24.651,23.268
1018_uff_e=55.44_out,-4.8,0.0,0.0
1018_uff_e=55.44_out,-4.7,3.896,2.776
1018_uff_e=55.44_out,-4.5,1.62,0.964
1018_uff_e=55.44_out,-4.4,12.252,11.536
1018_uff_e=55.44_out,-4.3,18.891,18.036
1018_uff_e=55.44_out,-4.3,11.371,10.649
1018_uff_e=55.44_out,-4.2,19.287,18.806
1018_uff_e=55.44_out,-4.1,18.885,18.547
1018_uff_e=55.44_out,-4.1,12.058,11.348
1057_uff_e=62.88_out,-4.5,0.0,0.0
1057_uff_e=62.88_out,-4.5,2.774,0.01
1057_uff_e=62.88_out,-4.3,18.709,17.899
1057_uff_e=62.88_out,-4.3,18.838,17.899
1057_uff_e=62.88_out,-4.3,1.93,1.168
1057_uff_e=62.88_out,-4.3,13.509,13.11
1057_uff_e=62.88_out,-4.3,13.589,13.107
1057_uff_e=62.88_out,-4.3,10.982,9.954
1057_uff_e=62.88_out,-4.3,11.605,10.608
1136_uff_e=202.30_out,-4.2,0.0,0.0
1136_uff_e=202.30_out,-4.0,10.776,9.723
1136_uff_e=202.30_out,-3.9,3.1,2.14
1136_uff_e=202.30_out,-3.9,2.157,1.267
1136_uff_e=202.30_out,-3.9,4.605,3.28
1136_uff_e=202.30_out,-3.8,2.457,1.825
1136_uff_e=202.30_out,-3.8,3.325,2.538
1136_uff_e=202.30_out,-3.8,10.518,9.718
1136_uff_e=202.30_out,-3.8,3.492,2.791
1137_uff_e=541.47_out,-4.7,0.0,0.0
1137_uff_e=541.47_out,-4.4,10.192,9.304
1137_uff_e=541.47_out,-4.4,2.404,1.403
1137_uff_e=541.47_out,-4.4,22.051,21.35
1137_uff_e=541.47_out,-4.3,5.681,4.735
1137_uff_e=541.47_out,-4.3,2.261,1.596
1137_uff_e=541.47_out,-4.2,16.105,15.572
1137_uff_e=541.47_out,-4.2,4.459,3.575
1137_uff_e=541.47_out,-4.2,22.174,21.237
1150_uff_e=251.94_out,-5.3,0.0,0.0
1150_uff_e=251.94_out,-5.0,2.255,1.903
1150_uff_e=251.94_out,-4.9,2.642,1.798
1150_uff_e=251.94_out,-4.6,4.455,1.861
1150_uff_e=251.94_out,-4.6,5.531,1.755
1150_uff_e=251.94_out,-4.6,22.489,21.01
1150_uff_e=251.94_out,-4.6,14.106,12.74
1150_uff_e=251.94_out,-4.6,12.531,11.4
1150_uff_e=251.94_out,-4.6,19.883,18.845
1188_uff_e=226.96_out,-5.0,0.0,0.0
1188_uff_e=226.96_out,-5.0,3.039,2.277
1188_uff_e=226.96_out,-5.0,3.327,1.661
1188_uff_e=226.96_out,-4.9,3.148,1.757
1188_uff_e=226.96_out,-4.9,3.535,2.398
1188_uff_e=226.96_out,-4.9,3.408,2.236
1188_uff_e=226.96_out,-4.8,4.195,2.308
1188_uff_e=226.96_out,-4.8,3.016,1.938
1188_uff_e=226.96_out,-4.7,13.833,13.525
1256_uff_e=114.10_out,-5.6,0.0,0.0
1256_uff_e=114.10_out,-5.3,4.311,2.662
1256_uff_e=114.10_out,-5.2,5.342,3.297
1256_uff_e=114.10_out,-5.1,4.347,2.728
1256_uff_e=114.10_out,-5.1,2.107,1.611
1256_uff_e=114.10_out,-5.1,21.93,20.683
1256_uff_e=114.10_out,-5.0,21.132,20.686
1256_uff_e=114.10_out,-5.0,5.764,4.018
1256_uff_e=114.10_out,-5.0,22.027,20.782
1832_uff_e=307.95_out,-5.2,0.0,0.0
1832_uff_e=307.95_out,-5.1,20.242,19.143
1832_uff_e=307.95_out,-4.8,3.262,2.158
1832_uff_e=307.95_out,-4.8,4.75,2.557
1832_uff_e=307.95_out,-4.8,23.599,22.365
1832_uff_e=307.95_out,-4.7,4.593,2.099
1832_uff_e=307.95_out,-4.7,22.581,20.803
1832_uff_e=307.95_out,-4.7,10.047,7.001
1832_uff_e=307.95_out,-4.6,11.547,9.236
1890_uff_e=204.69_out,-7.0,0.0,0.0
1890_uff_e=204.69_out,-6.6,5.168,3.846
1890_uff_e=204.69_out,-6.6,6.327,3.778
1890_uff_e=204.69_out,-6.4,24.437,23.05
1890_uff_e=204.69_out,-6.4,5.205,4.009
1890_uff_e=204.69_out,-6.3,23.412,22.286
1890_uff_e=204.69_out,-6.2,23.379,22.43
1890_uff_e=204.69_out,-6.2,23.548,21.73
1890_uff_e=204.69_out,-6.1,2.606,1.843
2153_uff_e=262.55_out,-5.3,0.0,0.0
2153_uff_e=262.55_out,-5.1,3.332,1.307
2153_uff_e=262.55_out,-4.8,3.421,2.122
2153_uff_e=262.55_out,-4.7,3.16,1.512
2153_uff_e=262.55_out,-4.6,2.983,1.721
2153_uff_e=262.55_out,-4.6,3.152,1.201
2153_uff_e=262.55_out,-4.6,2.949,1.306
2153_uff_e=262.55_out,-4.6,13.005,12.478
2153_uff_e=262.55_out,-4.6,3.309,1.935
2181_uff_e=107.04_out,-5.2,0.0,0.0
2181_uff_e=107.04_out,-5.0,2.229,1.5
2181_uff_e=107.04_out,-5.0,5.023,0.949
2181_uff_e=107.04_out,-4.9,5.107,1.769
2181_uff_e=107.04_out,-4.8,2.004,1.547
2181_uff_e=107.04_out,-4.8,23.647,22.502
2181_uff_e=107.04_out,-4.8,3.81,2.547
2181_uff_e=107.04_out,-4.7,4.897,1.099
2181_uff_e=107.04_out,-4.7,4.854,2.574
2230_uff_e=126.48_out,-4.4,0.0,0.0
2230_uff_e=126.48_out,-4.3,2.449,1.948
2230_uff_e=126.48_out,-4.0,11.465,10.974
2230_uff_e=126.48_out,-4.0,4.275,2.846
2230_uff_e=126.48_out,-4.0,11.2,10.566
2230_uff_e=126.48_out,-4.0,10.821,10.215
2230_uff_e=126.48_out,-4.0,3.913,2.758
2230_uff_e=126.48_out,-4.0,2.356,1.565
2230_uff_e=126.48_out,-3.9,11.359,10.666
2236_uff_e=741.61_out,-6.8,0.0,0.0
2236_uff_e=741.61_out,-6.6,23.501,22.322
2236_uff_e=741.61_out,-6.4,13.293,10.327
2236_uff_e=741.61_out,-6.2,20.021,18.127
2236_uff_e=741.61_out,-6.1,13.263,11.33
2236_uff_e=741.61_out,-6.1,23.345,22.361
2236_uff_e=741.61_out,-6.0,6.382,2.109
2236_uff_e=741.61_out,-6.0,24.867,23.524
2236_uff_e=741.61_out,-5.9,23.499,22.44
2353_uff_e=535.63_out,-7.3,0.0,0.0
2353_uff_e=535.63_out,-7.3,7.893,1.388
2353_uff_e=535.63_out,-7.0,19.823,17.126
2353_uff_e=535.63_out,-6.5,3.671,1.823
2353_uff_e=535.63_out,-6.5,8.678,3.074
2353_uff_e=535.63_out,-6.3,21.799,18.461
2353_uff_e=535.63_out,-6.3,23.529,22.091
2353_uff_e=535.63_out,-6.3,28.336,27.405
2353_uff_e=535.63_out,-6.3,24.949,23.118
2355_uff_e=340.72_out,-6.6,0.0,0.0
2355_uff_e=340.72_out,-5.7,5.094,1.555
2355_uff_e=340.72_out,-5.7,20.105,18.993
2355_uff_e=340.72_out,-5.7,22.333,21.152
2355_uff_e=340.72_out,-5.5,23.669,22.271
2355_uff_e=340.72_out,-5.3,4.47,1.893
2355_uff_e=340.72_out,-5.3,24.144,22.169
2355_uff_e=340.72_out,-5.2,4.622,1.826
2355_uff_e=340.72_out,-5.2,3.848,1.677
2519_uff_e=273.34_out,-5.2,0.0,0.0
2519_uff_e=273.34_out,-5.1,10.926,9.49
2519_uff_e=273.34_out,-4.6,12.176,10.268
2519_uff_e=273.34_out,-4.6,13.302,11.809
2519_uff_e=273.34_out,-4.6,18.899,17.161
2519_uff_e=273.34_out,-4.6,20.269,18.136
2519_uff_e=273.34_out,-4.6,13.398,11.589
2519_uff_e=273.34_out,-4.5,19.078,17.855
2519_uff_e=273.34_out,-4.5,18.467,17.287
2537_uff_e=393.94_out,-4.5,0.0,0.0
2537_uff_e=393.94_out,-4.5,11.455,10.038
2537_uff_e=393.94_out,-4.5,2.904,1.375
2537_uff_e=393.94_out,-4.4,2.249,1.222
2537_uff_e=393.94_out,-4.4,12.045,10.742
2537_uff_e=393.94_out,-4.4,2.989,1.788
2537_uff_e=393.94_out,-4.3,11.525,10.158
2537_uff_e=393.94_out,-4.3,2.527,1.311
2537_uff_e=393.94_out,-4.3,21.019,19.751
2543_uff_e=273.71_out,-7.0,0.0,0.0
2543_uff_e=273.71_out,-6.8,25.56,22.219
2543_uff_e=273.71_out,-6.8,25.569,22.213
2543_uff_e=273.71_out,-6.5,24.26,21.874
2543_uff_e=273.71_out,-6.5,3.344,1.119
2543_uff_e=273.71_out,-6.4,20.445,16.004
2543_uff_e=273.71_out,-6.4,20.739,15.852
2543_uff_e=273.71_out,-6.4,6.825,4.173
2543_uff_e=273.71_out,-6.4,5.562,3.34
2703_uff_e=638.49_out,-6.7,0.0,0.0
2703_uff_e=638.49_out,-6.6,14.456,13.005
2703_uff_e=638.49_out,-6.6,7.629,1.125
2703_uff_e=638.49_out,-6.4,12.83,10.565
2703_uff_e=638.49_out,-6.4,13.328,10.943
2703_uff_e=638.49_out,-6.4,12.129,11.55
2703_uff_e=638.49_out,-6.2,26.823,24.911
2703_uff_e=638.49_out,-6.2,30.493,27.801
2703_uff_e=638.49_out,-6.2,14.286,12.292
2758_uff_e=345.66_out,-4.7,0.0,0.0
2758_uff_e=345.66_out,-4.6,2.963,1.352
2758_uff_e=345.66_out,-4.5,10.959,9.74
2758_uff_e=345.66_out,-4.5,3.402,1.099
2758_uff_e=345.66_out,-4.4,11.489,10.312
2758_uff_e=345.66_out,-4.4,22.754,21.304
2758_uff_e=345.66_out,-4.4,3.103,1.389
2758_uff_e=345.66_out,-4.4,2.856,1.151
2758_uff_e=345.66_out,-4.4,2.081,1.353
2832_uff_e=755.50_out,-6.0,0.0,0.0
2832_uff_e=755.50_out,-5.9,6.799,1.942
2832_uff_e=755.50_out,-5.6,25.18,23.489
2832_uff_e=755.50_out,-5.5,23.332,20.999
2832_uff_e=755.50_out,-5.3,2.571,1.763
2832_uff_e=755.50_out,-5.3,27.553,25.385
2832_uff_e=755.50_out,-5.3,25.469,23.719
2832_uff_e=755.50_out,-5.3,28.179,25.567
2832_uff_e=755.50_out,-5.3,21.217,18.342
2950_uff_e=182.14_out,-7.2,0.0,0.0
2950_uff_e=182.14_out,-7.1,4.759,0.105
2950_uff_e=182.14_out,-6.4,3.158,1.058
2950_uff_e=182.14_out,-6.3,21.111,19.488
2950_uff_e=182.14_out,-6.2,20.597,19.506
2950_uff_e=182.14_out,-6.1,4.8,1.507
2950_uff_e=182.14_out,-6.1,4.43,2.52
2950_uff_e=182.14_out,-6.0,4.536,2.106
2950_uff_e=182.14_out,-6.0,5.686,1.138
2969_uff_e=38.52_out,-4.4,0.0,0.0
2969_uff_e=38.52_out,-4.4,20.528,19.118
2969_uff_e=38.52_out,-4.4,16.064,13.473
2969_uff_e=38.52_out,-4.2,21.561,19.734
2969_uff_e=38.52_out,-4.2,17.684,16.638
2969_uff_e=38.52_out,-4.1,22.164,21.133
2969_uff_e=38.52_out,-4.1,6.101,4.173
2969_uff_e=38.52_out,-4.1,21.655,19.992
2969_uff_e=38.52_out,-4.1,21.666,19.635
3213_uff_e=383.43_out,-6.5,0.0,0.0
3213_uff_e=383.43_out,-6.5,9.417,8.283
3213_uff_e=383.43_out,-6.5,10.642,9.546
3213_uff_e=383.43_out,-6.5,11.543,8.725
3213_uff_e=383.43_out,-6.5,10.025,7.672
3213_uff_e=383.43_out,-6.5,23.353,20.71
3213_uff_e=383.43_out,-6.4,9.504,8.149
3213_uff_e=383.43_out,-6.3,5.343,1.712
3213_uff_e=383.43_out,-6.3,22.844,20.149
3220_uff_e=214.07_out,-6.9,0.0,0.0
3220_uff_e=214.07_out,-6.8,6.373,1.6
3220_uff_e=214.07_out,-6.8,5.518,1.289
3220_uff_e=214.07_out,-6.6,6.232,2.508
3220_uff_e=214.07_out,-6.5,3.285,1.078
3220_uff_e=214.07_out,-6.4,1.728,1.429
3220_uff_e=214.07_out,-6.3,14.628,12.696
3220_uff_e=214.07_out,-6.2,13.317,10.886
3220_uff_e=214.07_out,-6.1,5.383,2.541
3314_uff_e=170.50_out,-5.0,0.0,0.0
3314_uff_e=170.50_out,-4.9,4.78,3.282
3314_uff_e=170.50_out,-4.9,21.806,20.999
3314_uff_e=170.50_out,-4.8,5.079,3.22
3314_uff_e=170.50_out,-4.8,4.943,3.175
3314_uff_e=170.50_out,-4.8,2.576,1.152
3314_uff_e=170.50_out,-4.5,4.327,2.298
3314_uff_e=170.50_out,-4.5,22.59,21.858
3314_uff_e=170.50_out,-4.5,22.442,21.478
3442_uff_e=92.60_out,-5.3,0.0,0.0
3442_uff_e=92.60_out,-4.9,22.659,21.908
3442_uff_e=92.60_out,-4.8,14.705,13.667
3442_uff_e=92.60_out,-4.8,5.443,3.901
3442_uff_e=92.60_out,-4.7,2.267,1.238
3442_uff_e=92.60_out,-4.7,23.319,22.558
3442_uff_e=92.60_out,-4.7,21.33,20.6
3442_uff_e=92.60_out,-4.7,21.969,21.039
3442_uff_e=92.60_out,-4.7,23.425,22.381
3503_uff_e=895.61_out,-7.3,0.0,0.0
3503_uff_e=895.61_out,-7.2,25.191,21.821
3503_uff_e=895.61_out,-7.1,24.186,21.837
3503_uff_e=895.61_out,-7.1,8.929,1.796
3503_uff_e=895.61_out,-7.0,25.486,21.975
3503_uff_e=895.61_out,-7.0,24.024,22.029
3503_uff_e=895.61_out,-6.6,27.3,24.405
3503_uff_e=895.61_out,-6.6,10.355,6.41
3503_uff_e=895.61_out,-6.6,12.721,6.46
3515_uff_e=293.98_out,-6.7,0.0,0.0
3515_uff_e=293.98_out,-6.4,3.247,0.937
3515_uff_e=293.98_out,-6.3,3.899,1.362
3515_uff_e=293.98_out,-6.3,4.027,1.4
3515_uff_e=293.98_out,-6.1,5.158,1.755
3515_uff_e=293.98_out,-5.9,5.062,2.234
3515_uff_e=293.98_out,-5.9,5.379,1.545
3515_uff_e=293.98_out,-5.9,23.995,21.127
3515_uff_e=293.98_out,-5.9,23.128,21.39
3532_uff_e=98.94_out,-4.7,0.0,0.0
3532_uff_e=98.94_out,-4.5,11.296,10.547
3532_uff_e=98.94_out,-4.2,11.985,11.005
3532_uff_e=98.94_out,-4.2,3.529,2.547
3532_uff_e=98.94_out,-4.1,12.312,11.488
3532_uff_e=98.94_out,-4.1,19.161,18.703
3532_uff_e=98.94_out,-4.1,3.26,2.462
3532_uff_e=98.94_out,-4.1,12.079,10.91
3532_uff_e=98.94_out,-4.1,12.171,11.456
3564_uff_e=338.24_out,-5.8,0.0,0.0
3564_uff_e=338.24_out,-5.5,24.084,22.629
3564_uff_e=338.24_out,-5.5,24.352,22.574
3564_uff_e=338.24_out,-5.4,24.226,22.319
3564_uff_e=338.24_out,-5.4,16.746,14.392
3564_uff_e=338.24_out,-5.4,5.3,2.973
3564_uff_e=338.24_out,-5.4,2.442,1.279
3564_uff_e=338.24_out,-5.4,10.017,8.679
3564_uff_e=338.24_out,-5.3,13.973,12.356
3611_uff_e=178.61_out,-5.3,0.0,0.0
3611_uff_e=178.61_out,-5.3,22.814,21.816
3611_uff_e=178.61_out,-5.2,4.596,2.942
3611_uff_e=178.61_out,-5.2,4.396,2.986
3611_uff_e=178.61_out,-5.0,4.696,3.123
3611_uff_e=178.61_out,-5.0,5.054,3.409
3611_uff_e=178.61_out,-4.9,13.286,12.125
3611_uff_e=178.61_out,-4.9,21.062,19.835
3611_uff_e=178.61_out,-4.8,4.989,2.971
3663_uff_e=951.34_out,-8.5,0.0,0.0
3663_uff_e=951.34_out,-8.5,5.732,0.144
3663_uff_e=951.34_out,-8.4,5.762,1.494
3663_uff_e=951.34_out,-8.4,5.947,1.716
3663_uff_e=951.34_out,-8.4,4.011,1.653
3663_uff_e=951.34_out,-8.4,6.624,1.495
3663_uff_e=951.34_out,-7.8,26.714,22.058
3663_uff_e=951.34_out,-7.8,23.53,21.402
3663_uff_e=951.34_out,-7.8,25.745,20.975
3764_uff_e=335.99_out,-6.8,0.0,0.0
3764_uff_e=335.99_out,-6.7,2.391,1.387
3764_uff_e=335.99_out,-6.7,7.132,4.888
3764_uff_e=335.99_out,-6.4,24.323,23.264
3764_uff_e=335.99_out,-6.3,23.519,22.426
3764_uff_e=335.99_out,-6.2,7.241,4.966
3764_uff_e=335.99_out,-6.2,26.978,22.793
3764_uff_e=335.99_out,-6.2,23.762,22.394
3764_uff_e=335.99_out,-6.2,24.533,22.988
3806_uff_e=93.00_out,-6.1,0.0,0.0
3806_uff_e=93.00_out,-5.7,3.215,0.915
3806_uff_e=93.00_out,-5.4,1.281,0.935
3806_uff_e=93.00_out,-5.4,19.406,18.785
3806_uff_e=93.00_out,-5.4,3.27,0.737
3806_uff_e=93.00_out,-5.3,19.987,19.06
3806_uff_e=93.00_out,-5.3,3.107,1.7
3806_uff_e=93.00_out,-5.3,19.778,18.928
3806_uff_e=93.00_out,-5.2,12.892,11.852
3828_uff_e=402.42_out,-5.8,0.0,0.0
3828_uff_e=402.42_out,-5.6,12.449,11.204
3828_uff_e=402.42_out,-5.3,20.372,17.771
3828_uff_e=402.42_out,-5.3,11.193,10.254
3828_uff_e=402.42_out,-5.2,24.556,22.041
3828_uff_e=402.42_out,-5.2,19.396,16.175
3828_uff_e=402.42_out,-5.2,19.099,16.811
3828_uff_e=402.42_out,-5.2,19.645,17.343
3828_uff_e=402.42_out,-5.1,13.392,10.027
3884_uff_e=168.41_out,-6.6,0.0,0.0
3884_uff_e=168.41_out,-6.1,3.421,1.727
3884_uff_e=168.41_out,-6.1,2.735,1.098
3884_uff_e=168.41_out,-6.0,22.549,20.325
3884_uff_e=168.41_out,-5.8,2.372,1.487
3884_uff_e=168.41_out,-5.8,23.247,22.075
3884_uff_e=168.41_out,-5.7,23.165,21.473
3884_uff_e=168.41_out,-5.6,4.758,3.294
3884_uff_e=168.41_out,-5.6,24.493,22.981
3893_uff_e=44.09_out,-4.2,0.0,0.0
3893_uff_e=44.09_out,-4.1,22.293,20.374
3893_uff_e=44.09_out,-4.0,22.073,20.377
3893_uff_e=44.09_out,-4.0,23.546,22.08
3893_uff_e=44.09_out,-4.0,3.444,1.799
3893_uff_e=44.09_out,-4.0,5.216,2.706
3893_uff_e=44.09_out,-3.9,6.248,4.69
3893_uff_e=44.09_out,-3.9,5.571,3.478
3893_uff_e=44.09_out,-3.9,21.534,18.629
4076_uff_e=251.14_out,-4.3,0.0,0.0
4076_uff_e=251.14_out,-4.3,23.615,22.278
4076_uff_e=251.14_out,-4.3,3.204,2.349
4076_uff_e=251.14_out,-4.3,12.109,10.795
4076_uff_e=251.14_out,-4.2,11.809,10.767
4076_uff_e=251.14_out,-4.2,3.332,2.456
4076_uff_e=251.14_out,-4.2,3.285,0.823
4076_uff_e=251.14_out,-4.2,11.942,11.169
4076_uff_e=251.14_out,-4.2,20.025,19.409
4114_uff_e=300.89_out,-5.9,0.0,0.0
4114_uff_e=300.89_out,-5.7,3.351,1.855
4114_uff_e=300.89_out,-5.7,4.363,1.928
4114_uff_e=300.89_out,-5.6,20.118,19.612
4114_uff_e=300.89_out,-5.5,10.608,10.184
4114_uff_e=300.89_out,-5.5,23.123,22.307
4114_uff_e=300.89_out,-5.5,24.53,22.471
4114_uff_e=300.89_out,-5.4,23.508,22.2
4114_uff_e=300.89_out,-5.3,11.663,9.76
4276_uff_e=284.96_out,-5.1,0.0,0.0
4276_uff_e=284.96_out,-5.0,22.618,21.304
4276_uff_e=284.96_out,-4.9,23.75,22.421
4276_uff_e=284.96_out,-4.8,21.868,20.363
4276_uff_e=284.96_out,-4.8,18.866,17.197
4276_uff_e=284.96_out,-4.7,16.338,14.158
4276_uff_e=284.96_out,-4.7,23.152,21.509
4276_uff_e=284.96_out,-4.7,23.609,22.334
4276_uff_e=284.96_out,-4.7,23.275,22.128
4501_uff_e=629.53_out,-6.9,0.0,0.0
4501_uff_e=629.53_out,-6.8,5.001,2.722
4501_uff_e=629.53_out,-6.7,20.204,17.294
4501_uff_e=629.53_out,-6.7,20.506,18.019
4501_uff_e=629.53_out,-6.6,12.5,10.092
4501_uff_e=629.53_out,-6.5,21.97,19.778
4501_uff_e=629.53_out,-6.5,21.714,18.331
4501_uff_e=629.53_out,-6.5,8.621,2.642
4501_uff_e=629.53_out,-6.4,12.287,9.735
4534_uff_e=237.32_out,-6.3,0.0,0.0
4534_uff_e=237.32_out,-6.3,25.179,22.89
4534_uff_e=237.32_out,-6.3,25.071,22.916
4534_uff_e=237.32_out,-6.2,6.514,2.205
4534_uff_e=237.32_out,-6.2,25.829,23.591
4534_uff_e=237.32_out,-6.2,25.899,23.595
4534_uff_e=237.32_out,-6.1,5.128,1.41
4534_uff_e=237.32_out,-5.9,23.162,20.143
4534_uff_e=237.32_out,-5.9,21.313,18.67
4680_uff_e=461.62_out,-6.1,0.0,0.0
4680_uff_e=461.62_out,-6.0,7.855,2.453
4680_uff_e=461.62_out,-6.0,20.67,17.827
4680_uff_e=461.62_out,-5.9,8.078,3.815
4680_uff_e=461.62_out,-5.9,20.936,18.095
4680_uff_e=461.62_out,-5.7,21.525,19.302
4680_uff_e=461.62_out,-5.7,3.801,3.008
4680_uff_e=461.62_out,-5.7,19.093,15.214
4680_uff_e=461.62_out,-5.6,24.182,22.189
4687_uff_e=259.38_out,-5.2,0.0,0.0
4687_uff_e=259.38_out,-5.1,14.133,13.601
4687_uff_e=259.38_out,-5.1,3.52,2.448
4687_uff_e=259.38_out,-4.9,3.748,1.464
4687_uff_e=259.38_out,-4.9,2.102,1.778
4687_uff_e=259.38_out,-4.8,2.992,2.335
4687_uff_e=259.38_out,-4.8,4.064,2.321
4687_uff_e=259.38_out,-4.8,2.692,2.068
4687_uff_e=259.38_out,-4.7,21.117,19.311
4788_uff_e=340.81_out,-5.9,0.0,0.0
4788_uff_e=340.81_out,-5.8,2.16,0.081
4788_uff_e=340.81_out,-5.8,23.454,21.766
4788_uff_e=340.81_out,-5.8,6.402,3.393
4788_uff_e=340.81_out,-5.8,23.029,21.415
4788_uff_e=340.81_out,-5.7,22.268,20.842
4788_uff_e=340.81_out,-5.7,2.981,1.505
4788_uff_e=340.81_out,-5.7,21.267,18.79
4788_uff_e=340.81_out,-5.7,23.307,21.398
4825_uff_e=375.35_out,-5.7,0.0,0.0
4825_uff_e=375.35_out,-5.7,12.763,11.048
4825_uff_e=375.35_out,-5.7,13.687,10.862
4825_uff_e=375.35_out,-5.6,13.535,12.565
4825_uff_e=375.35_out,-5.5,22.016,19.314
4825_uff_e=375.35_out,-5.4,14.234,11.615
4825_uff_e=375.35_out,-5.2,13.017,10.683
4825_uff_e=375.35_out,-5.2,14.992,13.845
4825_uff_e=375.35_out,-5.2,13.08,10.702
4871_uff_e=473.78_out,-7.2,0.0,0.0
4871_uff_e=473.78_out,-7.1,19.3,14.639
4871_uff_e=473.78_out,-7.0,24.651,22.773
4871_uff_e=473.78_out,-6.9,9.267,5.322
4871_uff_e=473.78_out,-6.9,14.566,9.303
4871_uff_e=473.78_out,-6.8,31.192,25.707
4871_uff_e=473.78_out,-6.7,29.985,25.2
4871_uff_e=473.78_out,-6.6,15.611,11.969
4871_uff_e=473.78_out,-6.6,26.314,23.502
4970_uff_e=627.10_out,-7.4,0.0,0.0
4970_uff_e=627.10_out,-7.2,5.628,3.355
4970_uff_e=627.10_out,-7.0,5.263,3.835
4970_uff_e=627.10_out,-7.0,26.618,24.289
4970_uff_e=627.10_out,-7.0,6.628,2.644
4970_uff_e=627.10_out,-6.9,8.411,2.8
4970_uff_e=627.10_out,-6.9,3.8,2.156
4970_uff_e=627.10_out,-6.6,26.811,24.574
4970_uff_e=627.10_out,-6.6,36.14,32.187
5154_uff_e=576.56_out,-7.4,0.0,0.0
5154_uff_e=576.56_out,-7.2,7.365,1.045
5154_uff_e=576.56_out,-7.1,1.988,1.222
5154_uff_e=576.56_out,-7.1,13.456,11.481
5154_uff_e=576.56_out,-7.1,11.22,10.836
5154_uff_e=576.56_out,-7.0,22.661,20.582
5154_uff_e=576.56_out,-7.0,11.922,11.664
5154_uff_e=576.56_out,-7.0,22.548,20.261
5154_uff_e=576.56_out,-6.9,13.83,12.33
5202_uff_e=255.41_out,-5.2,0.0,0.0
5202_uff_e=255.41_out,-5.2,3.221,2.019
5202_uff_e=255.41_out,-5.0,19.672,18.947
5202_uff_e=255.41_out,-4.7,19.945,19.119
5202_uff_e=255.41_out,-4.7,2.598,2.431
5202_uff_e=255.41_out,-4.7,13.157,11.509
5202_uff_e=255.41_out,-4.7,4.948,3.246
5202_uff_e=255.41_out,-4.6,20.675,20.067
5202_uff_e=255.41_out,-4.6,12.307,10.303
5213_uff_e=445.19_out,-7.9,0.0,0.0
5213_uff_e=445.19_out,-7.7,9.435,2.367
5213_uff_e=445.19_out,-7.7,2.866,2.41
5213_uff_e=445.19_out,-7.4,5.391,3.373
5213_uff_e=445.19_out,-7.3,9.755,2.869
5213_uff_e=445.19_out,-7.3,5.031,3.226
5213_uff_e=445.19_out,-7.3,9.537,3.136
5213_uff_e=445.19_out,-7.2,21.788,19.74
5213_uff_e=445.19_out,-7.2,22.762,21.509
5429_uff_e=252.52_out,-5.0,0.0,0.0
5429_uff_e=252.52_out,-5.0,18.461,17.338
5429_uff_e=252.52_out,-4.9,18.318,17.343
5429_uff_e=252.52_out,-4.8,3.62,0.944
5429_uff_e=252.52_out,-4.7,18.672,17.473
5429_uff_e=252.52_out,-4.6,16.609,15.192
5429_uff_e=252.52_out,-4.6,17.38,15.928
5429_uff_e=252.52_out,-4.6,18.794,17.753
5429_uff_e=252.52_out,-4.5,19.005,17.671
5570_uff_e=69.00_out,-5.2,0.0,0.0
5570_uff_e=69.00_out,-4.8,2.034,1.019
5570_uff_e=69.00_out,-4.7,3.417,2.667
5570_uff_e=69.00_out,-4.7,12.782,11.622
5570_uff_e=69.00_out,-4.6,19.287,18.873
5570_uff_e=69.00_out,-4.5,11.47,11.23
5570_uff_e=69.00_out,-4.3,3.2,2.377
5570_uff_e=69.00_out,-4.3,3.238,2.266
5570_uff_e=69.00_out,-4.3,17.796,16.996
5585_uff_e=275.06_out,-6.9,0.0,0.0
5585_uff_e=275.06_out,-6.8,4.868,2.353
5585_uff_e=275.06_out,-6.7,4.087,2.572
5585_uff_e=275.06_out,-6.0,5.934,3.024
5585_uff_e=275.06_out,-5.9,22.571,21.244
5585_uff_e=275.06_out,-5.9,5.492,3.616
5585_uff_e=275.06_out,-5.8,21.953,21.304
5585_uff_e=275.06_out,-5.8,11.959,11.777
5585_uff_e=275.06_out,-5.7,5.129,2.037
5610_uff_e=98.27_out,-4.7,0.0,0.0
5610_uff_e=98.27_out,-4.7,3.018,2.46
5610_uff_e=98.27_out,-4.6,2.994,2.343
5610_uff_e=98.27_out,-4.5,2.35,2.122
5610_uff_e=98.27_out,-4.3,19.197,18.917
5610_uff_e=98.27_out,-4.3,19.208,18.921
5610_uff_e=98.27_out,-4.3,12.683,12.052
5610_uff_e=98.27_out,-4.3,12.666,12.032
5610_uff_e=98.27_out,-4.2,22.731,21.859
5761_uff_e=571.68_out,-7.4,0.0,0.0
5761_uff_e=571.68_out,-6.2,25.736,23.014
5761_uff_e=571.68_out,-6.2,5.097,2.682
5761_uff_e=571.68_out,-6.1,24.34,22.241
5761_uff_e=571.68_out,-6.1,10.943,7.833
5761_uff_e=571.68_out,-6.0,24.04,21.523
5761_uff_e=571.68_out,-6.0,4.055,3.575
5761_uff_e=571.68_out,-6.0,7.308,4.244
5761_uff_e=571.68_out,-5.9,27.426,24.157
5770_uff_e=776.97_out,-6.9,0.0,0.0
5770_uff_e=776.97_out,-6.8,11.823,4.554
5770_uff_e=776.97_out,-6.8,26.415,22.163
5770_uff_e=776.97_out,-6.8,2.881,1.935
5770_uff_e=776.97_out,-6.8,11.742,4.537
5770_uff_e=776.97_out,-6.7,27.009,22.62
5770_uff_e=776.97_out,-6.7,27.442,23.403
5770_uff_e=776.97_out,-6.7,23.761,21.475
5770_uff_e=776.97_out,-6.7,10.226,3.331
5870_uff_e=362.98_out,-7.0,0.0,0.0
5870_uff_e=362.98_out,-7.0,23.934,22.356
5870_uff_e=362.98_out,-6.9,3.072,1.726
5870_uff_e=362.98_out,-6.8,25.588,22.437
5870_uff_e=362.98_out,-6.8,23.319,22.085
5870_uff_e=362.98_out,-6.7,4.493,2.864
5870_uff_e=362.98_out,-6.6,23.467,21.968
5870_uff_e=362.98_out,-6.6,3.764,2.29
5870_uff_e=362.98_out,-6.5,23.978,22.677
5910_uff_e=368.14_out,-4.9,0.0,0.0
5910_uff_e=368.14_out,-4.8,22.217,20.537
5910_uff_e=368.14_out,-4.7,3.09,1.853
5910_uff_e=368.14_out,-4.6,13.136,11.145
5910_uff_e=368.14_out,-4.6,10.78,9.209
5910_uff_e=368.14_out,-4.5,3.774,2.533
5910_uff_e=368.14_out,-4.5,22.604,21.413
5910_uff_e=368.14_out,-4.4,2.04,1.231
5910_uff_e=368.14_out,-4.4,12.579,10.504
5953_uff_e=531.96_out,-6.2,0.0,0.0
5953_uff_e=531.96_out,-6.2,27.093,24.12
5953_uff_e=531.96_out,-5.9,13.834,12.323
5953_uff_e=531.96_out,-5.9,24.109,22.838
5953_uff_e=531.96_out,-5.9,25.865,23.773
5953_uff_e=531.96_out,-5.8,27.463,24.419
5953_uff_e=531.96_out,-5.8,24.056,22.65
5953_uff_e=531.96_out,-5.8,4.553,2.594
5953_uff_e=531.96_out,-5.8,4.003,2.262
5983_uff_e=485.80_out,-6.3,0.0,0.0
5983_uff_e=485.80_out,-6.1,24.978,22.844
5983_uff_e=485.80_out,-5.7,2.282,1.739
5983_uff_e=485.80_out,-5.6,22.232,19.141
5983_uff_e=485.80_out,-5.6,31.825,29.047
5983_uff_e=485.80_out,-5.6,20.828,17.504
5983_uff_e=485.80_out,-5.6,3.926,2.141
5983_uff_e=485.80_out,-5.4,24.398,23.103
5983_uff_e=485.80_out,-5.4,23.854,22.26
5997_uff_e=551.25_out,-6.8,0.0,0.0
5997_uff_e=551.25_out,-6.8,23.38,21.907
5997_uff_e=551.25_out,-6.7,8.497,3.17
5997_uff_e=551.25_out,-6.7,8.259,3.692
5997_uff_e=551.25_out,-6.4,23.297,21.775
5997_uff_e=551.25_out,-6.3,8.371,3.443
5997_uff_e=551.25_out,-6.3,26.048,22.745
5997_uff_e=551.25_out,-6.3,24.334,22.931
5997_uff_e=551.25_out,-6.3,26.115,24.083
6000_uff_e=964.58_out,-8.3,0.0,0.0
6000_uff_e=964.58_out,-7.7,33.472,30.433
6000_uff_e=964.58_out,-7.3,29.412,26.012
6000_uff_e=964.58_out,-7.3,40.838,37.927
6000_uff_e=964.58_out,-7.2,32.276,30.396
6000_uff_e=964.58_out,-7.2,10.178,4.947
6000_uff_e=964.58_out,-7.2,29.701,25.301
6000_uff_e=964.58_out,-7.1,31.585,27.454
6000_uff_e=964.58_out,-7.1,25.048,20.318
6013_uff_e=476.42_out,-7.2,0.0,0.0
6013_uff_e=476.42_out,-7.0,6.599,1.049
6013_uff_e=476.42_out,-6.9,24.031,22.662
6013_uff_e=476.42_out,-6.8,4.455,2.963
6013_uff_e=476.42_out,-6.6,25.449,23.027
6013_uff_e=476.42_out,-6.6,24.214,23.142
6013_uff_e=476.42_out,-6.2,25.871,23.782
6013_uff_e=476.42_out,-6.1,3.791,2.093
6013_uff_e=476.42_out,-6.0,4.221,2.892
6070_uff_e=646.75_out,-7.9,0.0,0.0
6070_uff_e=646.75_out,-7.5,3.664,2.557
6070_uff_e=646.75_out,-7.4,23.298,19.99
6070_uff_e=646.75_out,-7.3,26.707,23.609
6070_uff_e=646.75_out,-7.3,9.407,2.423
6070_uff_e=646.75_out,-7.3,21.062,18.86
6070_uff_e=646.75_out,-7.3,37.11,34.255
6070_uff_e=646.75_out,-7.2,2.319,1.947
6070_uff_e=646.75_out,-7.2,10.522,3.593
6072_uff_e=472.67_out,-6.9,0.0,0.0
6072_uff_e=472.67_out,-6.5,23.833,20.799
6072_uff_e=472.67_out,-6.4,23.527,21.243
6072_uff_e=472.67_out,-6.4,1.94,1.579
6072_uff_e=472.67_out,-6.3,5.437,2.3
6072_uff_e=472.67_out,-6.3,7.794,3.719
6072_uff_e=472.67_out,-6.3,23.966,20.923
6072_uff_e=472.67_out,-6.2,21.212,17.011
6072_uff_e=472.67_out,-6.2,21.99,18.149
6088_uff_e=260.50_out,-5.4,0.0,0.0
6088_uff_e=260.50_out,-5.1,1.838,1.632
6088_uff_e=260.50_out,-5.1,4.733,1.739
6088_uff_e=260.50_out,-5.0,2.666,1.662
6088_uff_e=260.50_out,-5.0,2.508,1.888
6088_uff_e=260.50_out,-4.9,2.812,1.95
6088_uff_e=260.50_out,-4.7,20.095,18.911
6088_uff_e=260.50_out,-4.6,23.32,21.382
6088_uff_e=260.50_out,-4.6,24.356,22.447
6089_uff_e=293.31_out,-5.6,0.0,0.0
6089_uff_e=293.31_out,-5.4,2.276,1.662
6089_uff_e=293.31_out,-5.2,2.371,1.546
6089_uff_e=293.31_out,-5.0,4.095,3.21
6089_uff_e=293.31_out,-4.8,3.734,2.848
6089_uff_e=293.31_out,-4.7,23.189,21.085
6089_uff_e=293.31_out,-4.7,22.083,21.21
6089_uff_e=293.31_out,-4.6,20.841,19.219
6089_uff_e=293.31_out,-4.6,2.882,1.987
6128_uff_e=373.36_out,-7.2,0.0,0.0
6128_uff_e=373.36_out,-7.1,4.475,2.995
6128_uff_e=373.36_out,-6.9,24.206,22.875
6128_uff_e=373.36_out,-6.8,23.968,22.765
6128_uff_e=373.36_out,-6.8,24.073,23.109
6128_uff_e=373.36_out,-6.6,24.175,22.85
6128_uff_e=373.36_out,-6.3,25.909,22.415
6128_uff_e=373.36_out,-6.3,3.83,2.156
6128_uff_e=373.36_out,-6.2,16.125,14.249
6167_uff_e=807.40_out,-6.1,0.0,0.0
6167_uff_e=807.40_out,-6.1,26.224,23.386
6167_uff_e=807.40_out,-6.0,25.517,23.57
6167_uff_e=807.40_out,-5.9,6.943,2.286
6167_uff_e=807.40_out,-5.5,6.166,2.153
6167_uff_e=807.40_out,-5.5,27.711,24.76
6167_uff_e=807.40_out,-5.5,24.201,21.543
6167_uff_e=807.40_out,-5.3,35.088,32.827
6167_uff_e=807.40_out,-5.3,13.433,11.405
6185_uff_e=717.31_out,-6.9,0.0,0.0
6185_uff_e=717.31_out,-6.8,25.205,23.332
6185_uff_e=717.31_out,-6.7,25.225,23.094
6185_uff_e=717.31_out,-6.6,5.68,3.514
6185_uff_e=717.31_out,-6.5,2.662,1.722
6185_uff_e=717.31_out,-6.3,25.99,24.011
6185_uff_e=717.31_out,-6.3,24.819,22.934
6185_uff_e=717.31_out,-6.2,26.479,24.161
6185_uff_e=717.31_out,-6.2,26.89,24.177
6199_uff_e=250.95_out,-6.8,0.0,0.0
6199_uff_e=250.95_out,-5.8,21.414,20.519
6199_uff_e=250.95_out,-5.8,20.189,18.83
6199_uff_e=250.95_out,-5.8,2.102,1.37
6199_uff_e=250.95_out,-5.7,5.218,2.368
6199_uff_e=250.95_out,-5.6,4.388,2.75
6199_uff_e=250.95_out,-5.6,3.275,2.563
6199_uff_e=250.95_out,-5.5,23.073,22.172
6199_uff_e=250.95_out,-5.4,4.544,3.217
6293_uff_e=178.93_out,-6.8,0.0,0.0
6293_uff_e=178.93_out,-6.8,5.878,1.449
6293_uff_e=178.93_out,-6.2,3.436,1.949
6293_uff_e=178.93_out,-6.2,2.985,1.035
6293_uff_e=178.93_out,-6.1,4.099,2.096
6293_uff_e=178.93_out,-6.0,22.735,21.579
6293_uff_e=178.93_out,-6.0,24.662,23.364
6293_uff_e=178.93_out,-6.0,22.039,20.742
6293_uff_e=178.93_out,-6.0,14.655,12.58
6549_uff_e=123.41_out,-4.5,0.0,0.0
6549_uff_e=123.41_out,-4.5,3.022,2.233
6549_uff_e=123.41_out,-4.4,5.065,2.48
6549_uff_e=123.41_out,-4.3,22.465,20.816
6549_uff_e=123.41_out,-4.3,4.574,2.335
6549_uff_e=123.41_out,-4.3,23.971,22.478
6549_uff_e=123.41_out,-4.2,10.883,9.216
6549_uff_e=123.41_out,-4.2,9.895,8.457
6549_uff_e=123.41_out,-4.2,22.462,20.849
6557_uff_e=21.84_out,-3.6,0.0,0.0
6557_uff_e=21.84_out,-3.5,1.569,0.145
6557_uff_e=21.84_out,-3.5,2.541,0.78
6557_uff_e=21.84_out,-3.4,2.617,0.606
6557_uff_e=21.84_out,-3.3,2.555,0.858
6557_uff_e=21.84_out,-3.1,2.32,1.508
6557_uff_e=21.84_out,-3.1,3.356,1.428
6557_uff_e=21.84_out,-3.0,1.928,1.031
6557_uff_e=21.84_out,-2.9,19.078,17.923
6616_uff_e=349.10_out,-4.9,0.0,0.0
6616_uff_e=349.10_out,-4.8,2.251,0.781
6616_uff_e=349.10_out,-4.7,2.346,0.74
6616_uff_e=349.10_out,-4.6,3.287,1.082
6616_uff_e=349.10_out,-4.6,3.069,0.922
6616_uff_e=349.10_out,-4.5,2.204,0.973
6616_uff_e=349.10_out,-4.4,3.217,1.009
6616_uff_e=349.10_out,-4.4,2.854,1.273
6616_uff_e=349.10_out,-4.4,2.686,1.268
6654_uff_e=633.74_out,-4.9,0.0,0.0
6654_uff_e=633.74_out,-4.7,3.039,0.989
6654_uff_e=633.74_out,-4.7,2.674,0.945
6654_uff_e=633.74_out,-4.7,2.497,1.096
6654_uff_e=633.74_out,-4.6,3.071,1.24
6654_uff_e=633.74_out,-4.6,3.345,1.254
6654_uff_e=633.74_out,-4.6,3.274,0.974
6654_uff_e=633.74_out,-4.6,2.6,1.107
6654_uff_e=633.74_out,-4.5,2.465,1.161
6683_uff_e=193.78_out,-7.1,0.0,0.0
6683_uff_e=193.78_out,-7.0,3.167,0.647
6683_uff_e=193.78_out,-6.3,4.791,2.245
6683_uff_e=193.78_out,-6.3,5.915,1.495
6683_uff_e=193.78_out,-6.2,23.631,22.205
6683_uff_e=193.78_out,-6.1,13.558,11.914
6683_uff_e=193.78_out,-6.1,23.477,22.21
6683_uff_e=193.78_out,-6.0,14.12,11.971
6683_uff_e=193.78_out,-6.0,20.896,19.755
6716_uff_e=356.24_out,-6.0,0.0,0.0
6716_uff_e=356.24_out,-5.8,22.429,21.234
6716_uff_e=356.24_out,-5.7,3.357,1.286
6716_uff_e=356.24_out,-5.5,23.877,22.592
6716_uff_e=356.24_out,-5.5,23.09,21.577
6716_uff_e=356.24_out,-5.5,23.199,21.866
6716_uff_e=356.24_out,-5.4,23.019,21.866
6716_uff_e=356.24_out,-5.3,24.822,22.332
6716_uff_e=356.24_out,-5.2,13.684,11.794
6717_uff_e=464.79_out,-7.5,0.0,0.0
6717_uff_e=464.79_out,-6.4,3.988,2.676
6717_uff_e=464.79_out,-6.3,21.402,20.427
6717_uff_e=464.79_out,-6.3,5.367,3.589
6717_uff_e=464.79_out,-6.1,24.81,23.185
6717_uff_e=464.79_out,-6.1,5.967,4.538
6717_uff_e=464.79_out,-6.1,22.525,21.261
6717_uff_e=464.79_out,-6.0,13.459,10.939
6717_uff_e=464.79_out,-6.0,13.892,12.356
6748_uff_e=123.55_out,-5.7,0.0,0.0
6748_uff_e=123.55_out,-5.0,1.315,1.069
6748_uff_e=123.55_out,-4.9,4.205,2.124
6748_uff_e=123.55_out,-4.9,19.945,19.173
6748_uff_e=123.55_out,-4.7,19.129,17.772
6748_uff_e=123.55_out,-4.7,10.91,10.507
6748_uff_e=123.55_out,-4.7,3.177,2.086
6748_uff_e=123.55_out,-4.6,2.888,1.507
6748_uff_e=123.55_out,-4.6,21.191,19.76
6755_uff_e=90.31_out,-6.3,0.0,0.0
6755_uff_e=90.31_out,-6.1,3.795,2.008
6755_uff_e=90.31_out,-6.1,2.912,0.671
6755_uff_e=90.31_out,-5.6,21.957,20.821
6755_uff_e=90.31_out,-5.4,3.585,1.82
6755_uff_e=90.31_out,-5.3,19.682,18.826
6755_uff_e=90.31_out,-5.3,11.804,10.639
6755_uff_e=90.31_out,-5.2,3.932,1.68
6755_uff_e=90.31_out,-5.2,3.426,1.605
6758_uff_e=605.12_out,-6.9,0.0,0.0
6758_uff_e=605.12_out,-6.8,7.766,3.79
6758_uff_e=605.12_out,-6.5,24.443,21.163
6758_uff_e=605.12_out,-6.5,11.379,7.065
6758_uff_e=605.12_out,-6.4,7.513,4.92
6758_uff_e=605.12_out,-6.4,25.433,23.306
6758_uff_e=605.12_out,-6.4,11.034,4.212
6758_uff_e=605.12_out,-6.4,23.334,21.062
6758_uff_e=605.12_out,-6.4,13.905,10.85
6760_uff_e=451.13_out,-5.3,0.0,0.0
6760_uff_e=451.13_out,-5.2,6.409,4.037
6760_uff_e=451.13_out,-5.2,23.662,22.322
6760_uff_e=451.13_out,-5.2,24.225,23.049
6760_uff_e=451.13_out,-5.1,22.347,19.968
6760_uff_e=451.13_out,-5.1,3.184,1.369
6760_uff_e=451.13_out,-5.1,5.39,3.733
6760_uff_e=451.13_out,-5.0,6.142,2.605
6760_uff_e=451.13_out,-5.0,23.714,22.65
6773_uff_e=162.80_out,-7.1,0.0,0.0
6773_uff_e=162.80_out,-7.0,2.767,0.385
6773_uff_e=162.80_out,-6.9,5.113,0.754
6773_uff_e=162.80_out,-6.5,5.825,1.085
6773_uff_e=162.80_out,-6.3,5.648,2.004
6773_uff_e=162.80_out,-6.2,23.185,21.795
6773_uff_e=162.80_out,-6.1,5.105,2.554
6773_uff_e=162.80_out,-6.1,4.323,2.507
6773_uff_e=162.80_out,-6.0,24.149,22.101
6890_uff_e=284.03_out,-5.5,0.0,0.0
6890_uff_e=284.03_out,-5.3,1.937,1.384
6890_uff_e=284.03_out,-5.1,2.396,1.581
6890_uff_e=284.03_out,-5.0,1.983,1.658
6890_uff_e=284.03_out,-4.9,5.589,1.413
6890_uff_e=284.03_out,-4.8,3.31,2.348
6890_uff_e=284.03_out,-4.7,20.263,18.987
6890_uff_e=284.03_out,-4.5,14.8,13.361
6890_uff_e=284.03_out,-4.5,20.357,19.038
6989_uff_e=120.83_out,-5.3,0.0,0.0
6989_uff_e=120.83_out,-5.2,2.664,1.907
6989_uff_e=120.83_out,-4.9,4.962,3.093
6989_uff_e=120.83_out,-4.9,3.738,2.464
6989_uff_e=120.83_out,-4.8,4.348,1.378
6989_uff_e=120.83_out,-4.8,3.475,2.459
6989_uff_e=120.83_out,-4.8,22.119,20.997
6989_uff_e=120.83_out,-4.7,22.479,21.49
6989_uff_e=120.83_out,-4.7,4.873,2.416
7028_uff_e=154.37_out,-4.9,0.0,0.0
7028_uff_e=154.37_out,-4.8,2.353,1.621
7028_uff_e=154.37_out,-4.7,2.546,2.087
7028_uff_e=154.37_out,-4.7,3.465,2.924
7028_uff_e=154.37_out,-4.7,24.074,22.413
7028_uff_e=154.37_out,-4.6,3.201,2.535
7028_uff_e=154.37_out,-4.6,4.292,3.527
7028_uff_e=154.37_out,-4.5,20.026,19.055
7028_uff_e=154.37_out,-4.5,21.437,19.901
7431_uff_e=69.01_out,-5.5,0.0,0.0
7431_uff_e=69.01_out,-5.5,4.048,0.018
7431_uff_e=69.01_out,-5.2,11.344,9.376
7431_uff_e=69.01_out,-5.2,3.924,1.309
7431_uff_e=69.01_out,-5.1,11.141,9.932
7431_uff_e=69.01_out,-5.1,4.773,1.385
7431_uff_e=69.01_out,-5.1,12.705,11.094
7431_uff_e=69.01_out,-5.1,10.52,10.212
7431_uff_e=69.01_out,-5.0,19.526,17.891
7461_uff_e=62.62_out,-5.2,0.0,0.0
7461_uff_e=62.62_out,-5.1,1.766,0.715
7461_uff_e=62.62_out,-4.9,4.624,1.211
7461_uff_e=62.62_out,-4.8,2.99,1.542
7461_uff_e=62.62_out,-4.8,4.577,2.227
7461_uff_e=62.62_out,-4.7,4.619,2.289
7461_uff_e=62.62_out,-4.6,3.608,1.512
7461_uff_e=62.62_out,-4.6,22.148,21.038
7461_uff_e=62.62_out,-4.6,4.479,1.319
7462_uff_e=140.51_out,-5.3,0.0,0.0
7462_uff_e=140.51_out,-5.1,1.653,0.52
7462_uff_e=140.51_out,-5.0,2.989,1.534
7462_uff_e=140.51_out,-4.9,4.522,1.37
7462_uff_e=140.51_out,-4.8,4.71,2.368
7462_uff_e=140.51_out,-4.8,3.304,1.961
7462_uff_e=140.51_out,-4.8,4.696,1.332
7462_uff_e=140.51_out,-4.8,4.583,2.298
7462_uff_e=140.51_out,-4.7,4.423,1.741
7463_uff_e=92.32_out,-5.2,0.0,0.0
7463_uff_e=92.32_out,-5.2,1.534,0.062
7463_uff_e=92.32_out,-5.0,4.485,1.002
7463_uff_e=92.32_out,-4.9,4.651,1.388
7463_uff_e=92.32_out,-4.8,3.708,2.182
7463_uff_e=92.32_out,-4.8,4.576,2.356
7463_uff_e=92.32_out,-4.6,4.422,1.889
7463_uff_e=92.32_out,-4.6,3.546,1.921
7463_uff_e=92.32_out,-4.6,22.062,20.981
7793_uff_e=114.65_out,-4.4,0.0,0.0
7793_uff_e=114.65_out,-4.3,2.876,1.87
7793_uff_e=114.65_out,-4.2,3.135,2.043
7793_uff_e=114.65_out,-4.2,4.199,1.742
7793_uff_e=114.65_out,-4.2,4.053,2.396
7793_uff_e=114.65_out,-4.2,5.771,3.678
7793_uff_e=114.65_out,-4.2,4.934,2.604
7793_uff_e=114.65_out,-4.2,22.973,21.836
7793_uff_e=114.65_out,-4.1,22.047,20.047
8369_uff_e=64.65_out,-4.5,0.0,0.0
8369_uff_e=64.65_out,-4.4,12.105,11.342
8369_uff_e=64.65_out,-4.4,18.858,18.483
8369_uff_e=64.65_out,-4.3,2.963,1.29
8369_uff_e=64.65_out,-4.2,20.92,20.668
8369_uff_e=64.65_out,-4.0,11.224,10.698
8369_uff_e=64.65_out,-4.0,3.582,1.499
8369_uff_e=64.65_out,-4.0,11.275,10.433
8369_uff_e=64.65_out,-3.9,20.126,19.465
8417_uff_e=266.44_out,-5.5,0.0,0.0
8417_uff_e=266.44_out,-5.3,3.328,1.877
8417_uff_e=266.44_out,-5.3,19.679,18.904
8417_uff_e=266.44_out,-5.2,23.842,21.288
8417_uff_e=266.44_out,-5.1,3.232,2.117
8417_uff_e=266.44_out,-5.0,4.618,2.008
8417_uff_e=266.44_out,-5.0,10.545,8.918
8417_uff_e=266.44_out,-5.0,22.472,21.255
8417_uff_e=266.44_out,-4.9,23.821,22.603
8424_uff_e=329.17_out,-4.4,0.0,0.0
8424_uff_e=329.17_out,-4.3,2.719,1.903
8424_uff_e=329.17_out,-4.2,3.154,1.982
8424_uff_e=329.17_out,-4.2,11.984,11.237
8424_uff_e=329.17_out,-4.1,20.381,19.548
8424_uff_e=329.17_out,-4.1,11.717,10.938
8424_uff_e=329.17_out,-4.0,12.29,11.387
8424_uff_e=329.17_out,-4.0,12.029,11.319
8424_uff_e=329.17_out,-4.0,12.184,11.354
8550_uff_e=767.12_out,-6.9,0.0,0.0
8550_uff_e=767.12_out,-6.9,10.876,3.434
8550_uff_e=767.12_out,-6.8,23.708,21.572
8550_uff_e=767.12_out,-6.7,27.868,24.546
8550_uff_e=767.12_out,-6.7,1.963,0.203
8550_uff_e=767.12_out,-6.7,26.277,22.406
8550_uff_e=767.12_out,-6.7,23.713,20.86
8550_uff_e=767.12_out,-6.7,26.225,22.427
8550_uff_e=767.12_out,-6.6,9.613,3.272
8564_uff_e=618.01_out,-5.6,0.0,0.0
8564_uff_e=618.01_out,-5.5,6.169,2.599
8564_uff_e=618.01_out,-5.5,25.862,23.128
8564_uff_e=618.01_out,-5.4,25.637,22.723
8564_uff_e=618.01_out,-5.4,2.332,1.202
8564_uff_e=618.01_out,-5.3,25.422,23.01
8564_uff_e=618.01_out,-5.3,11.493,8.031
8564_uff_e=618.01_out,-5.3,25.365,22.614
8564_uff_e=618.01_out,-5.3,6.608,2.093
8616_uff_e=333.77_out,-6.2,0.0,0.0
8616_uff_e=333.77_out,-6.1,23.917,22.544
8616_uff_e=333.77_out,-6.0,22.46,20.378
8616_uff_e=333.77_out,-5.9,6.432,1.863
8616_uff_e=333.77_out,-5.9,6.226,1.92
8616_uff_e=333.77_out,-5.8,4.241,2.272
8616_uff_e=333.77_out,-5.8,6.621,1.704
8616_uff_e=333.77_out,-5.8,21.106,19.586
8616_uff_e=333.77_out,-5.5,21.593,20.214
8815_uff_e=99.22_out,-4.8,0.0,0.0
8815_uff_e=99.22_out,-4.7,4.961,2.173
8815_uff_e=99.22_out,-4.6,3.449,2.582
8815_uff_e=99.22_out,-4.6,3.314,2.582
8815_uff_e=99.22_out,-4.5,2.688,1.788
8815_uff_e=99.22_out,-4.5,21.942,21.169
8815_uff_e=99.22_out,-4.4,22.316,21.394
8815_uff_e=99.22_out,-4.4,2.069,1.229
8815_uff_e=99.22_out,-4.4,23.209,21.966
8892_uff_e=24.54_out,-4.1,0.0,0.0
8892_uff_e=24.54_out,-3.9,3.813,3.074
8892_uff_e=24.54_out,-3.9,2.676,1.964
8892_uff_e=24.54_out,-3.8,4.521,2.998
8892_uff_e=24.54_out,-3.7,11.694,10.805
8892_uff_e=24.54_out,-3.6,18.779,18.46
8892_uff_e=24.54_out,-3.6,20.094,18.979
8892_uff_e=24.54_out,-3.6,3.053,2.364
8892_uff_e=24.54_out,-3.6,19.3,19.092
8969_uff_e=427.63_out,-6.8,0.0,0.0
8969_uff_e=427.63_out,-6.6,1.942,1.312
8969_uff_e=427.63_out,-6.6,21.554,19.436
8969_uff_e=427.63_out,-6.5,21.043,17.243
8969_uff_e=427.63_out,-6.4,24.8,23.61
8969_uff_e=427.63_out,-6.4,23.981,21.728
8969_uff_e=427.63_out,-6.4,24.054,21.48
8969_uff_e=427.63_out,-6.3,27.663,25.904
8969_uff_e=427.63_out,-6.3,21.267,18.253
9064_uff_e=205.18_out,-6.4,0.0,0.0
9064_uff_e=205.18_out,-6.3,6.819,2.404
9064_uff_e=205.18_out,-6.3,7.101,1.951
9064_uff_e=205.18_out,-6.2,2.129,1.517
9064_uff_e=205.18_out,-6.2,10.43,7.472
9064_uff_e=205.18_out,-6.1,9.866,6.738
9064_uff_e=205.18_out,-6.1,4.068,2.384
9064_uff_e=205.18_out,-6.1,22.427,21.12
9064_uff_e=205.18_out,-6.0,23.603,22.325
9294_uff_e=154.64_out,-4.8,0.0,0.0
9294_uff_e=154.64_out,-4.8,2.32,1.522
9294_uff_e=154.64_out,-4.7,3.597,2.581
9294_uff_e=154.64_out,-4.7,3.076,2.282
9294_uff_e=154.64_out,-4.7,3.592,2.729
9294_uff_e=154.64_out,-4.6,1.995,1.467
9294_uff_e=154.64_out,-4.6,21.086,20.277
9294_uff_e=154.64_out,-4.6,4.868,1.965
9294_uff_e=154.64_out,-4.5,22.487,21.142
9415_uff_e=473.08_out,-6.1,0.0,0.0
9415_uff_e=473.08_out,-6.0,8.625,6.109
9415_uff_e=473.08_out,-5.9,24.407,22.616
9415_uff_e=473.08_out,-5.9,18.719,16.401
9415_uff_e=473.08_out,-5.9,5.94,2.935
9415_uff_e=473.08_out,-5.8,6.021,3.347
9415_uff_e=473.08_out,-5.8,3.31,1.546
9415_uff_e=473.08_out,-5.7,3.991,1.819
9415_uff_e=473.08_out,-5.7,6.205,2.892
9651_uff_e=481.65_out,-6.7,0.0,0.0
9651_uff_e=481.65_out,-5.9,5.51,2.943
9651_uff_e=481.65_out,-5.8,5.154,2.6
9651_uff_e=481.65_out,-5.6,14.175,11.611
9651_uff_e=481.65_out,-5.6,23.257,21.186
9651_uff_e=481.65_out,-5.6,34.994,32.732
9651_uff_e=481.65_out,-5.6,11.511,8.821
9651_uff_e=481.65_out,-5.5,24.024,22.392
9651_uff_e=481.65_out,-5.5,4.273,2.518
9727_uff_e=105.42_out,-4.9,0.0,0.0
9727_uff_e=105.42_out,-4.7,3.331,2.56
9727_uff_e=105.42_out,-4.7,3.492,2.515
9727_uff_e=105.42_out,-4.6,1.99,1.803
9727_uff_e=105.42_out,-4.4,3.318,2.394
9727_uff_e=105.42_out,-4.4,23.149,21.835
9727_uff_e=105.42_out,-4.4,19.658,19.365
9727_uff_e=105.42_out,-4.3,19.54,19.169
9727_uff_e=105.42_out,-4.3,13.328,12.53
9895_uff_e=171.00_out,-5.4,0.0,0.0
9895_uff_e=171.00_out,-4.9,3.277,2.021
9895_uff_e=171.00_out,-4.9,3.017,1.042
9895_uff_e=171.00_out,-4.9,2.365,1.357
9895_uff_e=171.00_out,-4.6,3.391,2.323
9895_uff_e=171.00_out,-4.5,4.152,2.681
9895_uff_e=171.00_out,-4.5,4.858,2.9
9895_uff_e=171.00_out,-4.4,3.964,2.207
9895_uff_e=171.00_out,-4.4,19.731,19.0
10098_uff_e=707.04_out,-8.5,0.0,0.0
10098_uff_e=707.04_out,-8.0,9.322,2.844
10098_uff_e=707.04_out,-7.9,26.241,24.254
10098_uff_e=707.04_out,-7.8,9.203,2.784
10098_uff_e=707.04_out,-7.8,23.868,21.509
10098_uff_e=707.04_out,-7.7,2.255,1.574
10098_uff_e=707.04_out,-7.6,3.064,2.342
10098_uff_e=707.04_out,-7.6,35.728,32.856
10098_uff_e=707.04_out,-7.6,8.823,2.722
10106_uff_e=416.96_out,-4.9,0.0,0.0
10106_uff_e=416.96_out,-4.9,3.78,0.871
10106_uff_e=416.96_out,-4.8,3.869,2.037
10106_uff_e=416.96_out,-4.7,3.904,1.746
10106_uff_e=416.96_out,-4.6,22.398,20.816
10106_uff_e=416.96_out,-4.6,22.793,21.934
10106_uff_e=416.96_out,-4.6,4.164,1.76
10106_uff_e=416.96_out,-4.6,2.676,1.483
10106_uff_e=416.96_out,-4.6,2.01,1.283
10114_uff_e=862.52_out,-8.0,0.0,0.0
10114_uff_e=862.52_out,-7.5,26.926,24.437
10114_uff_e=862.52_out,-7.5,24.049,21.208
10114_uff_e=862.52_out,-7.4,24.344,19.893
10114_uff_e=862.52_out,-7.4,28.374,24.558
10114_uff_e=862.52_out,-7.3,25.058,23.17
10114_uff_e=862.52_out,-7.3,31.791,26.919
10114_uff_e=862.52_out,-7.2,27.833,24.999
10114_uff_e=862.52_out,-7.2,24.193,22.155
10143_uff_e=599.88_out,-6.3,0.0,0.0
10143_uff_e=599.88_out,-6.1,23.622,22.672
10143_uff_e=599.88_out,-5.9,27.508,23.613
10143_uff_e=599.88_out,-5.9,5.247,1.14
10143_uff_e=599.88_out,-5.7,25.825,23.312
10143_uff_e=599.88_out,-5.7,6.583,4.086
10143_uff_e=599.88_out,-5.7,10.794,9.052
10143_uff_e=599.88_out,-5.6,26.313,24.851
10143_uff_e=599.88_out,-5.6,15.543,13.406
10154_uff_e=486.02_out,-6.2,0.0,0.0
10154_uff_e=486.02_out,-6.2,6.552,2.665
10154_uff_e=486.02_out,-6.0,4.821,1.216
10154_uff_e=486.02_out,-6.0,34.49,31.432
10154_uff_e=486.02_out,-5.9,4.116,2.941
10154_uff_e=486.02_out,-5.9,25.031,22.659
10154_uff_e=486.02_out,-5.9,13.732,11.666
10154_uff_e=486.02_out,-5.9,24.507,22.676
10154_uff_e=486.02_out,-5.9,23.265,22.23
10163_uff_e=196.75_out,-7.0,0.0,0.0
10163_uff_e=196.75_out,-6.7,2.932,0.865
10163_uff_e=196.75_out,-6.2,14.373,12.549
10163_uff_e=196.75_out,-6.1,23.688,22.64
10163_uff_e=196.75_out,-6.1,23.911,22.249
10163_uff_e=196.75_out,-6.1,23.732,21.849
10163_uff_e=196.75_out,-6.0,25.083,22.373
10163_uff_e=196.75_out,-6.0,20.63,17.841
10163_uff_e=196.75_out,-6.0,4.868,2.824
10168_uff_e=198.58_out,-7.5,0.0,0.0
10168_uff_e=198.58_out,-6.7,6.504,1.575
10168_uff_e=198.58_out,-6.4,24.222,22.786
10168_uff_e=198.58_out,-6.4,6.782,1.963
10168_uff_e=198.58_out,-6.3,21.893,20.819
10168_uff_e=198.58_out,-6.3,25.342,22.917
10168_uff_e=198.58_out,-6.2,14.837,12.826
10168_uff_e=198.58_out,-6.2,22.008,20.46
10168_uff_e=198.58_out,-6.1,5.388,2.747
10189_uff_e=153.54_out,-5.4,0.0,0.0
10189_uff_e=153.54_out,-5.3,12.971,11.044
10189_uff_e=153.54_out,-5.3,20.065,19.357
10189_uff_e=153.54_out,-5.3,22.35,20.865
10189_uff_e=153.54_out,-5.3,5.396,1.456
10189_uff_e=153.54_out,-5.3,3.741,1.686
10189_uff_e=153.54_out,-5.1,12.492,11.021
10189_uff_e=153.54_out,-5.1,14.034,12.381
10189_uff_e=153.54_out,-5.1,20.943,19.698
10198_uff_e=275.60_out,-4.5,0.0,0.0
10198_uff_e=275.60_out,-4.5,3.771,1.548
10198_uff_e=275.60_out,-4.5,3.364,1.432
10198_uff_e=275.60_out,-4.3,3.15,2.491
10198_uff_e=275.60_out,-4.3,2.597,1.858
10198_uff_e=275.60_out,-4.2,11.791,10.907
10198_uff_e=275.60_out,-4.1,11.766,10.771
10198_uff_e=275.60_out,-4.0,3.439,1.754
10198_uff_e=275.60_out,-4.0,14.296,13.058
10206_uff_e=1030.23_out,-8.2,0.0,0.0
10206_uff_e=1030.23_out,-8.0,26.649,23.213
10206_uff_e=1030.23_out,-8.0,31.775,28.791
10206_uff_e=1030.23_out,-7.5,28.905,26.734
10206_uff_e=1030.23_out,-7.5,26.966,23.531
10206_uff_e=1030.23_out,-7.4,8.626,4.088
10206_uff_e=1030.23_out,-7.4,27.358,24.885
10206_uff_e=1030.23_out,-7.4,20.367,17.13
10206_uff_e=1030.23_out,-7.4,7.355,4.106
10207_uff_e=231.12_out,-7.0,0.0,0.0
10207_uff_e=231.12_out,-6.9,5.635,1.193
10207_uff_e=231.12_out,-6.2,6.443,2.472
10207_uff_e=231.12_out,-6.2,5.156,2.423
10207_uff_e=231.12_out,-6.1,25.447,23.089
10207_uff_e=231.12_out,-6.1,6.32,1.425
10207_uff_e=231.12_out,-6.1,14.576,12.793
10207_uff_e=231.12_out,-6.0,24.365,23.019
10207_uff_e=231.12_out,-6.0,13.362,11.091
10208_uff_e=212.38_out,-7.2,0.0,0.0
10208_uff_e=212.38_out,-6.6,3.193,1.169
10208_uff_e=212.38_out,-6.4,5.224,1.682
10208_uff_e=212.38_out,-6.3,4.206,2.355
10208_uff_e=212.38_out,-6.1,24.742,22.264
10208_uff_e=212.38_out,-6.1,23.298,22.252
10208_uff_e=212.38_out,-6.0,5.988,1.755
10208_uff_e=212.38_out,-5.9,21.838,19.797
10208_uff_e=212.38_out,-5.9,25.337,24.366
10211_uff_e=500.99_out,-6.0,0.0,0.0
10211_uff_e=500.99_out,-5.7,17.681,13.555
10211_uff_e=500.99_out,-5.6,6.684,3.206
10211_uff_e=500.99_out,-5.5,15.745,13.95
10211_uff_e=500.99_out,-5.5,15.364,13.28
10211_uff_e=500.99_out,-5.5,22.148,18.038
10211_uff_e=500.99_out,-5.5,21.308,17.736
10211_uff_e=500.99_out,-5.5,25.653,24.598
10211_uff_e=500.99_out,-5.5,5.634,2.949
10212_uff_e=376.22_out,-6.2,0.0,0.0
10212_uff_e=376.22_out,-6.2,25.406,23.058
10212_uff_e=376.22_out,-6.1,25.305,23.214
10212_uff_e=376.22_out,-6.1,23.676,21.526
10212_uff_e=376.22_out,-6.0,25.052,22.745
10212_uff_e=376.22_out,-6.0,16.025,12.738
10212_uff_e=376.22_out,-5.9,4.479,1.817
10212_uff_e=376.22_out,-5.9,23.678,21.512
10212_uff_e=376.22_out,-5.9,7.598,4.134
10219_uff_e=716.64_out,-6.6,0.0,0.0
10219_uff_e=716.64_out,-6.5,23.937,19.374
10219_uff_e=716.64_out,-6.4,23.434,18.794
10219_uff_e=716.64_out,-6.4,23.697,20.45
10219_uff_e=716.64_out,-6.4,9.116,6.067
10219_uff_e=716.64_out,-6.4,15.827,12.972
10219_uff_e=716.64_out,-6.4,22.944,20.81
10219_uff_e=716.64_out,-6.4,23.031,20.382
10219_uff_e=716.64_out,-6.4,14.209,8.599
10227_uff_e=508.82_out,-5.8,0.0,0.0
10227_uff_e=508.82_out,-5.6,23.056,21.87
10227_uff_e=508.82_out,-5.5,5.298,1.322
10227_uff_e=508.82_out,-5.5,23.828,22.267
10227_uff_e=508.82_out,-5.4,24.272,22.877
10227_uff_e=508.82_out,-5.4,23.179,21.878
10227_uff_e=508.82_out,-5.3,15.664,13.785
10227_uff_e=508.82_out,-5.3,10.907,9.056
10227_uff_e=508.82_out,-5.2,3.78,2.224
10228_uff_e=183.42_out,-6.1,0.0,0.0
10228_uff_e=183.42_out,-6.0,2.183,1.423
10228_uff_e=183.42_out,-5.9,4.223,1.284
10228_uff_e=183.42_out,-5.7,24.704,23.475
10228_uff_e=183.42_out,-5.7,5.248,2.54
10228_uff_e=183.42_out,-5.6,23.889,22.832
10228_uff_e=183.42_out,-5.6,21.841,20.449
10228_uff_e=183.42_out,-5.6,4.546,2.102
10228_uff_e=183.42_out,-5.5,20.513,18.9
10237_uff_e=580.22_out,-7.5,0.0,0.0
10237_uff_e=580.22_out,-7.3,24.2,22.477
10237_uff_e=580.22_out,-7.3,11.225,8.259
10237_uff_e=580.22_out,-7.2,25.617,22.709
10237_uff_e=580.22_out,-7.1,9.252,7.516
10237_uff_e=580.22_out,-7.1,23.696,22.196
10237_uff_e=580.22_out,-7.0,25.688,23.525
10237_uff_e=580.22_out,-6.9,27.517,25.634
10237_uff_e=580.22_out,-6.9,24.247,22.331
10248_uff_e=238.66_out,-4.8,0.0,0.0
10248_uff_e=238.66_out,-4.7,3.215,0.313
10248_uff_e=238.66_out,-4.7,23.691,22.205
10248_uff_e=238.66_out,-4.5,23.923,22.414
10248_uff_e=238.66_out,-4.5,3.714,1.568
10248_uff_e=238.66_out,-4.4,21.932,18.837
10248_uff_e=238.66_out,-4.4,8.12,5.126
10248_uff_e=238.66_out,-4.4,2.256,1.561
10248_uff_e=238.66_out,-4.3,19.833,17.149
10249_uff_e=355.68_out,-4.9,0.0,0.0
10249_uff_e=355.68_out,-4.8,4.594,0.936
10249_uff_e=355.68_out,-4.7,4.766,3.053
10249_uff_e=355.68_out,-4.7,4.484,1.179
10249_uff_e=355.68_out,-4.7,2.148,1.125
10249_uff_e=355.68_out,-4.7,4.096,3.236
10249_uff_e=355.68_out,-4.5,3.049,2.744
10249_uff_e=355.68_out,-4.4,10.389,9.52
10249_uff_e=355.68_out,-4.4,11.52,10.503
10257_uff_e=296.45_out,-5.4,0.0,0.0
10257_uff_e=296.45_out,-5.3,3.769,2.545
10257_uff_e=296.45_out,-5.2,2.812,2.156
10257_uff_e=296.45_out,-5.1,20.756,19.672
10257_uff_e=296.45_out,-5.0,20.256,19.145
10257_uff_e=296.45_out,-4.8,2.762,2.321
10257_uff_e=296.45_out,-4.8,23.72,21.878
10257_uff_e=296.45_out,-4.7,14.402,13.013
10257_uff_e=296.45_out,-4.7,5.705,3.914
10347_uff_e=97.79_out,-5.5,0.0,0.0
10347_uff_e=97.79_out,-5.4,19.938,18.284
10347_uff_e=97.79_out,-5.4,19.336,17.738
10347_uff_e=97.79_out,-5.4,19.818,17.96
10347_uff_e=97.79_out,-5.3,33.416,31.387
10347_uff_e=97.79_out,-5.3,20.411,18.474
10347_uff_e=97.79_out,-5.2,19.362,17.786
10347_uff_e=97.79_out,-5.2,19.584,17.876
10347_uff_e=97.79_out,-5.2,19.604,17.902
10355_uff_e=112.39_out,-5.0,0.0,0.0
10355_uff_e=112.39_out,-4.7,3.621,2.76
10355_uff_e=112.39_out,-4.4,19.441,18.927
10355_uff_e=112.39_out,-4.4,3.519,2.642
10355_uff_e=112.39_out,-4.4,11.601,11.193
10355_uff_e=112.39_out,-4.2,12.269,11.038
10355_uff_e=112.39_out,-4.1,11.773,10.923
10355_uff_e=112.39_out,-4.1,11.756,10.94
10355_uff_e=112.39_out,-4.1,17.734,16.919
10364_uff_e=78.15_out,-5.4,0.0,0.0
10364_uff_e=78.15_out,-5.0,4.867,2.254
10364_uff_e=78.15_out,-5.0,4.787,3.066
10364_uff_e=78.15_out,-4.9,4.586,2.073
10364_uff_e=78.15_out,-4.9,2.038,1.424
10364_uff_e=78.15_out,-4.9,4.807,2.675
10364_uff_e=78.15_out,-4.9,22.314,21.278
10364_uff_e=78.15_out,-4.8,4.639,2.168
10364_uff_e=78.15_out,-4.8,3.888,2.58
10416_uff_e=6775.87_out,-5.2,0.0,0.0
10416_uff_e=6775.87_out,-5.2,1.565,1.113
10416_uff_e=6775.87_out,-4.9,23.795,21.976
10416_uff_e=6775.87_out,-4.9,24.647,22.883
10416_uff_e=6775.87_out,-4.8,23.88,22.266
10416_uff_e=6775.87_out,-4.7,23.883,21.993
10416_uff_e=6775.87_out,-4.7,24.573,22.65
10416_uff_e=6775.87_out,-4.7,3.394,2.229
10416_uff_e=6775.87_out,-4.6,23.397,21.73
10494_uff_e=691.06_out,-7.7,0.0,0.0
10494_uff_e=691.06_out,-7.6,6.865,3.709
10494_uff_e=691.06_out,-7.5,5.82,3.134
10494_uff_e=691.06_out,-7.4,8.465,2.198
10494_uff_e=691.06_out,-7.4,8.532,1.878
10494_uff_e=691.06_out,-7.3,24.974,23.304
10494_uff_e=691.06_out,-6.9,28.438,25.992
10494_uff_e=691.06_out,-6.8,25.336,23.007
10494_uff_e=691.06_out,-6.8,8.398,3.113
10545_uff_e=345.24_out,-5.1,0.0,0.0
10545_uff_e=345.24_out,-5.1,22.774,20.774
10545_uff_e=345.24_out,-4.9,4.058,2.508
10545_uff_e=345.24_out,-4.8,23.239,22.393
10545_uff_e=345.24_out,-4.8,2.679,1.782
10545_uff_e=345.24_out,-4.8,4.129,1.769
10545_uff_e=345.24_out,-4.7,2.118,1.659
10545_uff_e=345.24_out,-4.7,4.011,1.617
10545_uff_e=345.24_out,-4.7,9.7,8.254
10569_uff_e=337.60_out,-6.7,0.0,0.0
10569_uff_e=337.60_out,-6.6,7.975,4.505
10569_uff_e=337.60_out,-6.6,4.341,3.256
10569_uff_e=337.60_out,-6.6,6.9,3.742
10569_uff_e=337.60_out,-6.5,21.189,18.126
10569_uff_e=337.60_out,-6.5,24.775,23.149
10569_uff_e=337.60_out,-6.5,24.064,22.224
10569_uff_e=337.60_out,-6.5,1.88,1.362
10569_uff_e=337.60_out,-6.5,7.554,4.562
10582_uff_e=649.85_out,-5.0,0.0,0.0
10582_uff_e=649.85_out,-5.0,3.276,2.028
10582_uff_e=649.85_out,-4.9,2.355,2.024
10582_uff_e=649.85_out,-4.8,20.419,19.147
10582_uff_e=649.85_out,-4.7,11.649,10.201
10582_uff_e=649.85_out,-4.7,3.676,2.424
10582_uff_e=649.85_out,-4.6,3.915,2.542
10582_uff_e=649.85_out,-4.5,3.427,2.285
10582_uff_e=649.85_out,-4.4,3.755,2.276
10607_uff_e=769.94_out,-6.7,0.0,0.0
10607_uff_e=769.94_out,-6.7,2.383,0.199
10607_uff_e=769.94_out,-6.4,23.245,21.06
10607_uff_e=769.94_out,-6.4,24.634,22.71
10607_uff_e=769.94_out,-6.3,23.243,21.096
10607_uff_e=769.94_out,-6.2,24.723,22.871
10607_uff_e=769.94_out,-6.2,15.38,11.924
10607_uff_e=769.94_out,-6.2,25.113,21.897
10607_uff_e=769.94_out,-6.1,16.042,12.62
10621_uff_e=604.86_out,-8.2,0.0,0.0
10621_uff_e=604.86_out,-7.8,5.036,3.172
10621_uff_e=604.86_out,-7.7,4.757,2.04
10621_uff_e=604.86_out,-7.7,3.972,3.056
10621_uff_e=604.86_out,-7.7,24.506,20.289
10621_uff_e=604.86_out,-7.6,25.59,23.345
10621_uff_e=604.86_out,-7.6,1.958,1.36
10621_uff_e=604.86_out,-7.5,24.246,20.47
10621_uff_e=604.86_out,-7.5,23.652,20.614
10639_uff_e=209.48_out,-6.8,0.0,0.0
10639_uff_e=209.48_out,-6.5,3.433,1.203
10639_uff_e=209.48_out,-6.2,24.396,23.242
10639_uff_e=209.48_out,-6.1,25.017,23.171
10639_uff_e=209.48_out,-6.0,25.376,23.937
10639_uff_e=209.48_out,-5.9,14.555,12.615
10639_uff_e=209.48_out,-5.9,24.444,22.491
10639_uff_e=209.48_out,-5.9,15.246,12.769
10639_uff_e=209.48_out,-5.9,11.634,10.378
10657_uff_e=209.44_out,-6.0,0.0,0.0
10657_uff_e=209.44_out,-5.9,4.861,2.714
10657_uff_e=209.44_out,-5.9,5.506,1.693
10657_uff_e=209.44_out,-5.9,5.046,1.95
10657_uff_e=209.44_out,-5.8,4.827,2.904
10657_uff_e=209.44_out,-5.8,3.951,1.063
10657_uff_e=209.44_out,-5.8,3.7,2.987
10657_uff_e=209.44_out,-5.7,4.932,2.607
10657_uff_e=209.44_out,-5.6,3.9,2.807
10658_uff_e=253.12_out,-6.1,0.0,0.0
10658_uff_e=253.12_out,-6.0,19.884,19.106
10658_uff_e=253.12_out,-6.0,4.294,1.28
10658_uff_e=253.12_out,-5.7,19.696,19.118
10658_uff_e=253.12_out,-5.5,5.067,1.955
10658_uff_e=253.12_out,-5.5,4.222,1.641
10658_uff_e=253.12_out,-5.5,2.612,1.339
10658_uff_e=253.12_out,-5.5,5.638,2.851
10658_uff_e=253.12_out,-5.4,23.358,21.045
10666_uff_e=240.38_out,-4.5,0.0,0.0
10666_uff_e=240.38_out,-4.5,11.206,10.625
10666_uff_e=240.38_out,-4.5,3.497,1.591
10666_uff_e=240.38_out,-4.5,3.817,2.032
10666_uff_e=240.38_out,-4.4,17.969,16.11
10666_uff_e=240.38_out,-4.4,2.749,2.05
10666_uff_e=240.38_out,-4.4,11.774,10.041
10666_uff_e=240.38_out,-4.3,11.487,10.594
10666_uff_e=240.38_out,-4.3,18.007,16.955
10680_uff_e=192.45_out,-7.2,0.0,0.0
10680_uff_e=192.45_out,-7.1,6.298,1.307
10680_uff_e=192.45_out,-6.7,2.327,1.06
10680_uff_e=192.45_out,-6.7,5.299,3.681
10680_uff_e=192.45_out,-6.6,23.718,22.41
10680_uff_e=192.45_out,-6.6,5.013,3.798
10680_uff_e=192.45_out,-6.5,5.857,1.313
10680_uff_e=192.45_out,-6.4,5.826,3.544
10680_uff_e=192.45_out,-6.2,24.349,23.147
10719_uff_e=300.39_out,-6.4,0.0,0.0
10719_uff_e=300.39_out,-6.2,3.674,1.33
10719_uff_e=300.39_out,-6.1,3.495,1.307
10719_uff_e=300.39_out,-6.1,4.143,1.686
10719_uff_e=300.39_out,-5.8,4.792,0.912
10719_uff_e=300.39_out,-5.7,23.942,21.126
10719_uff_e=300.39_out,-5.7,5.238,1.495
10719_uff_e=300.39_out,-5.7,24.062,20.973
10719_uff_e=300.39_out,-5.7,22.893,21.243
10748_uff_e=113.84_out,-6.1,0.0,0.0
10748_uff_e=113.84_out,-5.4,3.638,2.361
10748_uff_e=113.84_out,-5.4,2.3,1.52
10748_uff_e=113.84_out,-5.4,19.936,18.74
10748_uff_e=113.84_out,-5.0,4.287,2.656
10748_uff_e=113.84_out,-5.0,20.926,20.076
10748_uff_e=113.84_out,-5.0,22.929,22.096
10748_uff_e=113.84_out,-4.9,21.285,20.127
10748_uff_e=113.84_out,-4.9,23.692,21.706
10834_uff_e=387.84_out,-5.5,0.0,0.0
10834_uff_e=387.84_out,-5.5,24.367,23.186
10834_uff_e=387.84_out,-5.4,22.226,20.838
10834_uff_e=387.84_out,-5.4,23.03,21.937
10834_uff_e=387.84_out,-5.4,24.733,23.376
10834_uff_e=387.84_out,-5.4,15.299,12.325
10834_uff_e=387.84_out,-5.3,2.705,1.659
10834_uff_e=387.84_out,-5.2,16.292,13.821
10834_uff_e=387.84_out,-5.2,23.584,22.242
10983_uff_e=80.26_out,-4.4,0.0,0.0
10983_uff_e=80.26_out,-4.3,11.221,10.042
10983_uff_e=80.26_out,-4.2,24.707,23.988
10983_uff_e=80.26_out,-4.2,24.851,23.691
10983_uff_e=80.26_out,-4.2,22.37,20.794
10983_uff_e=80.26_out,-4.1,4.299,3.031
10983_uff_e=80.26_out,-4.1,13.487,12.619
10983_uff_e=80.26_out,-4.0,30.902,30.354
10983_uff_e=80.26_out,-4.0,21.798,20.812
11005_uff_e=52.61_out,-4.5,0.0,0.0
11005_uff_e=52.61_out,-4.3,23.333,21.716
11005_uff_e=52.61_out,-4.2,23.305,21.313
11005_uff_e=52.61_out,-4.2,23.044,21.392
11005_uff_e=52.61_out,-4.1,22.601,21.149
11005_uff_e=52.61_out,-4.0,23.146,21.51
11005_uff_e=52.61_out,-4.0,23.005,18.96
11005_uff_e=52.61_out,-4.0,23.135,21.441
11005_uff_e=52.61_out,-4.0,5.859,3.452
11055_uff_e=209.04_out,-7.2,0.0,0.0
11055_uff_e=209.04_out,-6.9,2.748,1.121
11055_uff_e=209.04_out,-6.8,5.189,4.101
11055_uff_e=209.04_out,-6.7,5.715,3.964
11055_uff_e=209.04_out,-6.6,6.516,1.924
11055_uff_e=209.04_out,-6.6,24.186,22.533
11055_uff_e=209.04_out,-6.3,24.22,22.568
11055_uff_e=209.04_out,-6.2,20.683,19.611
11055_uff_e=209.04_out,-6.2,24.343,22.724
11096_uff_e=162.01_out,-4.5,0.0,0.0
11096_uff_e=162.01_out,-4.5,1.24,0.894
11096_uff_e=162.01_out,-4.4,2.843,1.725
11096_uff_e=162.01_out,-4.3,2.466,1.252
11096_uff_e=162.01_out,-4.2,11.454,10.239
11096_uff_e=162.01_out,-4.2,15.066,14.077
11096_uff_e=162.01_out,-4.2,11.578,10.342
11096_uff_e=162.01_out,-4.1,32.394,30.994
11096_uff_e=162.01_out,-4.1,11.659,10.284
11128_uff_e=308.96_out,-5.1,0.0,0.0
11128_uff_e=308.96_out,-4.8,5.781,3.511
11128_uff_e=308.96_out,-4.6,5.838,4.125
11128_uff_e=308.96_out,-4.6,22.597,21.483
11128_uff_e=308.96_out,-4.6,12.695,10.65
11128_uff_e=308.96_out,-4.5,3.795,3.277
11128_uff_e=308.96_out,-4.5,5.207,2.954
11128_uff_e=308.96_out,-4.4,4.353,3.806
11128_uff_e=308.96_out,-4.4,13.649,12.228
11281_uff_e=506.03_out,-6.7,0.0,0.0
11281_uff_e=506.03_out,-6.3,5.137,3.163
11281_uff_e=506.03_out,-6.2,4.674,1.232
11281_uff_e=506.03_out,-6.1,34.123,31.18
11281_uff_e=506.03_out,-6.0,24.296,22.383
11281_uff_e=506.03_out,-5.9,6.368,3.627
11281_uff_e=506.03_out,-5.8,2.291,1.471
11281_uff_e=506.03_out,-5.8,10.965,9.166
11281_uff_e=506.03_out,-5.8,25.308,22.571
11388_uff_e=141.15_out,-5.1,0.0,0.0
11388_uff_e=141.15_out,-5.1,1.49,0.922
11388_uff_e=141.15_out,-5.0,4.385,2.871
11388_uff_e=141.15_out,-4.9,5.152,3.53
11388_uff_e=141.15_out,-4.9,4.334,3.375
11388_uff_e=141.15_out,-4.8,2.232,1.503
11388_uff_e=141.15_out,-4.8,4.997,0.963
11388_uff_e=141.15_out,-4.7,24.424,23.143
11388_uff_e=141.15_out,-4.7,23.837,23.052
11768_uff_e=187.19_out,-7.0,0.0,0.0
11768_uff_e=187.19_out,-6.8,2.954,0.666
11768_uff_e=187.19_out,-6.6,6.147,1.751
11768_uff_e=187.19_out,-6.3,23.334,22.187
11768_uff_e=187.19_out,-6.1,22.835,21.029
11768_uff_e=187.19_out,-6.1,4.775,2.509
11768_uff_e=187.19_out,-6.1,13.311,10.919
11768_uff_e=187.19_out,-6.0,2.215,1.348
11768_uff_e=187.19_out,-6.0,14.561,12.668
12441_uff_e=522.18_out,-7.0,0.0,0.0
12441_uff_e=522.18_out,-6.6,5.725,2.847
12441_uff_e=522.18_out,-6.5,25.087,23.253
12441_uff_e=522.18_out,-6.5,35.353,32.04
12441_uff_e=522.18_out,-6.5,25.403,23.783
12441_uff_e=522.18_out,-6.5,24.286,22.436
12441_uff_e=522.18_out,-6.5,23.725,22.577
12441_uff_e=522.18_out,-6.4,11.435,8.509
12441_uff_e=522.18_out,-6.4,10.746,7.968
12649_uff_e=178.11_out,-5.5,0.0,0.0
12649_uff_e=178.11_out,-5.4,22.138,20.863
12649_uff_e=178.11_out,-5.3,2.295,0.556
12649_uff_e=178.11_out,-5.2,4.657,3.141
12649_uff_e=178.11_out,-5.1,12.783,11.147
12649_uff_e=178.11_out,-5.1,5.013,3.117
12649_uff_e=178.11_out,-5.0,23.202,21.805
12649_uff_e=178.11_out,-4.9,22.208,21.19
12649_uff_e=178.11_out,-4.9,5.042,3.348
12921_uff_e=6749.62_out,-5.1,0.0,0.0
12921_uff_e=6749.62_out,-5.1,23.805,21.584
12921_uff_e=6749.62_out,-5.1,4.383,2.937
12921_uff_e=6749.62_out,-5.0,3.922,1.7
12921_uff_e=6749.62_out,-5.0,24.07,22.263
12921_uff_e=6749.62_out,-4.9,23.76,21.614
12921_uff_e=6749.62_out,-4.9,24.283,22.082
12921_uff_e=6749.62_out,-4.9,5.648,2.995
12921_uff_e=6749.62_out,-4.8,4.596,3.473
14525_uff_e=358.36_out,-5.0,0.0,0.0
14525_uff_e=358.36_out,-5.0,3.359,1.385
14525_uff_e=358.36_out,-4.8,2.58,1.463
14525_uff_e=358.36_out,-4.8,2.613,1.324
14525_uff_e=358.36_out,-4.8,11.94,10.864
14525_uff_e=358.36_out,-4.7,3.16,1.842
14525_uff_e=358.36_out,-4.7,12.075,10.701
14525_uff_e=358.36_out,-4.6,2.498,1.385
14525_uff_e=358.36_out,-4.6,20.477,19.22
14631_uff_e=500.63_out,-6.7,0.0,0.0
14631_uff_e=500.63_out,-6.6,4.128,2.559
14631_uff_e=500.63_out,-6.3,23.956,21.786
14631_uff_e=500.63_out,-6.0,4.405,2.284
14631_uff_e=500.63_out,-5.9,11.758,10.028
14631_uff_e=500.63_out,-5.9,21.515,19.982
14631_uff_e=500.63_out,-5.8,3.649,2.084
14631_uff_e=500.63_out,-5.8,10.769,9.112
14631_uff_e=500.63_out,-5.7,11.722,10.346
14896_uff_e=714.35_out,-4.9,0.0,0.0
14896_uff_e=714.35_out,-4.8,3.178,0.817
14896_uff_e=714.35_out,-4.6,2.487,0.97
14896_uff_e=714.35_out,-4.6,3.027,1.255
14896_uff_e=714.35_out,-4.6,3.247,1.403
14896_uff_e=714.35_out,-4.5,2.087,1.689
14896_uff_e=714.35_out,-4.5,2.081,1.205
14896_uff_e=714.35_out,-4.5,3.07,1.016
14896_uff_e=714.35_out,-4.4,2.534,1.17
14989_uff_e=428.47_out,-7.2,0.0,0.0
14989_uff_e=428.47_out,-6.6,5.685,2.198
14989_uff_e=428.47_out,-6.5,6.075,2.091
14989_uff_e=428.47_out,-6.5,24.974,22.116
14989_uff_e=428.47_out,-6.5,5.994,2.471
14989_uff_e=428.47_out,-6.2,26.06,23.355
14989_uff_e=428.47_out,-6.2,24.4,22.123
14989_uff_e=428.47_out,-6.1,26.518,23.533
14989_uff_e=428.47_out,-6.1,14.398,11.613
15376_uff_e=530.54_out,-6.4,0.0,0.0
15376_uff_e=530.54_out,-6.1,5.772,3.013
15376_uff_e=530.54_out,-6.0,4.491,1.883
15376_uff_e=530.54_out,-6.0,4.992,1.717
15376_uff_e=530.54_out,-6.0,6.469,2.885
15376_uff_e=530.54_out,-5.8,12.614,9.49
15376_uff_e=530.54_out,-5.8,4.462,2.267
15376_uff_e=530.54_out,-5.8,25.007,22.925
15376_uff_e=530.54_out,-5.7,14.793,12.051
15623_uff_e=300.23_out,-4.7,0.0,0.0
15623_uff_e=300.23_out,-4.7,27.666,26.9
15623_uff_e=300.23_out,-4.6,22.171,19.806
15623_uff_e=300.23_out,-4.6,21.741,19.821
15623_uff_e=300.23_out,-4.6,27.162,26.487
15623_uff_e=300.23_out,-4.6,11.543,10.762
15623_uff_e=300.23_out,-4.6,21.947,19.959
15623_uff_e=300.23_out,-4.5,2.423,1.783
15623_uff_e=300.23_out,-4.5,11.644,10.774
16078_uff_e=314.14_out,-6.7,0.0,0.0
16078_uff_e=314.14_out,-6.6,24.094,21.49
16078_uff_e=314.14_out,-6.6,3.81,1.483
16078_uff_e=314.14_out,-6.5,2.076,1.434
16078_uff_e=314.14_out,-6.5,22.446,19.743
16078_uff_e=314.14_out,-6.3,23.396,21.69
16078_uff_e=314.14_out,-6.2,5.722,3.146
16078_uff_e=314.14_out,-6.2,22.742,20.089
16078_uff_e=314.14_out,-6.2,21.402,19.167
16142_uff_e=865.53_out,-8.2,0.0,0.0
16142_uff_e=865.53_out,-7.8,23.972,22.061
16142_uff_e=865.53_out,-7.7,24.611,20.889
16142_uff_e=865.53_out,-7.6,26.356,22.491
16142_uff_e=865.53_out,-7.6,22.371,20.293
16142_uff_e=865.53_out,-7.4,24.577,22.502
16142_uff_e=865.53_out,-7.4,25.444,21.472
16142_uff_e=865.53_out,-7.3,10.389,5.584
16142_uff_e=865.53_out,-7.3,25.822,23.468
16441_uff_e=105.26_out,-5.4,0.0,0.0
16441_uff_e=105.26_out,-5.3,1.901,0.877
16441_uff_e=105.26_out,-4.9,4.96,3.438
16441_uff_e=105.26_out,-4.8,3.487,2.017
16441_uff_e=105.26_out,-4.8,4.857,3.297
16441_uff_e=105.26_out,-4.7,22.598,21.794
16441_uff_e=105.26_out,-4.7,21.489,21.187
16441_uff_e=105.26_out,-4.7,4.713,2.856
16441_uff_e=105.26_out,-4.6,4.685,2.808
16666_uff_e=97.02_out,-5.0,0.0,0.0
16666_uff_e=97.02_out,-4.9,2.887,2.11
16666_uff_e=97.02_out,-4.9,4.914,2.946
16666_uff_e=97.02_out,-4.8,4.383,1.34
16666_uff_e=97.02_out,-4.5,22.849,21.285
16666_uff_e=97.02_out,-4.5,4.743,2.886
16666_uff_e=97.02_out,-4.5,22.901,21.677
16666_uff_e=97.02_out,-4.4,22.351,21.146
16666_uff_e=97.02_out,-4.4,3.628,2.476
16724_uff_e=108.50_out,-5.5,0.0,0.0
16724_uff_e=108.50_out,-5.1,4.678,3.08
16724_uff_e=108.50_out,-5.1,2.517,1.567
16724_uff_e=108.50_out,-4.9,4.495,3.005
16724_uff_e=108.50_out,-4.9,22.652,21.414
16724_uff_e=108.50_out,-4.8,23.885,22.516
16724_uff_e=108.50_out,-4.8,4.768,2.072
16724_uff_e=108.50_out,-4.8,4.578,2.0
16724_uff_e=108.50_out,-4.8,19.78,18.859
16747_uff_e=1384.91_out,-4.8,0.0,0.0
16747_uff_e=1384.91_out,-4.7,22.81,21.496
16747_uff_e=1384.91_out,-4.7,23.565,22.196
16747_uff_e=1384.91_out,-4.7,20.87,19.856
16747_uff_e=1384.91_out,-4.6,23.987,21.974
16747_uff_e=1384.91_out,-4.5,4.865,2.962
16747_uff_e=1384.91_out,-4.5,3.226,2.487
16747_uff_e=1384.91_out,-4.5,3.091,2.415
16747_uff_e=1384.91_out,-4.4,4.97,3.461
16754_uff_e=646.12_out,-6.2,0.0,0.0
16754_uff_e=646.12_out,-6.2,35.55,32.034
16754_uff_e=646.12_out,-6.1,13.86,11.099
16754_uff_e=646.12_out,-5.8,14.514,11.959
16754_uff_e=646.12_out,-5.8,32.83,29.244
16754_uff_e=646.12_out,-5.7,34.502,32.372
16754_uff_e=646.12_out,-5.6,10.808,7.529
16754_uff_e=646.12_out,-5.6,35.601,31.947
16754_uff_e=646.12_out,-5.6,13.976,11.562
16822_uff_e=124.04_out,-5.1,0.0,0.0
16822_uff_e=124.04_out,-5.0,3.534,2.314
16822_uff_e=124.04_out,-4.8,5.755,1.598
16822_uff_e=124.04_out,-4.8,13.168,11.007
16822_uff_e=124.04_out,-4.7,19.906,19.044
16822_uff_e=124.04_out,-4.6,23.049,21.655
16822_uff_e=124.04_out,-4.6,13.131,10.773
16822_uff_e=124.04_out,-4.6,2.29,2.033
16822_uff_e=124.04_out,-4.6,5.633,1.557
17100_uff_e=148.61_out,-5.3,0.0,0.0
17100_uff_e=148.61_out,-5.2,3.387,2.285
17100_uff_e=148.61_out,-5.1,3.69,2.592
17100_uff_e=148.61_out,-4.9,3.153,2.276
17100_uff_e=148.61_out,-4.8,21.659,20.722
17100_uff_e=148.61_out,-4.8,21.722,20.606
17100_uff_e=148.61_out,-4.7,3.921,2.159
17100_uff_e=148.61_out,-4.6,22.006,20.379
17100_uff_e=148.61_out,-4.6,22.086,20.743
18818_uff_e=1441.77_out,-5.2,0.0,0.0
18818_uff_e=1441.77_out,-4.8,2.739,1.397
18818_uff_e=1441.77_out,-4.7,2.51,1.07
18818_uff_e=1441.77_out,-4.6,3.394,1.442
18818_uff_e=1441.77_out,-4.5,3.946,1.286
18818_uff_e=1441.77_out,-4.5,22.16,20.581
18818_uff_e=1441.77_out,-4.3,21.608,20.689
18818_uff_e=1441.77_out,-4.3,22.848,21.621
18818_uff_e=1441.77_out,-4.3,4.099,1.418
19009_uff_e=523.09_out,-7.2,0.0,0.0
19009_uff_e=523.09_out,-6.8,7.968,1.463
19009_uff_e=523.09_out,-6.6,8.436,1.46
19009_uff_e=523.09_out,-6.2,22.035,18.141
19009_uff_e=523.09_out,-6.2,23.724,21.647
19009_uff_e=523.09_out,-6.1,3.161,1.965
19009_uff_e=523.09_out,-6.1,24.51,23.405
19009_uff_e=523.09_out,-6.0,3.81,1.868
19009_uff_e=523.09_out,-6.0,22.98,20.133
19100_uff_e=133.13_out,-5.1,0.0,0.0
19100_uff_e=133.13_out,-4.9,3.184,2.554
19100_uff_e=133.13_out,-4.8,13.99,12.387
19100_uff_e=133.13_out,-4.6,24.003,22.849
19100_uff_e=133.13_out,-4.6,24.427,23.325
19100_uff_e=133.13_out,-4.6,22.601,22.023
19100_uff_e=133.13_out,-4.5,19.959,17.971
19100_uff_e=133.13_out,-4.5,22.952,21.785
19100_uff_e=133.13_out,-4.5,22.383,21.034
19212_uff_e=706.08_out,-6.8,0.0,0.0
19212_uff_e=706.08_out,-6.7,25.362,22.845
19212_uff_e=706.08_out,-6.7,5.971,3.482
19212_uff_e=706.08_out,-6.6,4.713,2.614
19212_uff_e=706.08_out,-6.5,28.441,25.166
19212_uff_e=706.08_out,-6.5,8.591,2.9
19212_uff_e=706.08_out,-6.5,7.955,2.228
19212_uff_e=706.08_out,-6.5,8.098,1.997
19212_uff_e=706.08_out,-6.4,7.72,1.91
20485_uff_e=660.61_out,-7.1,0.0,0.0
20485_uff_e=660.61_out,-6.6,1.652,1.39
20485_uff_e=660.61_out,-6.5,4.696,2.721
20485_uff_e=660.61_out,-6.3,22.103,20.353
20485_uff_e=660.61_out,-6.3,24.842,22.712
20485_uff_e=660.61_out,-6.2,4.905,2.253
20485_uff_e=660.61_out,-6.2,4.691,2.149
20485_uff_e=660.61_out,-6.1,25.642,23.365
20485_uff_e=660.61_out,-5.9,4.856,2.42
21171_uff_e=534.35_out,-6.8,0.0,0.0
21171_uff_e=534.35_out,-6.8,26.154,23.774
21171_uff_e=534.35_out,-6.7,23.642,20.913
21171_uff_e=534.35_out,-6.4,8.158,3.736
21171_uff_e=534.35_out,-6.4,7.932,1.393
21171_uff_e=534.35_out,-6.3,7.913,1.95
21171_uff_e=534.35_out,-6.2,8.463,2.569
21171_uff_e=534.35_out,-6.2,2.007,1.389
21171_uff_e=534.35_out,-6.1,25.343,21.791
22226_uff_e=490.46_out,-6.5,0.0,0.0
22226_uff_e=490.46_out,-6.4,1.712,1.53
22226_uff_e=490.46_out,-6.3,3.594,2.218
22226_uff_e=490.46_out,-6.1,5.266,2.345
22226_uff_e=490.46_out,-5.9,23.769,22.591
22226_uff_e=490.46_out,-5.8,22.046,20.271
22226_uff_e=490.46_out,-5.8,24.336,21.798
22226_uff_e=490.46_out,-5.8,5.378,2.183
22226_uff_e=490.46_out,-5.7,12.213,10.84
22311_uff_e=103.67_out,-5.2,0.0,0.0
22311_uff_e=103.67_out,-5.1,4.492,2.497
22311_uff_e=103.67_out,-5.1,1.843,1.189
22311_uff_e=103.67_out,-4.9,4.296,2.028
22311_uff_e=103.67_out,-4.8,4.684,1.173
22311_uff_e=103.67_out,-4.8,3.107,1.489
22311_uff_e=103.67_out,-4.7,4.544,1.074
22311_uff_e=103.67_out,-4.5,23.086,22.042
22311_uff_e=103.67_out,-4.5,3.553,1.516
23135_uff_e=167.30_out,-5.1,0.0,0.0
23135_uff_e=167.30_out,-5.0,1.788,0.162
23135_uff_e=167.30_out,-4.9,2.919,2.316
23135_uff_e=167.30_out,-4.8,2.951,2.188
23135_uff_e=167.30_out,-4.8,2.402,1.333
23135_uff_e=167.30_out,-4.6,3.238,2.54
23135_uff_e=167.30_out,-4.5,14.361,12.975
23135_uff_e=167.30_out,-4.4,14.2,12.713
23135_uff_e=167.30_out,-4.4,23.702,22.466
23205_uff_e=584.13_out,-6.5,0.0,0.0
23205_uff_e=584.13_out,-6.4,4.235,2.608
23205_uff_e=584.13_out,-6.4,12.161,10.319
23205_uff_e=584.13_out,-6.3,20.9,19.714
23205_uff_e=584.13_out,-6.2,9.744,8.197
23205_uff_e=584.13_out,-6.2,9.992,8.525
23205_uff_e=584.13_out,-6.1,5.338,1.68
23205_uff_e=584.13_out,-6.1,3.623,1.917
23205_uff_e=584.13_out,-5.9,11.036,8.904
23335_uff_e=397.24_out,-7.0,0.0,0.0
23335_uff_e=397.24_out,-6.3,25.256,23.265
23335_uff_e=397.24_out,-6.2,14.677,12.469
23335_uff_e=397.24_out,-6.1,3.168,2.514
23335_uff_e=397.24_out,-6.1,24.541,22.511
23335_uff_e=397.24_out,-6.0,24.605,22.707
23335_uff_e=397.24_out,-6.0,25.837,22.533
23335_uff_e=397.24_out,-5.9,3.8,3.166
23335_uff_e=397.24_out,-5.9,11.515,10.637
23890_uff_e=797.32_out,-6.1,0.0,0.0
23890_uff_e=797.32_out,-6.0,12.865,11.098
23890_uff_e=797.32_out,-5.9,23.299,21.084
23890_uff_e=797.32_out,-5.8,24.111,21.526
23890_uff_e=797.32_out,-5.7,13.273,9.851
23890_uff_e=797.32_out,-5.6,13.229,8.614
23890_uff_e=797.32_out,-5.5,13.101,10.916
23890_uff_e=797.32_out,-5.4,16.927,13.861
23890_uff_e=797.32_out,-5.4,24.954,22.042
24360_uff_e=398.19_out,-7.7,0.0,0.0
24360_uff_e=398.19_out,-7.6,25.931,24.27
24360_uff_e=398.19_out,-7.3,26.701,24.991
24360_uff_e=398.19_out,-7.2,18.428,15.643
24360_uff_e=398.19_out,-7.0,23.261,22.714
24360_uff_e=398.19_out,-6.9,27.211,24.155
24360_uff_e=398.19_out,-6.8,22.337,20.735
24360_uff_e=398.19_out,-6.8,21.376,19.533
24360_uff_e=398.19_out,-6.7,21.559,19.474
26305_uff_e=293.46_out,-6.9,0.0,0.0
26305_uff_e=293.46_out,-6.1,4.701,3.561
26305_uff_e=293.46_out,-6.1,2.855,2.194
26305_uff_e=293.46_out,-6.1,23.346,22.005
26305_uff_e=293.46_out,-6.1,23.434,22.137
26305_uff_e=293.46_out,-5.9,22.982,21.894
26305_uff_e=293.46_out,-5.9,6.344,4.197
26305_uff_e=293.46_out,-5.9,16.179,12.918
26305_uff_e=293.46_out,-5.8,22.856,22.045
26447_uff_e=95.20_out,-4.6,0.0,0.0
26447_uff_e=95.20_out,-4.5,12.807,11.351
26447_uff_e=95.20_out,-4.4,12.376,11.481
26447_uff_e=95.20_out,-4.4,11.866,10.584
26447_uff_e=95.20_out,-4.4,11.587,10.548
26447_uff_e=95.20_out,-4.2,12.298,10.667
26447_uff_e=95.20_out,-4.2,14.354,13.094
26447_uff_e=95.20_out,-4.1,4.094,1.848
26447_uff_e=95.20_out,-4.1,11.52,10.086
26819_uff_e=841.89_out,-6.0,0.0,0.0
26819_uff_e=841.89_out,-5.7,24.106,22.162
26819_uff_e=841.89_out,-5.6,26.056,23.037
26819_uff_e=841.89_out,-5.5,24.682,21.619
26819_uff_e=841.89_out,-5.5,11.479,7.324
26819_uff_e=841.89_out,-5.5,11.988,8.153
26819_uff_e=841.89_out,-5.5,35.184,32.145
26819_uff_e=841.89_out,-5.3,7.247,2.099
26819_uff_e=841.89_out,-5.3,5.414,2.467
26905_uff_e=123.25_out,-6.2,0.0,0.0
26905_uff_e=123.25_out,-5.7,3.854,1.913
26905_uff_e=123.25_out,-5.7,20.054,19.46
26905_uff_e=123.25_out,-5.4,23.465,22.159
26905_uff_e=123.25_out,-5.4,19.676,17.608
26905_uff_e=123.25_out,-5.3,20.267,19.395
26905_uff_e=123.25_out,-5.3,18.838,17.004
26905_uff_e=123.25_out,-5.2,12.53,11.383
26905_uff_e=123.25_out,-5.2,13.004,11.609
29025_uff_e=646.76_out,-5.0,0.0,0.0
29025_uff_e=646.76_out,-5.0,2.957,2.13
29025_uff_e=646.76_out,-5.0,2.243,1.656
29025_uff_e=646.76_out,-4.9,3.333,1.483
29025_uff_e=646.76_out,-4.8,3.488,1.949
29025_uff_e=646.76_out,-4.8,12.458,11.128
29025_uff_e=646.76_out,-4.7,3.036,1.947
29025_uff_e=646.76_out,-4.6,3.534,2.119
29025_uff_e=646.76_out,-4.6,11.925,10.71
29746_uff_e=340.82_out,-5.1,0.0,0.0
29746_uff_e=340.82_out,-5.1,11.654,10.263
29746_uff_e=340.82_out,-5.1,3.676,1.16
29746_uff_e=340.82_out,-5.0,11.875,11.088
29746_uff_e=340.82_out,-5.0,11.683,10.568
29746_uff_e=340.82_out,-5.0,11.522,10.178
29746_uff_e=340.82_out,-5.0,3.399,1.133
29746_uff_e=340.82_out,-4.8,11.877,10.637
29746_uff_e=340.82_out,-4.8,2.941,1.636
30219_uff_e=200.16_out,-6.4,0.0,0.0
30219_uff_e=200.16_out,-6.3,7.863,1.495
30219_uff_e=200.16_out,-6.2,25.987,22.909
30219_uff_e=200.16_out,-6.1,24.233,21.559
30219_uff_e=200.16_out,-6.1,22.646,18.009
30219_uff_e=200.16_out,-6.0,3.947,2.113
30219_uff_e=200.16_out,-6.0,26.187,23.342
30219_uff_e=200.16_out,-6.0,27.368,24.42
30219_uff_e=200.16_out,-6.0,25.537,23.336
31116_uff_e=949.73_out,-9.0,0.0,0.0
31116_uff_e=949.73_out,-8.7,10.331,2.771
31116_uff_e=949.73_out,-8.5,10.362,3.125
31116_uff_e=949.73_out,-8.4,26.245,24.286
31116_uff_e=949.73_out,-8.4,23.303,20.675
31116_uff_e=949.73_out,-8.3,4.089,2.927
31116_uff_e=949.73_out,-8.2,10.565,3.526
31116_uff_e=949.73_out,-8.1,26.189,22.006
31116_uff_e=949.73_out,-8.0,23.737,21.186
31161_uff_e=331.11_out,-6.6,0.0,0.0
31161_uff_e=331.11_out,-6.5,23.005,20.3
31161_uff_e=331.11_out,-6.5,7.309,2.798
31161_uff_e=331.11_out,-6.5,22.481,21.831
31161_uff_e=331.11_out,-6.4,21.399,18.967
31161_uff_e=331.11_out,-6.4,7.506,1.767
31161_uff_e=331.11_out,-6.4,19.034,15.044
31161_uff_e=331.11_out,-6.3,1.745,1.089
31161_uff_e=331.11_out,-6.3,8.192,2.837
31211_uff_e=114.76_out,-5.2,0.0,0.0
31211_uff_e=114.76_out,-5.2,4.148,2.777
31211_uff_e=114.76_out,-5.2,4.247,2.536
31211_uff_e=114.76_out,-5.1,4.904,2.809
31211_uff_e=114.76_out,-5.0,5.078,2.817
31211_uff_e=114.76_out,-5.0,4.039,2.839
31211_uff_e=114.76_out,-5.0,23.277,22.604
31211_uff_e=114.76_out,-4.9,23.002,21.789
31211_uff_e=114.76_out,-4.9,5.771,2.116
31253_uff_e=88.93_out,-4.5,0.0,0.0
31253_uff_e=88.93_out,-4.4,4.217,0.82
31253_uff_e=88.93_out,-4.4,2.007,1.136
31253_uff_e=88.93_out,-4.4,1.82,1.057
31253_uff_e=88.93_out,-4.4,3.572,1.639
31253_uff_e=88.93_out,-4.3,5.243,2.091
31253_uff_e=88.93_out,-4.2,3.44,2.327
31253_uff_e=88.93_out,-4.1,22.02,20.617
31253_uff_e=88.93_out,-4.1,2.863,1.578
31762_uff_e=503.96_out,-6.6,0.0,0.0
31762_uff_e=503.96_out,-6.2,4.841,1.392
31762_uff_e=503.96_out,-6.1,23.495,20.678
31762_uff_e=503.96_out,-5.9,4.296,2.309
31762_uff_e=503.96_out,-5.9,12.956,10.755
31762_uff_e=503.96_out,-5.9,4.33,2.38
31762_uff_e=503.96_out,-5.8,4.32,2.291
31762_uff_e=503.96_out,-5.8,21.959,20.096
31762_uff_e=503.96_out,-5.7,21.539,20.026
32209_uff_e=225.33_out,-7.1,0.0,0.0
32209_uff_e=225.33_out,-6.5,3.0,1.184
32209_uff_e=225.33_out,-6.3,5.565,1.576
32209_uff_e=225.33_out,-6.3,6.224,1.566
32209_uff_e=225.33_out,-6.1,24.56,22.481
32209_uff_e=225.33_out,-6.0,14.557,12.814
32209_uff_e=225.33_out,-6.0,23.67,21.744
32209_uff_e=225.33_out,-5.9,21.987,20.04
32209_uff_e=225.33_out,-5.9,2.019,1.489
33306_uff_e=1870.93_out,-7.1,0.0,0.0
33306_uff_e=1870.93_out,-6.8,2.769,1.714
33306_uff_e=1870.93_out,-6.1,24.384,22.513
33306_uff_e=1870.93_out,-6.1,23.764,21.527
33306_uff_e=1870.93_out,-5.9,3.058,2.025
33306_uff_e=1870.93_out,-5.9,4.979,1.839
33306_uff_e=1870.93_out,-5.8,3.084,2.133
33306_uff_e=1870.93_out,-5.8,25.162,22.85
33306_uff_e=1870.93_out,-5.8,21.203,19.483
36433_uff_e=374.22_out,-7.0,0.0,0.0
36433_uff_e=374.22_out,-7.0,24.352,23.372
36433_uff_e=374.22_out,-7.0,21.625,19.311
36433_uff_e=374.22_out,-6.9,19.217,15.528
36433_uff_e=374.22_out,-6.8,7.302,1.775
36433_uff_e=374.22_out,-6.7,22.545,19.156
36433_uff_e=374.22_out,-6.7,25.784,24.093
36433_uff_e=374.22_out,-6.7,8.182,2.186
36433_uff_e=374.22_out,-6.7,3.54,1.535
40305_uff_e=602.79_out,-6.5,0.0,0.0
40305_uff_e=602.79_out,-6.4,7.927,3.152
40305_uff_e=602.79_out,-6.4,25.024,23.128
40305_uff_e=602.79_out,-6.4,24.71,23.048
40305_uff_e=602.79_out,-6.3,24.057,22.625
40305_uff_e=602.79_out,-6.3,24.346,22.936
40305_uff_e=602.79_out,-6.3,23.839,22.937
40305_uff_e=602.79_out,-6.3,16.827,11.54
40305_uff_e=602.79_out,-6.2,25.081,23.724
42295_uff_e=510.22_out,-6.3,0.0,0.0
42295_uff_e=510.22_out,-6.0,5.612,1.696
42295_uff_e=510.22_out,-6.0,3.838,2.375
42295_uff_e=510.22_out,-6.0,5.32,2.127
42295_uff_e=510.22_out,-5.9,25.229,23.781
42295_uff_e=510.22_out,-5.8,5.186,2.178
42295_uff_e=510.22_out,-5.8,23.867,22.357
42295_uff_e=510.22_out,-5.7,4.373,2.036
42295_uff_e=510.22_out,-5.7,13.984,11.426
42738_uff_e=537.99_out,-6.0,0.0,0.0
42738_uff_e=537.99_out,-5.9,22.719,20.885
42738_uff_e=537.99_out,-5.8,22.666,20.795
42738_uff_e=537.99_out,-5.8,8.768,4.743
42738_uff_e=537.99_out,-5.8,7.429,4.884
42738_uff_e=537.99_out,-5.7,20.795,16.578
42738_uff_e=537.99_out,-5.7,7.292,1.935
42738_uff_e=537.99_out,-5.7,6.149,2.638
42738_uff_e=537.99_out,-5.7,2.054,1.678
47936_uff_e=702.78_out,-6.4,0.0,0.0
47936_uff_e=702.78_out,-6.1,25.169,23.11
47936_uff_e=702.78_out,-6.0,9.081,6.083
47936_uff_e=702.78_out,-6.0,6.192,1.971
47936_uff_e=702.78_out,-5.9,5.277,1.765
47936_uff_e=702.78_out,-5.9,23.278,19.88
47936_uff_e=702.78_out,-5.8,10.068,7.822
47936_uff_e=702.78_out,-5.7,25.954,23.393
47936_uff_e=702.78_out,-5.7,13.012,8.839
51683_uff_e=300.28_out,-4.9,0.0,0.0
51683_uff_e=300.28_out,-4.8,4.12,1.937
51683_uff_e=300.28_out,-4.8,2.951,2.076
51683_uff_e=300.28_out,-4.8,1.874,1.702
51683_uff_e=300.28_out,-4.7,3.684,2.245
51683_uff_e=300.28_out,-4.6,3.262,2.339
51683_uff_e=300.28_out,-4.5,3.322,1.663
51683_uff_e=300.28_out,-4.4,22.199,21.564
51683_uff_e=300.28_out,-4.4,20.513,19.099
54445_uff_e=345.46_out,-5.1,0.0,0.0
54445_uff_e=345.46_out,-5.0,4.018,1.504
54445_uff_e=345.46_out,-4.9,3.786,1.994
54445_uff_e=345.46_out,-4.9,3.395,2.66
54445_uff_e=345.46_out,-4.7,2.581,1.93
54445_uff_e=345.46_out,-4.7,3.921,1.97
54445_uff_e=345.46_out,-4.6,2.706,1.802
54445_uff_e=345.46_out,-4.6,2.58,2.307
54445_uff_e=345.46_out,-4.5,3.678,2.297
60838_uff_e=671.48_out,-8.6,0.0,0.0
60838_uff_e=671.48_out,-8.4,25.979,22.483
60838_uff_e=671.48_out,-8.3,22.81,17.831
60838_uff_e=671.48_out,-8.1,10.45,6.412
60838_uff_e=671.48_out,-8.1,9.551,6.128
60838_uff_e=671.48_out,-8.1,8.06,4.111
60838_uff_e=671.48_out,-8.0,25.003,21.55
60838_uff_e=671.48_out,-8.0,24.304,22.818
60838_uff_e=671.48_out,-8.0,9.974,5.963
61041_uff_e=194.74_out,-5.5,0.0,0.0
61041_uff_e=194.74_out,-5.3,2.546,1.342
61041_uff_e=194.74_out,-4.9,3.218,2.087
61041_uff_e=194.74_out,-4.8,3.231,1.942
61041_uff_e=194.74_out,-4.8,2.982,1.524
61041_uff_e=194.74_out,-4.6,3.366,1.802
61041_uff_e=194.74_out,-4.6,19.874,19.051
61041_uff_e=194.74_out,-4.5,12.228,10.548
61041_uff_e=194.74_out,-4.5,33.449,31.597
61130_uff_e=637.36_out,-5.0,0.0,0.0
61130_uff_e=637.36_out,-4.9,3.266,1.967
61130_uff_e=637.36_out,-4.9,2.308,1.176
61130_uff_e=637.36_out,-4.8,12.01,10.598
61130_uff_e=637.36_out,-4.7,20.286,19.277
61130_uff_e=637.36_out,-4.6,3.548,1.897
61130_uff_e=637.36_out,-4.6,3.324,2.071
61130_uff_e=637.36_out,-4.5,2.753,2.112
61130_uff_e=637.36_out,-4.4,2.768,1.74
61362_uff_e=124.26_out,-5.2,0.0,0.0
61362_uff_e=124.26_out,-5.0,2.982,1.809
61362_uff_e=124.26_out,-4.7,1.584,1.198
61362_uff_e=124.26_out,-4.6,1.986,1.422
61362_uff_e=124.26_out,-4.5,11.652,10.586
61362_uff_e=124.26_out,-4.5,22.029,20.978
61362_uff_e=124.26_out,-4.4,2.759,2.03
61362_uff_e=124.26_out,-4.4,4.141,2.374
61362_uff_e=124.26_out,-4.4,4.073,1.543
62258_uff_e=106.47_out,-4.9,0.0,0.0
62258_uff_e=106.47_out,-4.7,2.126,1.972
62258_uff_e=106.47_out,-4.7,3.054,2.417
62258_uff_e=106.47_out,-4.6,1.638,1.395
62258_uff_e=106.47_out,-4.6,1.698,0.859
62258_uff_e=106.47_out,-4.5,4.079,2.765
62258_uff_e=106.47_out,-4.5,2.21,1.36
62258_uff_e=106.47_out,-4.4,4.876,2.096
62258_uff_e=106.47_out,-4.3,12.616,10.92
63123_uff_e=249.01_out,-7.0,0.0,0.0
63123_uff_e=249.01_out,-6.3,23.57,22.101
63123_uff_e=249.01_out,-6.2,2.377,1.514
63123_uff_e=249.01_out,-6.2,4.739,3.308
63123_uff_e=249.01_out,-6.2,24.989,23.596
63123_uff_e=249.01_out,-6.1,6.138,3.108
63123_uff_e=249.01_out,-6.0,15.872,13.72
63123_uff_e=249.01_out,-5.8,23.223,21.432
63123_uff_e=249.01_out,-5.7,5.951,2.694
63224_uff_e=249.81_out,-6.6,0.0,0.0
63224_uff_e=249.81_out,-6.6,24.164,21.903
63224_uff_e=249.81_out,-6.5,24.383,22.068
63224_uff_e=249.81_out,-6.4,21.377,18.416
63224_uff_e=249.81_out,-6.4,23.16,21.088
63224_uff_e=249.81_out,-6.4,21.465,18.701
63224_uff_e=249.81_out,-6.3,24.76,23.176
63224_uff_e=249.81_out,-6.2,24.796,22.602
63224_uff_e=249.81_out,-6.1,24.196,22.791
64685_uff_e=467.95_out,-4.6,0.0,0.0
64685_uff_e=467.95_out,-4.5,2.957,1.492
64685_uff_e=467.95_out,-4.4,11.547,9.887
64685_uff_e=467.95_out,-4.4,2.23,1.389
64685_uff_e=467.95_out,-4.3,2.481,1.062
64685_uff_e=467.95_out,-4.3,11.356,9.765
64685_uff_e=467.95_out,-4.3,11.556,9.879
64685_uff_e=467.95_out,-4.3,3.027,1.409
64685_uff_e=467.95_out,-4.3,11.136,9.533
64695_uff_e=568.52_out,-6.2,0.0,0.0
64695_uff_e=568.52_out,-6.0,23.862,21.66
64695_uff_e=568.52_out,-6.0,4.231,2.526
64695_uff_e=568.52_out,-5.9,3.968,2.497
64695_uff_e=568.52_out,-5.9,5.076,3.678
64695_uff_e=568.52_out,-5.9,23.444,21.806
64695_uff_e=568.52_out,-5.7,23.667,22.038
64695_uff_e=568.52_out,-5.7,4.824,2.328
64695_uff_e=568.52_out,-5.7,24.161,21.74
64696_uff_e=440.88_out,-5.9,0.0,0.0
64696_uff_e=440.88_out,-5.8,2.195,1.473
64696_uff_e=440.88_out,-5.7,24.769,22.885
64696_uff_e=440.88_out,-5.5,22.288,20.295
64696_uff_e=440.88_out,-5.5,23.976,22.322
64696_uff_e=440.88_out,-5.4,21.247,20.395
64696_uff_e=440.88_out,-5.4,23.896,22.579
64696_uff_e=440.88_out,-5.4,24.989,23.58
64696_uff_e=440.88_out,-5.4,5.556,3.001
64945_uff_e=806.35_out,-7.4,0.0,0.0
64945_uff_e=806.35_out,-7.3,24.227,20.613
64945_uff_e=806.35_out,-7.2,24.753,23.123
64945_uff_e=806.35_out,-7.2,35.43,32.948
64945_uff_e=806.35_out,-7.1,8.071,2.295
64945_uff_e=806.35_out,-7.1,8.213,2.05
64945_uff_e=806.35_out,-7.1,26.07,23.065
64945_uff_e=806.35_out,-7.0,25.845,22.911
64945_uff_e=806.35_out,-7.0,3.556,2.465
64959_uff_e=466.84_out,-6.1,0.0,0.0
64959_uff_e=466.84_out,-5.8,3.911,2.397
64959_uff_e=466.84_out,-5.5,6.355,3.251
64959_uff_e=466.84_out,-5.5,21.469,19.277
64959_uff_e=466.84_out,-5.4,7.176,3.834
64959_uff_e=466.84_out,-5.3,3.403,1.976
64959_uff_e=466.84_out,-5.2,17.022,14.911
64959_uff_e=466.84_out,-5.2,12.62,9.73
64959_uff_e=466.84_out,-5.2,5.435,2.896
64971_uff_e=794.15_out,-7.1,0.0,0.0
64971_uff_e=794.15_out,-7.0,1.688,1.2
64971_uff_e=794.15_out,-6.8,9.461,4.041
64971_uff_e=794.15_out,-6.7,25.363,23.521
64971_uff_e=794.15_out,-6.7,8.308,1.542
64971_uff_e=794.15_out,-6.7,23.555,19.58
64971_uff_e=794.15_out,-6.6,35.052,32.253
64971_uff_e=794.15_out,-6.6,25.419,22.86
64971_uff_e=794.15_out,-6.6,23.915,21.786
64972_uff_e=314.48_out,-6.8,0.0,0.0
64972_uff_e=314.48_out,-6.8,40.187,37.362
64972_uff_e=314.48_out,-6.8,26.546,24.286
64972_uff_e=314.48_out,-6.7,27.255,24.751
64972_uff_e=314.48_out,-6.6,22.979,20.15
64972_uff_e=314.48_out,-6.5,4.491,1.483
64972_uff_e=314.48_out,-6.5,25.169,23.483
64972_uff_e=314.48_out,-6.5,41.922,39.54
64972_uff_e=314.48_out,-6.5,26.165,24.291
64981_uff_e=592.16_out,-5.7,0.0,0.0
64981_uff_e=592.16_out,-5.6,4.873,2.396
64981_uff_e=592.16_out,-5.5,24.697,22.143
64981_uff_e=592.16_out,-5.5,5.49,0.768
64981_uff_e=592.16_out,-5.4,24.634,22.828
64981_uff_e=592.16_out,-5.4,24.281,22.626
64981_uff_e=592.16_out,-5.4,23.031,20.635
64981_uff_e=592.16_out,-5.2,6.701,2.487
64981_uff_e=592.16_out,-5.2,6.842,2.407
64982_uff_e=440.93_out,-7.7,0.0,0.0
64982_uff_e=440.93_out,-7.5,25.883,23.284
64982_uff_e=440.93_out,-7.5,23.801,21.532
64982_uff_e=440.93_out,-7.4,26.088,23.409
64982_uff_e=440.93_out,-7.4,24.524,22.097
64982_uff_e=440.93_out,-7.2,26.348,23.76
64982_uff_e=440.93_out,-7.1,24.646,20.316
64982_uff_e=440.93_out,-7.1,5.339,2.664
64982_uff_e=440.93_out,-7.0,14.311,11.934
65030_uff_e=325.28_out,-6.3,0.0,0.0
65030_uff_e=325.28_out,-6.2,3.941,1.952
65030_uff_e=325.28_out,-6.2,24.992,23.475
65030_uff_e=325.28_out,-6.2,24.018,22.602
65030_uff_e=325.28_out,-6.1,25.109,23.396
65030_uff_e=325.28_out,-6.0,11.912,8.299
65030_uff_e=325.28_out,-5.9,24.926,23.579
65030_uff_e=325.28_out,-5.8,25.377,23.545
65030_uff_e=325.28_out,-5.8,12.926,10.961
65064_uff_e=328.62_out,-7.6,0.0,0.0
65064_uff_e=328.62_out,-7.5,24.337,22.011
65064_uff_e=328.62_out,-7.5,1.47,0.263
65064_uff_e=328.62_out,-7.5,23.688,21.327
65064_uff_e=328.62_out,-7.4,6.553,1.688
65064_uff_e=328.62_out,-7.4,24.772,22.263
65064_uff_e=328.62_out,-7.3,23.712,21.776
65064_uff_e=328.62_out,-7.2,6.409,1.732
65064_uff_e=328.62_out,-7.2,24.831,22.398
65084_uff_e=212.41_out,-6.3,0.0,0.0
65084_uff_e=212.41_out,-6.3,20.259,17.246
65084_uff_e=212.41_out,-6.3,20.245,17.256
65084_uff_e=212.41_out,-6.3,24.101,21.791
65084_uff_e=212.41_out,-6.3,26.012,23.64
65084_uff_e=212.41_out,-6.3,24.092,21.765
65084_uff_e=212.41_out,-6.2,25.865,23.507
65084_uff_e=212.41_out,-6.1,24.568,23.04
65084_uff_e=212.41_out,-6.1,24.723,23.359
65090_uff_e=256.72_out,-7.1,0.0,0.0
65090_uff_e=256.72_out,-6.8,4.719,0.73
65090_uff_e=256.72_out,-6.0,21.338,20.376
65090_uff_e=256.72_out,-5.9,20.22,18.803
65090_uff_e=256.72_out,-5.7,2.551,1.848
65090_uff_e=256.72_out,-5.7,4.057,3.056
65090_uff_e=256.72_out,-5.6,12.493,10.959
65090_uff_e=256.72_out,-5.6,14.282,12.441
65090_uff_e=256.72_out,-5.6,22.141,21.442
65156_uff_e=341.16_out,-6.5,0.0,0.0
65156_uff_e=341.16_out,-6.4,1.869,1.711
65156_uff_e=341.16_out,-6.1,2.802,1.64
65156_uff_e=341.16_out,-5.9,4.712,3.112
65156_uff_e=341.16_out,-5.9,5.39,1.583
65156_uff_e=341.16_out,-5.9,24.242,22.511
65156_uff_e=341.16_out,-5.8,2.211,1.745
65156_uff_e=341.16_out,-5.8,5.179,2.738
65156_uff_e=341.16_out,-5.7,11.724,10.086
65188_uff_e=136.58_out,-6.4,0.0,0.0
65188_uff_e=136.58_out,-6.3,23.089,22.089
65188_uff_e=136.58_out,-6.3,23.364,22.33
65188_uff_e=136.58_out,-6.2,23.13,21.468
65188_uff_e=136.58_out,-6.1,21.283,19.507
65188_uff_e=136.58_out,-6.1,23.258,22.612
65188_uff_e=136.58_out,-6.1,4.814,3.145
65188_uff_e=136.58_out,-6.1,23.266,22.244
65188_uff_e=136.58_out,-6.0,23.085,22.097
65305_uff_e=724.99_out,-6.5,0.0,0.0
65305_uff_e=724.99_out,-6.3,5.575,2.939
65305_uff_e=724.99_out,-6.3,5.71,2.399
65305_uff_e=724.99_out,-6.1,6.083,3.176
65305_uff_e=724.99_out,-5.9,4.402,2.76
65305_uff_e=724.99_out,-5.9,24.403,22.776
65305_uff_e=724.99_out,-5.8,5.532,3.174
65305_uff_e=724.99_out,-5.8,10.686,8.639
65305_uff_e=724.99_out,-5.8,24.601,22.476
65366_uff_e=1557.14_out,-6.4,0.0,0.0
65366_uff_e=1557.14_out,-6.4,5.608,2.369
65366_uff_e=1557.14_out,-6.2,5.724,2.557
65366_uff_e=1557.14_out,-6.2,6.717,1.957
65366_uff_e=1557.14_out,-6.1,6.013,2.339
65366_uff_e=1557.14_out,-6.1,6.849,2.194
65366_uff_e=1557.14_out,-6.1,12.9,9.168
65366_uff_e=1557.14_out,-6.0,4.797,1.97
65366_uff_e=1557.14_out,-6.0,5.244,1.95
65373_uff_e=446.28_out,-5.6,0.0,0.0
65373_uff_e=446.28_out,-5.6,4.446,0.232
65373_uff_e=446.28_out,-5.5,2.663,1.109
65373_uff_e=446.28_out,-5.5,4.115,0.816
65373_uff_e=446.28_out,-5.5,2.197,1.202
65373_uff_e=446.28_out,-5.3,5.182,1.964
65373_uff_e=446.28_out,-5.0,22.741,20.323
65373_uff_e=446.28_out,-5.0,22.911,20.372
65373_uff_e=446.28_out,-4.9,5.38,1.994
65380_uff_e=623.12_out,-6.8,0.0,0.0
65380_uff_e=623.12_out,-6.7,29.734,27.072
65380_uff_e=623.12_out,-6.7,9.396,4.207
65380_uff_e=623.12_out,-6.6,9.296,4.238
65380_uff_e=623.12_out,-6.5,29.842,24.805
65380_uff_e=623.12_out,-6.4,27.616,23.465
65380_uff_e=623.12_out,-6.3,27.973,22.763
65380_uff_e=623.12_out,-6.3,36.437,31.989
65380_uff_e=623.12_out,-6.3,7.499,4.317
65571_uff_e=611.98_out,-7.4,0.0,0.0
65571_uff_e=611.98_out,-7.0,24.089,21.116
65571_uff_e=611.98_out,-6.8,5.38,2.939
65571_uff_e=611.98_out,-6.7,12.367,9.573
65571_uff_e=611.98_out,-6.6,12.553,9.757
65571_uff_e=611.98_out,-6.3,11.708,8.929
65571_uff_e=611.98_out,-6.3,4.847,2.518
65571_uff_e=611.98_out,-6.2,24.139,21.909
65571_uff_e=611.98_out,-6.2,24.975,22.643
65575_uff_e=583.62_out,-6.0,0.0,0.0
65575_uff_e=583.62_out,-5.9,3.174,1.165
65575_uff_e=583.62_out,-5.8,11.985,9.847
65575_uff_e=583.62_out,-5.8,12.034,9.931
65575_uff_e=583.62_out,-5.6,4.109,1.719
65575_uff_e=583.62_out,-5.5,23.563,22.112
65575_uff_e=583.62_out,-5.5,11.736,9.993
65575_uff_e=583.62_out,-5.4,3.328,1.662
65575_uff_e=583.62_out,-5.3,10.985,9.161
65576_uff_e=679.27_out,-7.7,0.0,0.0
65576_uff_e=679.27_out,-7.7,9.307,2.745
65576_uff_e=679.27_out,-7.5,9.053,2.75
65576_uff_e=679.27_out,-7.5,3.685,2.595
65576_uff_e=679.27_out,-7.5,24.692,23.585
65576_uff_e=679.27_out,-7.5,8.731,3.578
65576_uff_e=679.27_out,-7.3,26.198,24.123
65576_uff_e=679.27_out,-7.3,25.291,22.998
65576_uff_e=679.27_out,-7.3,5.504,3.743
65689_uff_e=1810.53_out,-5.7,0.0,0.0
65689_uff_e=1810.53_out,-5.7,25.347,23.544
65689_uff_e=1810.53_out,-5.6,9.863,4.975
65689_uff_e=1810.53_out,-5.5,8.75,4.358
65689_uff_e=1810.53_out,-5.4,7.168,2.469
65689_uff_e=1810.53_out,-5.4,7.2,3.625
65689_uff_e=1810.53_out,-5.3,5.112,2.738
65689_uff_e=1810.53_out,-5.3,23.259,19.477
65689_uff_e=1810.53_out,-5.2,7.789,2.35
65719_uff_e=463.66_out,-6.4,0.0,0.0
65719_uff_e=463.66_out,-6.1,22.553,21.051
65719_uff_e=463.66_out,-5.9,25.022,22.837
65719_uff_e=463.66_out,-5.8,4.425,3.124
65719_uff_e=463.66_out,-5.8,24.729,22.542
65719_uff_e=463.66_out,-5.7,17.882,15.419
65719_uff_e=463.66_out,-5.7,15.148,11.054
65719_uff_e=463.66_out,-5.6,6.424,2.65
65719_uff_e=463.66_out,-5.6,3.577,2.307
65727_uff_e=692.59_out,-7.7,0.0,0.0
65727_uff_e=692.59_out,-7.5,8.482,5.569
65727_uff_e=692.59_out,-7.5,27.31,25.247
65727_uff_e=692.59_out,-7.3,28.109,25.67
65727_uff_e=692.59_out,-7.3,25.746,23.836
65727_uff_e=692.59_out,-7.2,26.588,24.337
65727_uff_e=692.59_out,-7.2,28.613,24.633
65727_uff_e=692.59_out,-7.1,26.783,24.44
65727_uff_e=692.59_out,-7.1,16.279,13.424
65752_uff_e=420.76_out,-7.9,0.0,0.0
65752_uff_e=420.76_out,-7.3,6.66,1.332
65752_uff_e=420.76_out,-7.2,25.042,23.544
65752_uff_e=420.76_out,-7.2,20.94,18.102
65752_uff_e=420.76_out,-7.2,1.734,1.209
65752_uff_e=420.76_out,-7.0,25.483,23.644
65752_uff_e=420.76_out,-6.9,24.216,23.306
65752_uff_e=420.76_out,-6.8,24.537,23.003
65752_uff_e=420.76_out,-6.7,14.032,12.222
66948_uff_e=133.53_out,-4.4,0.0,0.0
66948_uff_e=133.53_out,-4.1,2.916,1.289
66948_uff_e=133.53_out,-3.9,18.465,17.981
66948_uff_e=133.53_out,-3.8,3.547,2.072
66948_uff_e=133.53_out,-3.8,18.451,18.055
66948_uff_e=133.53_out,-3.7,2.051,1.581
66948_uff_e=133.53_out,-3.6,12.116,11.427
66948_uff_e=133.53_out,-3.6,20.801,20.407
66948_uff_e=133.53_out,-3.5,2.376,1.997
67179_uff_e=123.94_out,-4.5,0.0,0.0
67179_uff_e=123.94_out,-4.5,4.863,1.569
67179_uff_e=123.94_out,-4.4,11.644,11.11
67179_uff_e=123.94_out,-4.4,4.63,1.738
67179_uff_e=123.94_out,-4.3,2.384,1.647
67179_uff_e=123.94_out,-4.3,2.616,2.151
67179_uff_e=123.94_out,-4.3,2.315,1.656
67179_uff_e=123.94_out,-4.3,22.704,21.462
67179_uff_e=123.94_out,-4.2,3.349,1.941
68051_uff_e=440.70_out,-6.2,0.0,0.0
68051_uff_e=440.70_out,-6.0,28.346,25.443
68051_uff_e=440.70_out,-5.9,26.186,23.611
68051_uff_e=440.70_out,-5.9,26.957,24.104
68051_uff_e=440.70_out,-5.8,26.742,23.954
68051_uff_e=440.70_out,-5.8,27.836,24.872
68051_uff_e=440.70_out,-5.8,25.582,22.753
68051_uff_e=440.70_out,-5.7,26.585,23.779
68051_uff_e=440.70_out,-5.6,26.745,23.99
68071_uff_e=213.98_out,-6.9,0.0,0.0
68071_uff_e=213.98_out,-6.5,5.399,3.98
68071_uff_e=213.98_out,-6.5,24.047,22.46
68071_uff_e=213.98_out,-6.5,6.116,3.564
68071_uff_e=213.98_out,-6.4,5.217,4.048
68071_uff_e=213.98_out,-6.4,23.085,21.343
68071_uff_e=213.98_out,-6.3,23.604,22.582
68071_uff_e=213.98_out,-6.3,21.496,19.953
68071_uff_e=213.98_out,-6.2,12.198,10.5
68077_uff_e=560.13_out,-5.7,0.0,0.0
68077_uff_e=560.13_out,-5.6,10.43,3.026
68077_uff_e=560.13_out,-5.6,18.339,15.463
68077_uff_e=560.13_out,-5.6,21.0,16.973
68077_uff_e=560.13_out,-5.5,4.361,1.878
68077_uff_e=560.13_out,-5.5,10.834,3.324
68077_uff_e=560.13_out,-5.5,23.205,21.329
68077_uff_e=560.13_out,-5.5,3.359,2.023
68077_uff_e=560.13_out,-5.4,27.47,24.614
68079_uff_e=393.71_out,-5.4,0.0,0.0
68079_uff_e=393.71_out,-5.4,15.031,14.191
68079_uff_e=393.71_out,-5.4,21.021,19.616
68079_uff_e=393.71_out,-5.3,14.164,13.347
68079_uff_e=393.71_out,-5.3,20.601,19.459
68079_uff_e=393.71_out,-5.3,14.135,13.336
68079_uff_e=393.71_out,-5.3,17.174,14.103
68079_uff_e=393.71_out,-5.3,13.233,12.393
68079_uff_e=393.71_out,-5.3,20.202,17.829
68085_uff_e=337.08_out,-6.3,0.0,0.0
68085_uff_e=337.08_out,-5.8,22.245,21.187
68085_uff_e=337.08_out,-5.5,23.511,22.116
68085_uff_e=337.08_out,-5.4,3.337,1.605
68085_uff_e=337.08_out,-5.4,4.127,2.079
68085_uff_e=337.08_out,-5.3,11.031,9.637
68085_uff_e=337.08_out,-5.3,2.362,1.721
68085_uff_e=337.08_out,-5.1,23.836,22.573
68085_uff_e=337.08_out,-5.1,20.372,19.42
68111_uff_e=208.74_out,-7.1,0.0,0.0
68111_uff_e=208.74_out,-6.9,5.347,0.918
68111_uff_e=208.74_out,-6.2,3.025,2.264
68111_uff_e=208.74_out,-6.2,4.404,3.309
68111_uff_e=208.74_out,-6.1,22.954,22.112
68111_uff_e=208.74_out,-6.1,25.221,23.083
68111_uff_e=208.74_out,-6.1,24.66,22.721
68111_uff_e=208.74_out,-6.0,21.575,19.493
68111_uff_e=208.74_out,-6.0,6.342,2.948
68148_uff_e=83.28_out,-5.0,0.0,0.0
68148_uff_e=83.28_out,-5.0,1.607,0.443
68148_uff_e=83.28_out,-4.7,2.948,1.987
68148_uff_e=83.28_out,-4.7,2.477,1.913
68148_uff_e=83.28_out,-4.6,21.31,20.135
68148_uff_e=83.28_out,-4.6,21.262,20.162
68148_uff_e=83.28_out,-4.6,22.756,21.79
68148_uff_e=83.28_out,-4.5,4.932,2.91
68148_uff_e=83.28_out,-4.4,4.986,2.963
68161_uff_e=74.09_out,-3.4,0.0,0.0
68161_uff_e=74.09_out,-3.2,2.047,0.397
68161_uff_e=74.09_out,-3.2,10.643,10.099
68161_uff_e=74.09_out,-3.1,22.605,21.664
68161_uff_e=74.09_out,-3.1,3.106,1.705
68161_uff_e=74.09_out,-3.1,2.623,2.006
68161_uff_e=74.09_out,-3.1,10.251,9.716
68161_uff_e=74.09_out,-3.0,22.632,21.722
68161_uff_e=74.09_out,-3.0,18.774,18.492
68184_uff_e=633.65_out,-6.9,0.0,0.0
68184_uff_e=633.65_out,-6.7,7.312,4.983
68184_uff_e=633.65_out,-6.7,7.336,2.61
68184_uff_e=633.65_out,-6.7,2.288,1.68
68184_uff_e=633.65_out,-6.5,14.596,11.64
68184_uff_e=633.65_out,-6.5,13.973,10.741
68184_uff_e=633.65_out,-6.3,26.908,23.995
68184_uff_e=633.65_out,-6.3,23.139,20.412
68184_uff_e=633.65_out,-6.3,21.12,16.587
68221_uff_e=542.65_out,-5.6,0.0,0.0
68221_uff_e=542.65_out,-5.5,22.335,19.809
68221_uff_e=542.65_out,-5.5,6.073,1.202
68221_uff_e=542.65_out,-5.5,15.982,15.127
68221_uff_e=542.65_out,-5.5,20.894,19.24
68221_uff_e=542.65_out,-5.5,22.846,19.767
68221_uff_e=542.65_out,-5.3,5.702,2.534
68221_uff_e=542.65_out,-5.3,6.06,1.533
68221_uff_e=542.65_out,-5.3,17.778,14.815
68222_uff_e=425.46_out,-5.3,0.0,0.0
68222_uff_e=425.46_out,-5.2,24.272,23.257
68222_uff_e=425.46_out,-5.2,23.061,21.491
68222_uff_e=425.46_out,-5.2,9.901,7.44
68222_uff_e=425.46_out,-5.1,24.228,22.632
68222_uff_e=425.46_out,-5.1,24.7,23.382
68222_uff_e=425.46_out,-5.0,22.746,21.605
68222_uff_e=425.46_out,-5.0,4.476,2.417
68222_uff_e=425.46_out,-5.0,35.189,31.837
68229_uff_e=139.15_out,-6.6,0.0,0.0
68229_uff_e=139.15_out,-6.5,2.757,1.989
68229_uff_e=139.15_out,-6.5,20.618,19.101
68229_uff_e=139.15_out,-6.4,4.32,1.948
68229_uff_e=139.15_out,-6.3,22.584,21.557
68229_uff_e=139.15_out,-6.2,22.983,21.896
68229_uff_e=139.15_out,-6.1,6.071,1.818
68229_uff_e=139.15_out,-5.9,3.889,2.465
68229_uff_e=139.15_out,-5.9,23.858,22.923
68230_uff_e=144.18_out,-6.8,0.0,0.0
68230_uff_e=144.18_out,-6.3,2.132,1.683
68230_uff_e=144.18_out,-6.3,3.605,2.0
68230_uff_e=144.18_out,-6.0,22.193,20.957
68230_uff_e=144.18_out,-6.0,21.949,20.646
68230_uff_e=144.18_out,-6.0,11.474,9.666
68230_uff_e=144.18_out,-5.9,5.494,2.543
68230_uff_e=144.18_out,-5.8,24.626,22.793
68230_uff_e=144.18_out,-5.8,5.261,2.787
68232_uff_e=454.95_out,-6.2,0.0,0.0
68232_uff_e=454.95_out,-6.0,22.786,21.634
68232_uff_e=454.95_out,-5.7,23.742,22.315
68232_uff_e=454.95_out,-5.7,5.889,1.971
68232_uff_e=454.95_out,-5.7,22.785,21.623
68232_uff_e=454.95_out,-5.6,5.274,1.334
68232_uff_e=454.95_out,-5.6,11.146,9.452
68232_uff_e=454.95_out,-5.6,20.529,19.425
68232_uff_e=454.95_out,-5.5,15.297,13.556
68252_uff_e=190.07_out,-5.4,0.0,0.0
68252_uff_e=190.07_out,-5.3,3.994,2.042
68252_uff_e=190.07_out,-5.2,23.201,21.867
68252_uff_e=190.07_out,-5.1,3.696,1.834
68252_uff_e=190.07_out,-4.9,22.99,21.31
68252_uff_e=190.07_out,-4.9,10.884,9.16
68252_uff_e=190.07_out,-4.8,2.063,1.514
68252_uff_e=190.07_out,-4.8,4.694,2.203
68252_uff_e=190.07_out,-4.8,24.649,23.246
68313_uff_e=135.37_out,-5.0,0.0,0.0
68313_uff_e=135.37_out,-4.8,3.0,2.251
68313_uff_e=135.37_out,-4.7,3.035,2.332
68313_uff_e=135.37_out,-4.6,2.908,1.828
68313_uff_e=135.37_out,-4.5,3.41,2.574
68313_uff_e=135.37_out,-4.3,20.593,19.011
68313_uff_e=135.37_out,-4.3,22.676,20.95
68313_uff_e=135.37_out,-4.3,13.816,12.208
68313_uff_e=135.37_out,-4.3,19.459,18.757
68374_uff_e=237.64_out,-5.1,0.0,0.0
68374_uff_e=237.64_out,-5.1,10.639,10.075
68374_uff_e=237.64_out,-5.0,15.912,14.751
68374_uff_e=237.64_out,-5.0,3.656,2.196
68374_uff_e=237.64_out,-5.0,4.76,2.546
68374_uff_e=237.64_out,-5.0,2.505,1.543
68374_uff_e=237.64_out,-5.0,14.921,14.355
68374_uff_e=237.64_out,-5.0,15.067,14.18
68374_uff_e=237.64_out,-4.9,3.341,2.231
68433_uff_e=500.64_out,-6.6,0.0,0.0
68433_uff_e=500.64_out,-6.1,24.664,22.564
68433_uff_e=500.64_out,-6.0,4.514,2.183
68433_uff_e=500.64_out,-5.8,14.704,12.699
68433_uff_e=500.64_out,-5.8,27.55,24.102
68433_uff_e=500.64_out,-5.7,14.595,12.001
68433_uff_e=500.64_out,-5.7,3.246,2.092
68433_uff_e=500.64_out,-5.7,14.214,12.481
68433_uff_e=500.64_out,-5.7,3.65,1.254
69160_uff_e=251.71_out,-5.3,0.0,0.0
69160_uff_e=251.71_out,-5.3,4.115,1.701
69160_uff_e=251.71_out,-5.2,4.415,2.98
69160_uff_e=251.71_out,-5.2,15.21,14.603
69160_uff_e=251.71_out,-5.1,22.286,21.942
69160_uff_e=251.71_out,-5.1,9.902,9.45
69160_uff_e=251.71_out,-5.1,4.707,1.885
69160_uff_e=251.71_out,-5.0,24.125,22.749
69160_uff_e=251.71_out,-4.9,14.992,14.659
69502_uff_e=346.19_out,-7.7,0.0,0.0
69502_uff_e=346.19_out,-7.3,4.54,1.362
69502_uff_e=346.19_out,-6.6,23.662,22.438
69502_uff_e=346.19_out,-6.4,21.591,20.548
69502_uff_e=346.19_out,-6.4,24.073,22.638
69502_uff_e=346.19_out,-6.3,21.333,19.859
69502_uff_e=346.19_out,-6.2,3.156,1.867
69502_uff_e=346.19_out,-6.1,5.994,2.827
69502_uff_e=346.19_out,-6.0,12.475,9.84
69726_uff_e=258.48_out,-5.3,0.0,0.0
69726_uff_e=258.48_out,-5.1,14.897,13.784
69726_uff_e=258.48_out,-5.1,13.049,11.184
69726_uff_e=258.48_out,-5.1,4.016,2.068
69726_uff_e=258.48_out,-5.0,13.667,12.981
69726_uff_e=258.48_out,-5.0,17.155,15.07
69726_uff_e=258.48_out,-5.0,16.982,14.964
69726_uff_e=258.48_out,-4.9,24.663,23.324
69726_uff_e=258.48_out,-4.9,15.494,14.258
70639_uff_e=241.69_out,-5.3,0.0,0.0
70639_uff_e=241.69_out,-5.2,3.134,2.018
70639_uff_e=241.69_out,-5.1,3.438,1.849
70639_uff_e=241.69_out,-5.1,3.393,1.795
70639_uff_e=241.69_out,-5.0,4.282,1.908
70639_uff_e=241.69_out,-5.0,3.34,1.838
70639_uff_e=241.69_out,-5.0,3.075,1.713
70639_uff_e=241.69_out,-4.9,2.984,1.917
70639_uff_e=241.69_out,-4.8,3.063,2.286
70962_uff_e=82.02_out,-4.9,0.0,0.0
70962_uff_e=82.02_out,-4.8,4.209,1.449
70962_uff_e=82.02_out,-4.7,1.54,1.281
70962_uff_e=82.02_out,-4.6,11.278,10.071
70962_uff_e=82.02_out,-4.5,3.132,2.11
70962_uff_e=82.02_out,-4.5,3.833,1.871
70962_uff_e=82.02_out,-4.5,12.792,11.357
70962_uff_e=82.02_out,-4.4,26.257,25.291
70962_uff_e=82.02_out,-4.4,3.906,1.772
71203_uff_e=495.70_out,-7.4,0.0,0.0
71203_uff_e=495.70_out,-7.2,5.055,1.205
71203_uff_e=495.70_out,-6.6,5.23,2.468
71203_uff_e=495.70_out,-6.3,3.494,1.971
71203_uff_e=495.70_out,-6.3,4.171,2.169
71203_uff_e=495.70_out,-6.2,13.054,11.584
71203_uff_e=495.70_out,-6.1,5.296,1.764
71203_uff_e=495.70_out,-6.0,24.951,22.621
71203_uff_e=495.70_out,-6.0,3.907,2.802
71204_uff_e=674.55_out,-6.4,0.0,0.0
71204_uff_e=674.55_out,-6.3,5.794,2.912
71204_uff_e=674.55_out,-6.2,4.517,2.108
71204_uff_e=674.55_out,-6.2,6.1,3.019
71204_uff_e=674.55_out,-6.0,5.962,3.462
71204_uff_e=674.55_out,-6.0,3.427,2.415
71204_uff_e=674.55_out,-5.9,26.048,23.215
71204_uff_e=674.55_out,-5.8,24.989,22.257
71204_uff_e=674.55_out,-5.8,17.324,14.052
72258_uff_e=149.04_out,-4.9,0.0,0.0
72258_uff_e=149.04_out,-4.9,4.166,1.833
72258_uff_e=149.04_out,-4.8,3.579,2.371
72258_uff_e=149.04_out,-4.6,2.217,1.828
72258_uff_e=149.04_out,-4.6,4.47,2.169
72258_uff_e=149.04_out,-4.5,2.606,1.867
72258_uff_e=149.04_out,-4.4,3.531,2.059
72258_uff_e=149.04_out,-4.4,2.952,1.716
72258_uff_e=149.04_out,-4.4,4.272,2.484
72259_uff_e=122.85_out,-4.5,0.0,0.0
72259_uff_e=122.85_out,-4.3,3.262,2.146
72259_uff_e=122.85_out,-4.1,3.323,1.157
72259_uff_e=122.85_out,-4.1,22.297,21.375
72259_uff_e=122.85_out,-4.1,2.689,2.078
72259_uff_e=122.85_out,-4.1,2.171,1.574
72259_uff_e=122.85_out,-4.0,2.948,2.331
72259_uff_e=122.85_out,-4.0,2.644,2.327
72259_uff_e=122.85_out,-4.0,21.929,21.224
72276_uff_e=231.39_out,-6.6,0.0,0.0
72276_uff_e=231.39_out,-6.4,10.813,9.074
72276_uff_e=231.39_out,-6.3,23.798,22.187
72276_uff_e=231.39_out,-6.1,23.151,21.259
72276_uff_e=231.39_out,-6.1,22.82,21.439
72276_uff_e=231.39_out,-6.0,25.592,23.122
72276_uff_e=231.39_out,-6.0,4.661,2.989
72276_uff_e=231.39_out,-6.0,10.395,9.034
72276_uff_e=231.39_out,-6.0,22.766,21.552
72277_uff_e=238.20_out,-6.5,0.0,0.0
72277_uff_e=238.20_out,-6.4,11.128,9.245
72277_uff_e=238.20_out,-6.3,24.076,22.332
72277_uff_e=238.20_out,-6.2,22.976,21.629
72277_uff_e=238.20_out,-6.2,23.025,21.755
72277_uff_e=238.20_out,-6.2,23.044,21.646
72277_uff_e=238.20_out,-6.0,23.288,21.886
72277_uff_e=238.20_out,-6.0,22.246,20.42
72277_uff_e=238.20_out,-6.0,25.835,23.198
72281_uff_e=283.49_out,-6.7,0.0,0.0
72281_uff_e=283.49_out,-6.5,23.473,21.755
72281_uff_e=283.49_out,-6.5,23.823,21.816
72281_uff_e=283.49_out,-6.4,21.961,20.291
72281_uff_e=283.49_out,-6.3,26.066,23.022
72281_uff_e=283.49_out,-6.3,22.98,21.98
72281_uff_e=283.49_out,-6.3,23.34,21.946
72281_uff_e=283.49_out,-6.3,22.877,22.181
72281_uff_e=283.49_out,-6.2,23.305,21.691
72300_uff_e=333.67_out,-6.2,0.0,0.0
72300_uff_e=333.67_out,-6.2,6.503,0.123
72300_uff_e=333.67_out,-6.1,24.485,22.617
72300_uff_e=333.67_out,-6.0,26.967,24.718
72300_uff_e=333.67_out,-5.9,25.82,24.384
72300_uff_e=333.67_out,-5.9,25.92,23.727
72300_uff_e=333.67_out,-5.9,26.038,23.208
72300_uff_e=333.67_out,-5.8,27.083,24.601
72300_uff_e=333.67_out,-5.8,26.245,24.364
72301_uff_e=584.08_out,-6.4,0.0,0.0
72301_uff_e=584.08_out,-6.2,7.973,1.923
72301_uff_e=584.08_out,-6.1,8.911,2.552
72301_uff_e=584.08_out,-6.0,24.068,21.071
72301_uff_e=584.08_out,-6.0,26.979,26.357
72301_uff_e=584.08_out,-6.0,2.963,2.526
72301_uff_e=584.08_out,-6.0,13.045,10.507
72301_uff_e=584.08_out,-5.9,8.149,1.491
72301_uff_e=584.08_out,-5.8,33.933,31.895
72303_uff_e=335.33_out,-6.2,0.0,0.0
72303_uff_e=335.33_out,-5.9,22.752,20.954
72303_uff_e=335.33_out,-5.9,7.534,3.08
72303_uff_e=335.33_out,-5.8,24.781,21.586
72303_uff_e=335.33_out,-5.8,6.402,2.95
72303_uff_e=335.33_out,-5.7,21.548,18.91
72303_uff_e=335.33_out,-5.7,2.926,1.883
72303_uff_e=335.33_out,-5.7,24.153,21.376
72303_uff_e=335.33_out,-5.7,23.979,21.924
72307_uff_e=683.68_out,-7.4,0.0,0.0
72307_uff_e=683.68_out,-7.4,1.433,0.683
72307_uff_e=683.68_out,-7.4,9.018,0.682
72307_uff_e=683.68_out,-7.2,2.051,1.003
72307_uff_e=683.68_out,-7.0,21.376,19.733
72307_uff_e=683.68_out,-7.0,22.694,19.769
72307_uff_e=683.68_out,-6.9,36.169,31.974
72307_uff_e=683.68_out,-6.9,3.575,2.508
72307_uff_e=683.68_out,-6.9,36.49,31.939
72310_uff_e=445.03_out,-7.1,0.0,0.0
72310_uff_e=445.03_out,-6.9,8.3,1.33
72310_uff_e=445.03_out,-6.6,7.96,1.68
72310_uff_e=445.03_out,-6.5,21.964,18.752
72310_uff_e=445.03_out,-6.3,3.1,2.115
72310_uff_e=445.03_out,-6.2,21.493,19.316
72310_uff_e=445.03_out,-6.1,23.634,21.564
72310_uff_e=445.03_out,-6.1,27.821,26.554
72310_uff_e=445.03_out,-6.1,3.552,1.784
72319_uff_e=601.11_out,-6.6,0.0,0.0
72319_uff_e=601.11_out,-6.5,20.814,16.318
72319_uff_e=601.11_out,-6.4,19.803,15.093
72319_uff_e=601.11_out,-6.3,10.342,6.006
72319_uff_e=601.11_out,-6.1,23.893,19.66
72319_uff_e=601.11_out,-6.1,3.662,2.402
72319_uff_e=601.11_out,-6.1,26.819,23.802
72319_uff_e=601.11_out,-6.0,25.269,22.598
72319_uff_e=601.11_out,-6.0,10.884,6.402
72320_uff_e=2342.06_out,-7.5,0.0,0.0
72320_uff_e=2342.06_out,-7.4,7.229,3.791
72320_uff_e=2342.06_out,-7.1,10.939,8.025
72320_uff_e=2342.06_out,-7.0,14.679,11.078
72320_uff_e=2342.06_out,-6.8,26.344,23.991
72320_uff_e=2342.06_out,-6.8,24.631,21.216
72320_uff_e=2342.06_out,-6.8,27.239,23.513
72320_uff_e=2342.06_out,-6.7,12.313,9.494
72320_uff_e=2342.06_out,-6.7,6.471,2.23
72323_uff_e=507.93_out,-6.6,0.0,0.0
72323_uff_e=507.93_out,-6.5,25.438,23.033
72323_uff_e=507.93_out,-6.5,26.242,23.793
72323_uff_e=507.93_out,-6.5,23.659,22.63
72323_uff_e=507.93_out,-6.4,25.778,22.927
72323_uff_e=507.93_out,-6.3,24.741,22.676
72323_uff_e=507.93_out,-6.3,24.789,22.146
72323_uff_e=507.93_out,-6.3,23.745,22.673
72323_uff_e=507.93_out,-6.3,25.697,23.834
72326_uff_e=951.90_out,-7.4,0.0,0.0
72326_uff_e=951.90_out,-7.1,7.998,1.583
72326_uff_e=951.90_out,-7.1,25.242,23.231
72326_uff_e=951.90_out,-7.0,35.38,32.403
72326_uff_e=951.90_out,-6.7,25.661,23.415
72326_uff_e=951.90_out,-6.6,25.856,23.67
72326_uff_e=951.90_out,-6.6,5.448,2.884
72326_uff_e=951.90_out,-6.6,38.231,34.682
72326_uff_e=951.90_out,-6.5,4.436,2.914
72340_uff_e=460.34_out,-6.9,0.0,0.0
72340_uff_e=460.34_out,-6.9,17.982,14.936
72340_uff_e=460.34_out,-6.8,25.243,23.63
72340_uff_e=460.34_out,-6.8,6.442,3.833
72340_uff_e=460.34_out,-6.7,25.877,23.211
72340_uff_e=460.34_out,-6.7,25.02,23.657
72340_uff_e=460.34_out,-6.7,25.083,22.996
72340_uff_e=460.34_out,-6.7,26.708,22.914
72340_uff_e=460.34_out,-6.5,17.619,14.657
72341_uff_e=702.76_out,-7.2,0.0,0.0
72341_uff_e=702.76_out,-7.1,25.142,20.969
72341_uff_e=702.76_out,-7.1,27.961,24.281
72341_uff_e=702.76_out,-7.1,3.528,2.812
72341_uff_e=702.76_out,-7.1,22.21,18.611
72341_uff_e=702.76_out,-7.0,14.699,11.286
72341_uff_e=702.76_out,-7.0,10.367,6.418
72341_uff_e=702.76_out,-7.0,12.11,6.467
72341_uff_e=702.76_out,-7.0,26.123,22.895
72343_uff_e=1155.86_out,-6.7,0.0,0.0
72343_uff_e=1155.86_out,-6.7,8.111,1.908
72343_uff_e=1155.86_out,-6.6,27.797,24.832
72343_uff_e=1155.86_out,-6.5,11.151,8.239
72343_uff_e=1155.86_out,-6.4,26.508,21.818
72343_uff_e=1155.86_out,-6.4,24.951,21.463
72343_uff_e=1155.86_out,-6.4,6.728,2.506
72343_uff_e=1155.86_out,-6.3,27.671,24.19
72343_uff_e=1155.86_out,-6.2,7.571,2.45
72344_uff_e=712.21_out,-5.8,0.0,0.0
72344_uff_e=712.21_out,-5.8,22.539,18.955
72344_uff_e=712.21_out,-5.8,11.166,6.767
72344_uff_e=712.21_out,-5.8,22.409,18.922
72344_uff_e=712.21_out,-5.7,19.042,16.063
72344_uff_e=712.21_out,-5.7,20.851,18.214
72344_uff_e=712.21_out,-5.6,19.058,14.55
72344_uff_e=712.21_out,-5.6,20.36,17.651
72344_uff_e=712.21_out,-5.6,10.755,7.093
72378_uff_e=518.34_out,-6.3,0.0,0.0
72378_uff_e=518.34_out,-6.2,23.724,23.17
72378_uff_e=518.34_out,-6.1,25.95,24.267
72378_uff_e=518.34_out,-6.0,12.758,11.005
72378_uff_e=518.34_out,-6.0,24.056,22.855
72378_uff_e=518.34_out,-5.9,24.005,23.472
72378_uff_e=518.34_out,-5.9,21.386,19.71
72378_uff_e=518.34_out,-5.9,24.484,23.541
72378_uff_e=518.34_out,-5.9,26.018,23.534
72386_uff_e=378.00_out,-4.7,0.0,0.0
72386_uff_e=378.00_out,-4.6,35.364,34.406
72386_uff_e=378.00_out,-4.5,8.533,2.633
72386_uff_e=378.00_out,-4.5,14.535,11.944
72386_uff_e=378.00_out,-4.5,24.851,23.148
72386_uff_e=378.00_out,-4.4,8.852,1.182
72386_uff_e=378.00_out,-4.4,23.931,22.478
72386_uff_e=378.00_out,-4.3,8.756,2.153
72386_uff_e=378.00_out,-4.3,8.676,2.161
72502_uff_e=328.01_out,-5.7,0.0,0.0
72502_uff_e=328.01_out,-5.7,22.48,19.867
72502_uff_e=328.01_out,-5.7,34.199,31.987
72502_uff_e=328.01_out,-5.4,22.993,21.098
72502_uff_e=328.01_out,-5.4,12.464,10.451
72502_uff_e=328.01_out,-5.3,9.237,7.12
72502_uff_e=328.01_out,-5.3,9.647,7.676
72502_uff_e=328.01_out,-5.2,11.252,9.34
72502_uff_e=328.01_out,-5.2,10.104,7.991
72503_uff_e=291.30_out,-6.2,0.0,0.0
72503_uff_e=291.30_out,-5.8,3.394,1.341
72503_uff_e=291.30_out,-5.8,5.454,2.682
72503_uff_e=291.30_out,-5.6,23.063,21.338
72503_uff_e=291.30_out,-5.4,24.699,22.866
72503_uff_e=291.30_out,-5.3,5.051,2.751
72503_uff_e=291.30_out,-5.2,34.355,32.317
72503_uff_e=291.30_out,-5.2,22.637,21.572
72503_uff_e=291.30_out,-5.1,10.532,9.187
72537_uff_e=232.71_out,-6.2,0.0,0.0
72537_uff_e=232.71_out,-6.1,21.4,19.17
72537_uff_e=232.71_out,-6.0,5.81,1.18
72537_uff_e=232.71_out,-5.9,24.299,23.78
72537_uff_e=232.71_out,-5.9,5.914,2.695
72537_uff_e=232.71_out,-5.9,24.122,23.498
72537_uff_e=232.71_out,-5.9,21.696,18.904
72537_uff_e=232.71_out,-5.8,20.702,19.039
72537_uff_e=232.71_out,-5.8,13.144,10.166
72540_uff_e=362.73_out,-6.6,0.0,0.0
72540_uff_e=362.73_out,-6.2,4.749,2.662
72540_uff_e=362.73_out,-6.1,3.377,1.878
72540_uff_e=362.73_out,-6.1,24.145,22.442
72540_uff_e=362.73_out,-6.1,23.294,22.375
72540_uff_e=362.73_out,-6.0,4.879,3.131
72540_uff_e=362.73_out,-6.0,1.833,1.721
72540_uff_e=362.73_out,-5.9,3.03,2.487
72540_uff_e=362.73_out,-5.9,23.144,21.605
72646_uff_e=486.45_out,-6.5,0.0,0.0
72646_uff_e=486.45_out,-6.1,3.43,1.981
72646_uff_e=486.45_out,-6.0,23.895,22.022
72646_uff_e=486.45_out,-6.0,3.467,1.921
72646_uff_e=486.45_out,-5.9,24.462,22.693
72646_uff_e=486.45_out,-5.9,4.793,2.35
72646_uff_e=486.45_out,-5.8,19.302,17.212
72646_uff_e=486.45_out,-5.7,4.648,1.54
72646_uff_e=486.45_out,-5.7,3.6,1.879
72724_uff_e=336.12_out,-6.3,0.0,0.0
72724_uff_e=336.12_out,-5.9,4.986,2.392
72724_uff_e=336.12_out,-5.9,23.748,22.745
72724_uff_e=336.12_out,-5.8,4.39,2.543
72724_uff_e=336.12_out,-5.7,5.081,2.792
72724_uff_e=336.12_out,-5.7,2.05,1.489
72724_uff_e=336.12_out,-5.7,24.364,22.776
72724_uff_e=336.12_out,-5.6,2.964,1.876
72724_uff_e=336.12_out,-5.6,10.331,8.612
72815_uff_e=734.11_out,-5.8,0.0,0.0
72815_uff_e=734.11_out,-5.8,25.108,22.214
72815_uff_e=734.11_out,-5.7,24.521,21.698
72815_uff_e=734.11_out,-5.7,2.311,0.232
72815_uff_e=734.11_out,-5.6,24.567,21.686
72815_uff_e=734.11_out,-5.6,3.919,1.151
72815_uff_e=734.11_out,-5.6,25.376,22.626
72815_uff_e=734.11_out,-5.6,24.76,21.695
72815_uff_e=734.11_out,-5.6,25.433,21.935
72819_uff_e=179.17_out,-6.3,0.0,0.0
72819_uff_e=179.17_out,-6.1,3.735,1.828
72819_uff_e=179.17_out,-6.1,10.684,8.107
72819_uff_e=179.17_out,-6.0,21.741,20.976
72819_uff_e=179.17_out,-5.9,10.371,8.374
72819_uff_e=179.17_out,-5.9,5.966,2.577
72819_uff_e=179.17_out,-5.8,23.114,21.167
72819_uff_e=179.17_out,-5.7,24.903,23.126
72819_uff_e=179.17_out,-5.7,24.808,23.288
72924_uff_e=66.13_out,-5.1,0.0,0.0
72924_uff_e=66.13_out,-4.6,19.308,18.69
72924_uff_e=66.13_out,-4.4,11.473,10.445
72924_uff_e=66.13_out,-4.3,3.167,2.339
72924_uff_e=66.13_out,-4.3,19.567,18.849
72924_uff_e=66.13_out,-4.3,19.65,19.087
72924_uff_e=66.13_out,-4.3,12.752,11.116
72924_uff_e=66.13_out,-4.2,12.326,10.75
72924_uff_e=66.13_out,-4.2,18.48,17.26
72964_uff_e=619.80_out,-7.2,0.0,0.0
72964_uff_e=619.80_out,-6.6,24.09,21.138
72964_uff_e=619.80_out,-6.5,13.013,10.402
72964_uff_e=619.80_out,-6.4,5.464,2.884
72964_uff_e=619.80_out,-6.3,12.427,9.793
72964_uff_e=619.80_out,-6.2,4.904,2.488
72964_uff_e=619.80_out,-6.2,5.902,2.776
72964_uff_e=619.80_out,-6.2,27.928,25.603
72964_uff_e=619.80_out,-6.2,11.546,8.869
72965_uff_e=651.75_out,-7.3,0.0,0.0
72965_uff_e=651.75_out,-7.0,22.823,20.494
72965_uff_e=651.75_out,-6.9,17.713,14.998
72965_uff_e=651.75_out,-6.7,16.858,14.537
72965_uff_e=651.75_out,-6.7,18.192,15.942
72965_uff_e=651.75_out,-6.6,23.393,20.896
72965_uff_e=651.75_out,-6.6,19.243,16.273
72965_uff_e=651.75_out,-6.5,17.484,15.319
72965_uff_e=651.75_out,-6.5,23.002,20.773
73053_uff_e=692.77_out,-8.1,0.0,0.0
73053_uff_e=692.77_out,-7.5,2.428,1.761
73053_uff_e=692.77_out,-7.3,25.366,21.323
73053_uff_e=692.77_out,-7.3,25.335,22.14
73053_uff_e=692.77_out,-7.3,10.249,5.853
73053_uff_e=692.77_out,-7.2,27.907,24.837
73053_uff_e=692.77_out,-7.2,26.005,21.187
73053_uff_e=692.77_out,-7.2,29.181,24.038
73053_uff_e=692.77_out,-7.2,24.53,21.432
73062_uff_e=477.19_out,-6.6,0.0,0.0
73062_uff_e=477.19_out,-6.6,25.11,23.425
73062_uff_e=477.19_out,-6.5,24.252,22.513
73062_uff_e=477.19_out,-6.3,24.755,22.982
73062_uff_e=477.19_out,-6.2,24.65,22.903
73062_uff_e=477.19_out,-6.2,23.446,20.368
73062_uff_e=477.19_out,-6.2,7.041,3.706
73062_uff_e=477.19_out,-6.1,1.212,0.906
73062_uff_e=477.19_out,-6.1,6.184,3.412
73067_uff_e=324.18_out,-6.4,0.0,0.0
73067_uff_e=324.18_out,-6.3,24.821,23.119
73067_uff_e=324.18_out,-6.2,5.386,2.44
73067_uff_e=324.18_out,-6.0,9.738,7.813
73067_uff_e=324.18_out,-6.0,6.083,1.845
73067_uff_e=324.18_out,-6.0,5.031,2.502
73067_uff_e=324.18_out,-5.9,26.529,24.817
73067_uff_e=324.18_out,-5.8,12.941,10.986
73067_uff_e=324.18_out,-5.8,26.834,25.059
73072_uff_e=253.44_out,-7.5,0.0,0.0
73072_uff_e=253.44_out,-7.2,3.151,1.074
73072_uff_e=253.44_out,-6.5,5.314,1.58
73072_uff_e=253.44_out,-6.3,23.537,22.406
73072_uff_e=253.44_out,-6.3,25.377,23.0
73072_uff_e=253.44_out,-6.3,1.839,1.225
73072_uff_e=253.44_out,-6.3,25.017,23.531
73072_uff_e=253.44_out,-6.3,24.444,21.997
73072_uff_e=253.44_out,-6.2,23.762,22.398
73073_uff_e=474.89_out,-7.2,0.0,0.0
73073_uff_e=474.89_out,-6.9,24.101,22.998
73073_uff_e=474.89_out,-6.7,7.677,5.239
73073_uff_e=474.89_out,-6.6,25.607,23.803
73073_uff_e=474.89_out,-6.6,16.953,14.797
73073_uff_e=474.89_out,-6.5,23.654,21.117
73073_uff_e=474.89_out,-6.5,19.527,16.501
73073_uff_e=474.89_out,-6.4,24.599,22.742
73073_uff_e=474.89_out,-6.3,17.064,14.962
73078_uff_e=1036.37_out,-7.2,0.0,0.0
73078_uff_e=1036.37_out,-7.0,7.247,3.843
73078_uff_e=1036.37_out,-7.0,28.351,24.878
73078_uff_e=1036.37_out,-7.0,27.58,24.934
73078_uff_e=1036.37_out,-6.8,6.935,2.071
73078_uff_e=1036.37_out,-6.8,8.379,3.869
73078_uff_e=1036.37_out,-6.7,8.526,4.089
73078_uff_e=1036.37_out,-6.6,29.01,25.654
73078_uff_e=1036.37_out,-6.6,7.499,3.118
73117_uff_e=653.11_out,-6.4,0.0,0.0
73117_uff_e=653.11_out,-6.3,1.879,0.827
73117_uff_e=653.11_out,-6.2,9.427,0.77
73117_uff_e=653.11_out,-6.2,1.773,0.723
73117_uff_e=653.11_out,-6.2,9.324,0.649
73117_uff_e=653.11_out,-6.1,22.767,18.771
73117_uff_e=653.11_out,-6.0,3.452,2.231
73117_uff_e=653.11_out,-6.0,9.27,1.563
73117_uff_e=653.11_out,-6.0,9.098,2.253
73145_uff_e=695.05_out,-8.2,0.0,0.0
73145_uff_e=695.05_out,-8.0,8.675,3.208
73145_uff_e=695.05_out,-7.9,8.447,2.546
73145_uff_e=695.05_out,-7.9,24.899,23.163
73145_uff_e=695.05_out,-7.6,1.632,1.292
73145_uff_e=695.05_out,-7.5,1.431,1.263
73145_uff_e=695.05_out,-7.3,25.126,21.716
73145_uff_e=695.05_out,-7.3,28.074,25.644
73145_uff_e=695.05_out,-7.2,4.75,3.154
73146_uff_e=1022.04_out,-7.9,0.0,0.0
73146_uff_e=1022.04_out,-7.8,11.156,4.032
73146_uff_e=1022.04_out,-7.8,23.258,20.503
73146_uff_e=1022.04_out,-7.6,23.378,20.625
73146_uff_e=1022.04_out,-7.5,11.134,2.798
73146_uff_e=1022.04_out,-7.4,26.229,22.469
73146_uff_e=1022.04_out,-7.4,11.425,3.297
73146_uff_e=1022.04_out,-7.4,2.904,1.347
73146_uff_e=1022.04_out,-7.3,27.012,22.629
73154_uff_e=648.71_out,-7.1,0.0,0.0
73154_uff_e=648.71_out,-7.0,22.755,20.459
73154_uff_e=648.71_out,-6.7,12.2,8.755
73154_uff_e=648.71_out,-6.7,9.974,7.395
73154_uff_e=648.71_out,-6.6,4.072,2.375
73154_uff_e=648.71_out,-6.6,11.862,9.26
73154_uff_e=648.71_out,-6.5,4.448,2.0
73154_uff_e=648.71_out,-6.5,5.132,1.9
73154_uff_e=648.71_out,-6.5,24.512,22.16
73160_uff_e=208.03_out,-6.8,0.0,0.0
73160_uff_e=208.03_out,-6.6,22.224,21.58
73160_uff_e=208.03_out,-6.5,23.043,21.64
73160_uff_e=208.03_out,-6.5,22.854,22.272
73160_uff_e=208.03_out,-6.4,21.248,19.648
73160_uff_e=208.03_out,-6.2,4.19,3.406
73160_uff_e=208.03_out,-6.1,21.949,19.686
73160_uff_e=208.03_out,-6.1,7.013,4.408
73160_uff_e=208.03_out,-6.1,19.879,17.448
73170_uff_e=682.81_out,-8.1,0.0,0.0
73170_uff_e=682.81_out,-7.9,25.61,22.903
73170_uff_e=682.81_out,-7.7,25.325,22.877
73170_uff_e=682.81_out,-7.6,25.61,22.944
73170_uff_e=682.81_out,-7.5,3.459,1.467
73170_uff_e=682.81_out,-7.5,25.213,23.106
73170_uff_e=682.81_out,-7.4,11.015,7.546
73170_uff_e=682.81_out,-7.3,25.858,22.821
73170_uff_e=682.81_out,-7.3,25.052,22.828
73174_uff_e=445.68_out,-6.3,0.0,0.0
73174_uff_e=445.68_out,-6.3,24.294,22.92
73174_uff_e=445.68_out,-6.2,4.443,1.563
73174_uff_e=445.68_out,-6.2,4.794,2.718
73174_uff_e=445.68_out,-6.2,4.675,2.84
73174_uff_e=445.68_out,-6.0,22.861,22.071
73174_uff_e=445.68_out,-5.9,24.738,23.079
73174_uff_e=445.68_out,-5.9,5.069,2.449
73174_uff_e=445.68_out,-5.9,25.554,23.137
73191_uff_e=545.01_out,-7.7,0.0,0.0
73191_uff_e=545.01_out,-7.7,23.903,22.287
73191_uff_e=545.01_out,-7.6,2.458,1.848
73191_uff_e=545.01_out,-7.6,23.328,21.846
73191_uff_e=545.01_out,-7.5,23.885,21.884
73191_uff_e=545.01_out,-7.4,26.405,23.229
73191_uff_e=545.01_out,-7.4,23.863,22.49
73191_uff_e=545.01_out,-7.4,26.754,24.654
73191_uff_e=545.01_out,-7.3,24.324,21.596
73201_uff_e=229.62_out,-6.7,0.0,0.0
73201_uff_e=229.62_out,-6.5,23.405,21.656
73201_uff_e=229.62_out,-6.4,24.024,22.889
73201_uff_e=229.62_out,-6.4,5.863,4.456
73201_uff_e=229.62_out,-6.4,24.37,23.114
73201_uff_e=229.62_out,-6.3,21.775,19.998
73201_uff_e=229.62_out,-6.2,3.546,1.508
73201_uff_e=229.62_out,-6.2,5.556,3.159
73201_uff_e=229.62_out,-6.0,22.738,21.239
73202_uff_e=250.99_out,-6.6,0.0,0.0
73202_uff_e=250.99_out,-6.6,6.205,3.467
73202_uff_e=250.99_out,-6.2,6.372,2.25
73202_uff_e=250.99_out,-6.1,22.451,21.206
73202_uff_e=250.99_out,-6.1,11.166,8.809
73202_uff_e=250.99_out,-6.1,3.632,3.053
73202_uff_e=250.99_out,-6.1,9.549,7.634
73202_uff_e=250.99_out,-5.9,23.799,21.785
73202_uff_e=250.99_out,-5.9,23.582,21.303
73230_uff_e=1668.97_out,-6.3,0.0,0.0
73230_uff_e=1668.97_out,-6.2,4.769,1.954
73230_uff_e=1668.97_out,-6.1,5.241,2.098
73230_uff_e=1668.97_out,-6.0,24.939,23.121
73230_uff_e=1668.97_out,-6.0,11.94,8.944
73230_uff_e=1668.97_out,-5.9,11.505,8.302
73230_uff_e=1668.97_out,-5.8,24.555,22.222
73230_uff_e=1668.97_out,-5.8,23.243,21.551
73230_uff_e=1668.97_out,-5.8,10.93,7.494
73285_uff_e=320.60_out,-6.2,0.0,0.0
73285_uff_e=320.60_out,-6.0,1.098,1.082
73285_uff_e=320.60_out,-6.0,5.007,2.201
73285_uff_e=320.60_out,-5.9,5.035,1.843
73285_uff_e=320.60_out,-5.9,4.846,2.614
73285_uff_e=320.60_out,-5.8,23.308,21.878
73285_uff_e=320.60_out,-5.8,23.617,22.847
73285_uff_e=320.60_out,-5.7,4.455,2.642
73285_uff_e=320.60_out,-5.7,27.163,26.072
73309_uff_e=895.77_out,-7.8,0.0,0.0
73309_uff_e=895.77_out,-7.5,25.902,22.933
73309_uff_e=895.77_out,-7.3,25.609,22.557
73309_uff_e=895.77_out,-7.2,10.315,4.174
73309_uff_e=895.77_out,-7.1,9.873,4.188
73309_uff_e=895.77_out,-7.0,5.998,3.142
73309_uff_e=895.77_out,-7.0,6.133,3.665
73309_uff_e=895.77_out,-6.8,25.016,23.144
73309_uff_e=895.77_out,-6.8,22.439,18.842
73323_uff_e=803.41_out,-6.1,0.0,0.0
73323_uff_e=803.41_out,-6.0,7.494,3.477
73323_uff_e=803.41_out,-6.0,4.293,2.692
73323_uff_e=803.41_out,-5.9,6.982,3.226
73323_uff_e=803.41_out,-5.8,24.184,23.024
73323_uff_e=803.41_out,-5.8,23.646,22.617
73323_uff_e=803.41_out,-5.7,5.898,3.363
73323_uff_e=803.41_out,-5.7,6.961,3.325
73323_uff_e=803.41_out,-5.6,14.162,12.71
73337_uff_e=578.97_out,-6.9,0.0,0.0
73337_uff_e=578.97_out,-6.7,25.05,23.763
73337_uff_e=578.97_out,-6.5,25.508,24.319
73337_uff_e=578.97_out,-6.3,25.246,23.783
73337_uff_e=578.97_out,-6.3,25.542,24.231
73337_uff_e=578.97_out,-6.3,23.529,22.179
73337_uff_e=578.97_out,-6.3,5.707,2.827
73337_uff_e=578.97_out,-6.3,24.982,23.547
73337_uff_e=578.97_out,-6.2,5.498,1.494
73397_uff_e=509.56_out,-5.9,0.0,0.0
73397_uff_e=509.56_out,-5.9,28.506,27.144
73397_uff_e=509.56_out,-5.8,1.822,0.796
73397_uff_e=509.56_out,-5.8,27.956,26.877
73397_uff_e=509.56_out,-5.8,7.767,1.92
73397_uff_e=509.56_out,-5.8,22.323,18.48
73397_uff_e=509.56_out,-5.7,24.641,21.635
73397_uff_e=509.56_out,-5.6,7.316,1.909
73397_uff_e=509.56_out,-5.5,7.833,2.189
73399_uff_e=628.88_out,-6.6,0.0,0.0
73399_uff_e=628.88_out,-6.6,8.68,0.163
73399_uff_e=628.88_out,-6.6,1.889,0.688
73399_uff_e=628.88_out,-6.6,8.767,0.706
73399_uff_e=628.88_out,-6.5,23.605,22.157
73399_uff_e=628.88_out,-6.5,23.998,22.582
73399_uff_e=628.88_out,-6.5,24.738,22.252
73399_uff_e=628.88_out,-6.3,24.088,22.665
73399_uff_e=628.88_out,-6.2,8.539,1.412
73400_uff_e=908.90_out,-7.8,0.0,0.0
73400_uff_e=908.90_out,-7.8,9.045,3.993
73400_uff_e=908.90_out,-7.7,29.785,25.32
73400_uff_e=908.90_out,-7.6,5.612,3.07
73400_uff_e=908.90_out,-7.5,6.954,4.693
73400_uff_e=908.90_out,-7.4,26.426,22.163
73400_uff_e=908.90_out,-7.4,10.693,2.305
73400_uff_e=908.90_out,-7.4,9.668,5.721
73400_uff_e=908.90_out,-7.4,29.257,25.185
73401_uff_e=878.57_out,-6.3,0.0,0.0
73401_uff_e=878.57_out,-6.1,11.764,8.702
73401_uff_e=878.57_out,-6.0,6.478,2.297
73401_uff_e=878.57_out,-6.0,10.81,5.643
73401_uff_e=878.57_out,-6.0,3.459,1.918
73401_uff_e=878.57_out,-5.9,23.792,22.027
73401_uff_e=878.57_out,-5.9,16.258,13.946
73401_uff_e=878.57_out,-5.9,23.922,22.486
73401_uff_e=878.57_out,-5.8,10.906,7.084
73416_uff_e=531.36_out,-5.9,0.0,0.0
73416_uff_e=531.36_out,-5.8,20.216,17.317
73416_uff_e=531.36_out,-5.7,20.267,17.41
73416_uff_e=531.36_out,-5.5,6.916,1.862
73416_uff_e=531.36_out,-5.5,24.589,22.331
73416_uff_e=531.36_out,-5.4,22.093,19.855
73416_uff_e=531.36_out,-5.4,23.083,21.31
73416_uff_e=531.36_out,-5.4,21.537,18.884
73416_uff_e=531.36_out,-5.3,22.682,19.572
73419_uff_e=645.64_out,-8.0,0.0,0.0
73419_uff_e=645.64_out,-7.8,4.254,2.667
73419_uff_e=645.64_out,-7.7,9.659,3.019
73419_uff_e=645.64_out,-7.6,6.698,5.032
73419_uff_e=645.64_out,-7.6,8.797,2.764
73419_uff_e=645.64_out,-7.5,26.398,25.26
73419_uff_e=645.64_out,-7.5,4.608,3.069
73419_uff_e=645.64_out,-7.5,9.387,2.639
73419_uff_e=645.64_out,-7.5,21.054,19.163
73432_uff_e=735.05_out,-6.9,0.0,0.0
73432_uff_e=735.05_out,-6.8,23.671,20.204
73432_uff_e=735.05_out,-6.8,21.882,19.267
73432_uff_e=735.05_out,-6.6,24.148,22.122
73432_uff_e=735.05_out,-6.6,10.667,7.432
73432_uff_e=735.05_out,-6.5,22.841,19.17
73432_uff_e=735.05_out,-6.5,24.066,22.001
73432_uff_e=735.05_out,-6.5,20.673,16.37
73432_uff_e=735.05_out,-6.3,9.894,4.375
73447_uff_e=494.20_out,-7.1,0.0,0.0
73447_uff_e=494.20_out,-7.0,26.221,23.509
73447_uff_e=494.20_out,-6.9,5.424,1.643
73447_uff_e=494.20_out,-6.8,7.885,2.494
73447_uff_e=494.20_out,-6.7,25.601,22.877
73447_uff_e=494.20_out,-6.7,25.291,22.795
73447_uff_e=494.20_out,-6.7,24.861,22.837
73447_uff_e=494.20_out,-6.5,23.218,20.623
73447_uff_e=494.20_out,-6.5,25.967,23.929
73453_uff_e=862.03_out,-8.0,0.0,0.0
73453_uff_e=862.03_out,-7.9,9.869,2.503
73453_uff_e=862.03_out,-7.7,25.125,21.656
73453_uff_e=862.03_out,-7.6,14.049,6.598
73453_uff_e=862.03_out,-7.5,30.439,26.267
73453_uff_e=862.03_out,-7.5,8.503,4.261
73453_uff_e=862.03_out,-7.4,8.592,3.502
73453_uff_e=862.03_out,-7.3,9.547,4.946
73453_uff_e=862.03_out,-7.3,14.053,10.577
73466_uff_e=495.95_out,-6.6,0.0,0.0
73466_uff_e=495.95_out,-6.4,13.741,10.774
73466_uff_e=495.95_out,-6.4,7.308,1.973
73466_uff_e=495.95_out,-6.4,8.063,3.666
73466_uff_e=495.95_out,-6.3,3.399,2.029
73466_uff_e=495.95_out,-6.3,1.486,1.288
73466_uff_e=495.95_out,-6.3,5.383,3.459
73466_uff_e=495.95_out,-6.1,19.617,17.364
73466_uff_e=495.95_out,-6.1,9.338,4.075
73467_uff_e=460.23_out,-6.2,0.0,0.0
73467_uff_e=460.23_out,-6.2,7.449,2.106
73467_uff_e=460.23_out,-6.1,23.588,22.26
73467_uff_e=460.23_out,-6.1,2.322,1.668
73467_uff_e=460.23_out,-6.1,22.632,18.899
73467_uff_e=460.23_out,-6.0,19.872,16.367
73467_uff_e=460.23_out,-6.0,22.004,18.377
73467_uff_e=460.23_out,-5.9,20.646,17.602
73467_uff_e=460.23_out,-5.9,23.796,20.058
73484_uff_e=445.59_out,-7.6,0.0,0.0
73484_uff_e=445.59_out,-6.5,4.552,2.203
73484_uff_e=445.59_out,-6.5,3.366,1.534
73484_uff_e=445.59_out,-6.1,12.31,9.521
73484_uff_e=445.59_out,-6.1,22.38,21.08
73484_uff_e=445.59_out,-6.1,23.083,20.49
73484_uff_e=445.59_out,-5.9,4.637,2.151
73484_uff_e=445.59_out,-5.9,22.658,21.504
73484_uff_e=445.59_out,-5.9,4.29,2.136
73489_uff_e=1302.71_out,-6.7,0.0,0.0
73489_uff_e=1302.71_out,-6.4,4.633,2.278
73489_uff_e=1302.71_out,-6.2,1.68,1.376
73489_uff_e=1302.71_out,-6.1,3.99,2.227
73489_uff_e=1302.71_out,-6.1,12.088,10.418
73489_uff_e=1302.71_out,-6.0,4.63,2.752
73489_uff_e=1302.71_out,-6.0,5.266,1.962
73489_uff_e=1302.71_out,-5.9,13.396,11.934
73489_uff_e=1302.71_out,-5.9,13.771,12.115
73533_uff_e=403.88_out,-7.2,0.0,0.0
73533_uff_e=403.88_out,-7.1,21.562,20.256
73533_uff_e=403.88_out,-6.9,23.333,20.229
73533_uff_e=403.88_out,-6.9,25.737,22.597
73533_uff_e=403.88_out,-6.8,4.053,2.307
73533_uff_e=403.88_out,-6.7,21.711,18.85
73533_uff_e=403.88_out,-6.6,25.602,21.821
73533_uff_e=403.88_out,-6.6,8.784,2.085
73533_uff_e=403.88_out,-6.6,23.983,20.922
73549_uff_e=315.58_out,-6.8,0.0,0.0
73549_uff_e=315.58_out,-6.8,5.5,1.171
73549_uff_e=315.58_out,-6.7,6.123,0.953
73549_uff_e=315.58_out,-6.7,23.644,22.512
73549_uff_e=315.58_out,-6.3,5.398,3.057
73549_uff_e=315.58_out,-6.3,23.221,21.321
73549_uff_e=315.58_out,-6.2,24.244,22.822
73549_uff_e=315.58_out,-6.2,23.776,22.224
73549_uff_e=315.58_out,-6.2,23.701,22.66
73568_uff_e=749.17_out,-7.6,0.0,0.0
73568_uff_e=749.17_out,-7.5,19.826,15.98
73568_uff_e=749.17_out,-7.5,24.709,22.556
73568_uff_e=749.17_out,-7.4,26.416,24.775
73568_uff_e=749.17_out,-7.2,25.585,23.635
73568_uff_e=749.17_out,-7.2,24.986,23.056
73568_uff_e=749.17_out,-7.1,26.124,23.981
73568_uff_e=749.17_out,-7.1,26.263,24.359
73568_uff_e=749.17_out,-7.1,26.221,24.151
73571_uff_e=211.91_out,-6.5,0.0,0.0
73571_uff_e=211.91_out,-6.4,6.079,4.57
73571_uff_e=211.91_out,-6.4,24.928,23.017
73571_uff_e=211.91_out,-6.4,7.43,4.355
73571_uff_e=211.91_out,-6.4,22.717,21.871
73571_uff_e=211.91_out,-6.2,4.099,1.94
73571_uff_e=211.91_out,-6.2,22.36,21.474
73571_uff_e=211.91_out,-6.2,21.318,19.711
73571_uff_e=211.91_out,-6.1,24.002,22.248
73588_uff_e=335.97_out,-6.9,0.0,0.0
73588_uff_e=335.97_out,-6.5,27.771,25.803
73588_uff_e=335.97_out,-6.5,22.903,20.788
73588_uff_e=335.97_out,-6.4,26.84,24.764
73588_uff_e=335.97_out,-6.3,4.241,2.204
73588_uff_e=335.97_out,-6.2,35.393,33.809
73588_uff_e=335.97_out,-6.2,25.597,22.807
73588_uff_e=335.97_out,-6.2,21.38,18.379
73588_uff_e=335.97_out,-6.1,23.708,21.807
73604_uff_e=511.75_out,-5.1,0.0,0.0
73604_uff_e=511.75_out,-5.1,24.533,22.843
73604_uff_e=511.75_out,-5.0,21.338,19.272
73604_uff_e=511.75_out,-5.0,24.988,23.197
73604_uff_e=511.75_out,-4.9,26.641,24.774
73604_uff_e=511.75_out,-4.9,26.422,24.508
73604_uff_e=511.75_out,-4.9,23.661,22.269
73604_uff_e=511.75_out,-4.8,25.004,23.493
73604_uff_e=511.75_out,-4.8,25.389,23.75
73614_uff_e=396.62_out,-5.4,0.0,0.0
73614_uff_e=396.62_out,-5.4,3.369,2.507
73614_uff_e=396.62_out,-5.4,6.933,3.352
73614_uff_e=396.62_out,-5.4,8.304,4.549
73614_uff_e=396.62_out,-5.2,25.095,23.026
73614_uff_e=396.62_out,-5.2,6.641,4.52
73614_uff_e=396.62_out,-5.2,24.503,22.64
73614_uff_e=396.62_out,-5.0,8.236,4.567
73614_uff_e=396.62_out,-5.0,2.066,1.271
73620_uff_e=659.00_out,-6.5,0.0,0.0
73620_uff_e=659.00_out,-6.4,23.959,22.609
73620_uff_e=659.00_out,-6.2,3.947,2.266
73620_uff_e=659.00_out,-6.2,13.194,11.783
73620_uff_e=659.00_out,-6.1,23.854,22.566
73620_uff_e=659.00_out,-6.1,16.772,15.435
73620_uff_e=659.00_out,-6.0,24.115,21.96
73620_uff_e=659.00_out,-6.0,6.334,2.144
73620_uff_e=659.00_out,-6.0,25.417,22.919
73635_uff_e=284.11_out,-6.7,0.0,0.0
73635_uff_e=284.11_out,-6.6,2.173,1.044
73635_uff_e=284.11_out,-6.5,22.689,21.83
73635_uff_e=284.11_out,-6.4,23.786,21.774
73635_uff_e=284.11_out,-6.4,3.745,1.674
73635_uff_e=284.11_out,-6.4,7.128,1.604
73635_uff_e=284.11_out,-6.3,6.83,2.209
73635_uff_e=284.11_out,-6.3,23.876,21.82
73635_uff_e=284.11_out,-6.3,22.405,21.538
73659_uff_e=837.33_out,-7.9,0.0,0.0
73659_uff_e=837.33_out,-7.4,6.06,3.419
73659_uff_e=837.33_out,-7.4,8.388,3.089
73659_uff_e=837.33_out,-7.4,24.883,22.979
73659_uff_e=837.33_out,-7.3,22.633,19.374
73659_uff_e=837.33_out,-7.2,25.306,22.964
73659_uff_e=837.33_out,-7.1,6.689,3.718
73659_uff_e=837.33_out,-7.0,6.489,4.578
73659_uff_e=837.33_out,-6.9,35.497,33.061
75427_uff_e=83.41_out,-4.9,0.0,0.0
75427_uff_e=83.41_out,-4.8,2.621,1.639
75427_uff_e=83.41_out,-4.7,2.92,2.194
75427_uff_e=83.41_out,-4.6,3.589,2.709
75427_uff_e=83.41_out,-4.5,3.753,2.501
75427_uff_e=83.41_out,-4.4,2.031,1.234
75427_uff_e=83.41_out,-4.4,4.552,1.828
75427_uff_e=83.41_out,-4.3,22.984,22.003
75427_uff_e=83.41_out,-4.3,5.393,2.885
75699_uff_e=108.09_out,-5.3,0.0,0.0
75699_uff_e=108.09_out,-5.2,4.379,1.73
75699_uff_e=108.09_out,-5.1,23.17,21.174
75699_uff_e=108.09_out,-4.9,3.801,1.644
75699_uff_e=108.09_out,-4.9,21.314,20.248
75699_uff_e=108.09_out,-4.8,4.943,2.175
75699_uff_e=108.09_out,-4.7,4.705,1.801
75699_uff_e=108.09_out,-4.7,10.833,9.736
75699_uff_e=108.09_out,-4.7,4.409,1.911
75729_uff_e=3423.73_out,-5.8,0.0,0.0
75729_uff_e=3423.73_out,-5.8,4.49,1.548
75729_uff_e=3423.73_out,-5.8,4.735,1.696
75729_uff_e=3423.73_out,-5.7,3.795,1.735
75729_uff_e=3423.73_out,-5.7,11.996,9.823
75729_uff_e=3423.73_out,-5.6,3.864,1.736
75729_uff_e=3423.73_out,-5.5,2.487,1.396
75729_uff_e=3423.73_out,-5.4,13.038,10.96
75729_uff_e=3423.73_out,-5.2,4.501,1.441
79023_uff_e=137.88_out,-5.1,0.0,0.0
79023_uff_e=137.88_out,-5.0,4.563,1.747
79023_uff_e=137.88_out,-4.9,23.792,22.892
79023_uff_e=137.88_out,-4.8,10.98,9.739
79023_uff_e=137.88_out,-4.8,4.835,2.519
79023_uff_e=137.88_out,-4.8,12.552,11.898
79023_uff_e=137.88_out,-4.7,2.949,2.321
79023_uff_e=137.88_out,-4.6,22.403,21.371
79023_uff_e=137.88_out,-4.6,5.057,2.388
79038_uff_e=307.79_out,-4.3,0.0,0.0
79038_uff_e=307.79_out,-4.2,20.075,19.351
79038_uff_e=307.79_out,-4.2,12.447,11.396
79038_uff_e=307.79_out,-4.1,10.82,9.955
79038_uff_e=307.79_out,-4.0,2.786,1.692
79038_uff_e=307.79_out,-4.0,20.328,19.574
79038_uff_e=307.79_out,-4.0,21.19,19.874
79038_uff_e=307.79_out,-4.0,11.534,10.554
79038_uff_e=307.79_out,-3.9,11.321,10.331
79437_uff_e=292.72_out,-5.2,0.0,0.0
79437_uff_e=292.72_out,-5.2,14.036,13.681
79437_uff_e=292.72_out,-5.1,3.93,1.679
79437_uff_e=292.72_out,-4.8,4.253,2.343
79437_uff_e=292.72_out,-4.8,18.462,17.018
79437_uff_e=292.72_out,-4.8,19.636,18.066
79437_uff_e=292.72_out,-4.7,10.864,9.43
79437_uff_e=292.72_out,-4.7,4.904,2.334
79437_uff_e=292.72_out,-4.7,18.821,17.47
80103_uff_e=258.56_out,-7.2,0.0,0.0
80103_uff_e=258.56_out,-6.7,2.929,1.036
80103_uff_e=258.56_out,-6.4,3.29,1.478
80103_uff_e=258.56_out,-6.2,23.252,22.243
80103_uff_e=258.56_out,-6.0,24.739,22.198
80103_uff_e=258.56_out,-5.9,23.702,22.261
80103_uff_e=258.56_out,-5.9,21.751,19.884
80103_uff_e=258.56_out,-5.8,6.233,1.301
80103_uff_e=258.56_out,-5.8,24.133,22.708
80220_uff_e=249.02_out,-5.0,0.0,0.0
80220_uff_e=249.02_out,-4.9,3.499,2.063
80220_uff_e=249.02_out,-4.9,13.962,13.457
80220_uff_e=249.02_out,-4.8,2.442,1.159
80220_uff_e=249.02_out,-4.8,4.73,1.688
80220_uff_e=249.02_out,-4.8,2.783,2.031
80220_uff_e=249.02_out,-4.7,2.802,2.045
80220_uff_e=249.02_out,-4.7,1.78,1.555
80220_uff_e=249.02_out,-4.7,3.731,1.592
82227_uff_e=633.74_out,-4.9,0.0,0.0
82227_uff_e=633.74_out,-4.9,2.945,1.185
82227_uff_e=633.74_out,-4.8,2.37,1.03
82227_uff_e=633.74_out,-4.7,3.304,0.98
82227_uff_e=633.74_out,-4.7,2.919,1.092
82227_uff_e=633.74_out,-4.6,2.644,1.19
82227_uff_e=633.74_out,-4.5,2.68,0.993
82227_uff_e=633.74_out,-4.5,2.279,1.176
82227_uff_e=633.74_out,-4.4,3.055,0.982
82480_uff_e=261.57_out,-5.4,0.0,0.0
82480_uff_e=261.57_out,-5.2,4.504,2.528
82480_uff_e=261.57_out,-5.1,23.03,21.916
82480_uff_e=261.57_out,-5.1,4.601,3.04
82480_uff_e=261.57_out,-5.1,23.14,22.112
82480_uff_e=261.57_out,-5.0,23.946,22.234
82480_uff_e=261.57_out,-5.0,5.141,2.587
82480_uff_e=261.57_out,-5.0,22.476,21.341
82480_uff_e=261.57_out,-5.0,23.385,21.48
83126_uff_e=267.73_out,-5.1,0.0,0.0
83126_uff_e=267.73_out,-5.1,13.474,12.675
83126_uff_e=267.73_out,-5.1,12.693,12.577
83126_uff_e=267.73_out,-4.9,13.248,12.575
83126_uff_e=267.73_out,-4.9,29.121,28.445
83126_uff_e=267.73_out,-4.9,19.589,18.984
83126_uff_e=267.73_out,-4.9,15.556,14.908
83126_uff_e=267.73_out,-4.8,29.038,28.197
83126_uff_e=267.73_out,-4.8,19.842,18.961
83489_uff_e=605.96_out,-8.7,0.0,0.0
83489_uff_e=605.96_out,-8.7,3.001,2.125
83489_uff_e=605.96_out,-8.4,3.318,2.155
83489_uff_e=605.96_out,-8.3,22.95,20.028
83489_uff_e=605.96_out,-8.3,22.246,20.069
83489_uff_e=605.96_out,-8.2,2.761,1.834
83489_uff_e=605.96_out,-8.1,3.757,2.298
83489_uff_e=605.96_out,-8.1,25.307,22.736
83489_uff_e=605.96_out,-8.1,4.948,2.27
84298_uff_e=622.53_out,-6.5,0.0,0.0
84298_uff_e=622.53_out,-6.3,25.094,22.88
84298_uff_e=622.53_out,-6.3,22.837,20.13
84298_uff_e=622.53_out,-6.2,8.208,3.169
84298_uff_e=622.53_out,-6.2,18.714,14.723
84298_uff_e=622.53_out,-6.0,22.98,19.372
84298_uff_e=622.53_out,-6.0,22.73,19.132
84298_uff_e=622.53_out,-6.0,22.96,19.163
84298_uff_e=622.53_out,-6.0,8.377,3.969
85259_uff_e=208.60_out,-5.7,0.0,0.0
85259_uff_e=208.60_out,-5.6,24.988,23.186
85259_uff_e=208.60_out,-5.6,21.406,20.169
85259_uff_e=208.60_out,-5.6,22.78,21.204
85259_uff_e=208.60_out,-5.5,22.608,21.236
85259_uff_e=208.60_out,-5.4,7.05,2.237
85259_uff_e=208.60_out,-5.4,22.207,19.889
85259_uff_e=208.60_out,-5.4,3.444,2.139
85259_uff_e=208.60_out,-5.4,20.563,18.676
85568_uff_e=143.69_out,-5.3,0.0,0.0
85568_uff_e=143.69_out,-5.1,2.439,1.69
85568_uff_e=143.69_out,-4.7,4.978,2.995
85568_uff_e=143.69_out,-4.7,3.903,2.954
85568_uff_e=143.69_out,-4.7,4.638,1.767
85568_uff_e=143.69_out,-4.6,11.616,10.104
85568_uff_e=143.69_out,-4.6,22.527,21.194
85568_uff_e=143.69_out,-4.5,4.247,2.85
85568_uff_e=143.69_out,-4.5,22.307,21.428
86608_uff_e=694.95_out,-5.8,0.0,0.0
86608_uff_e=694.95_out,-5.7,4.024,1.505
86608_uff_e=694.95_out,-5.6,2.077,1.151
86608_uff_e=694.95_out,-5.4,4.643,1.879
86608_uff_e=694.95_out,-5.3,4.466,1.555
86608_uff_e=694.95_out,-5.3,3.15,1.603
86608_uff_e=694.95_out,-5.2,3.902,1.918
86608_uff_e=694.95_out,-5.2,24.031,22.464
86608_uff_e=694.95_out,-5.1,12.1,10.632
86786_uff_e=97.33_out,-4.5,0.0,0.0
86786_uff_e=97.33_out,-4.3,11.107,10.277
86786_uff_e=97.33_out,-4.2,10.998,10.198
86786_uff_e=97.33_out,-4.2,11.81,10.794
86786_uff_e=97.33_out,-4.1,22.462,21.586
86786_uff_e=97.33_out,-4.1,12.683,12.155
86786_uff_e=97.33_out,-4.0,11.652,10.811
86786_uff_e=97.33_out,-4.0,11.461,10.75
86786_uff_e=97.33_out,-4.0,2.147,1.92
86840_uff_e=644.03_out,-5.5,0.0,0.0
86840_uff_e=644.03_out,-5.4,2.034,0.92
86840_uff_e=644.03_out,-5.3,2.992,1.532
86840_uff_e=644.03_out,-5.2,11.952,10.646
86840_uff_e=644.03_out,-5.1,20.027,19.057
86840_uff_e=644.03_out,-5.0,2.982,2.122
86840_uff_e=644.03_out,-4.9,3.24,2.161
86840_uff_e=644.03_out,-4.9,2.23,1.106
86840_uff_e=644.03_out,-4.8,32.601,31.116
87014_uff_e=184.81_out,-6.9,0.0,0.0
87014_uff_e=184.81_out,-6.6,2.982,1.324
87014_uff_e=184.81_out,-6.5,6.023,1.659
87014_uff_e=184.81_out,-6.2,24.054,22.932
87014_uff_e=184.81_out,-6.1,23.074,22.18
87014_uff_e=184.81_out,-6.1,5.506,1.509
87014_uff_e=184.81_out,-6.1,24.803,22.858
87014_uff_e=184.81_out,-6.0,23.962,22.102
87014_uff_e=184.81_out,-5.9,24.557,23.491
87691_uff_e=539.68_out,-6.2,0.0,0.0
87691_uff_e=539.68_out,-6.1,22.865,20.39
87691_uff_e=539.68_out,-5.9,21.818,18.56
87691_uff_e=539.68_out,-5.9,25.536,23.43
87691_uff_e=539.68_out,-5.8,21.558,19.334
87691_uff_e=539.68_out,-5.7,23.349,20.904
87691_uff_e=539.68_out,-5.6,23.719,20.544
87691_uff_e=539.68_out,-5.6,5.127,2.669
87691_uff_e=539.68_out,-5.6,6.134,3.042
87752_uff_e=247.05_out,-5.6,0.0,0.0
87752_uff_e=247.05_out,-5.5,5.357,3.177
87752_uff_e=247.05_out,-5.4,5.595,3.211
87752_uff_e=247.05_out,-5.3,1.889,0.406
87752_uff_e=247.05_out,-5.3,4.07,2.258
87752_uff_e=247.05_out,-5.3,24.723,23.323
87752_uff_e=247.05_out,-5.2,23.765,20.865
87752_uff_e=247.05_out,-5.2,23.618,20.742
87752_uff_e=247.05_out,-5.1,26.263,24.053
87840_uff_e=386.71_out,-6.2,0.0,0.0
87840_uff_e=386.71_out,-6.0,24.655,22.773
87840_uff_e=386.71_out,-5.9,4.843,1.654
87840_uff_e=386.71_out,-5.8,25.087,23.479
87840_uff_e=386.71_out,-5.8,5.051,1.812
87840_uff_e=386.71_out,-5.7,4.356,1.705
87840_uff_e=386.71_out,-5.7,25.222,23.013
87840_uff_e=386.71_out,-5.6,4.591,1.792
87840_uff_e=386.71_out,-5.5,25.6,23.827
88308_uff_e=308.92_out,-6.1,0.0,0.0
88308_uff_e=308.92_out,-6.0,22.085,21.278
88308_uff_e=308.92_out,-6.0,23.137,21.618
88308_uff_e=308.92_out,-5.9,8.256,2.466
88308_uff_e=308.92_out,-5.8,7.543,2.057
88308_uff_e=308.92_out,-5.8,2.895,1.97
88308_uff_e=308.92_out,-5.8,2.413,1.773
88308_uff_e=308.92_out,-5.8,2.755,1.371
88308_uff_e=308.92_out,-5.8,20.433,17.521
88590_uff_e=619.64_out,-6.5,0.0,0.0
88590_uff_e=619.64_out,-6.2,11.559,9.869
88590_uff_e=619.64_out,-6.1,4.384,1.97
88590_uff_e=619.64_out,-6.0,12.994,10.981
88590_uff_e=619.64_out,-6.0,12.52,10.95
88590_uff_e=619.64_out,-6.0,4.847,2.2
88590_uff_e=619.64_out,-5.9,22.243,20.116
88590_uff_e=619.64_out,-5.8,4.585,2.249
88590_uff_e=619.64_out,-5.8,24.611,22.204
88693_uff_e=90.37_out,-5.0,0.0,0.0
88693_uff_e=90.37_out,-5.0,5.546,3.194
88693_uff_e=90.37_out,-5.0,2.369,1.891
88693_uff_e=90.37_out,-5.0,24.077,21.461
88693_uff_e=90.37_out,-5.0,2.743,1.553
88693_uff_e=90.37_out,-4.8,23.048,21.698
88693_uff_e=90.37_out,-4.8,25.406,23.289
88693_uff_e=90.37_out,-4.7,5.433,2.898
88693_uff_e=90.37_out,-4.7,24.981,23.441
88708_uff_e=361.53_out,-6.3,0.0,0.0
88708_uff_e=361.53_out,-6.1,9.464,4.14
88708_uff_e=361.53_out,-6.1,13.748,9.56
88708_uff_e=361.53_out,-6.1,2.723,1.52
88708_uff_e=361.53_out,-6.0,21.093,19.132
88708_uff_e=361.53_out,-5.9,23.297,21.589
88708_uff_e=361.53_out,-5.9,24.845,23.056
88708_uff_e=361.53_out,-5.9,22.897,21.3
88708_uff_e=361.53_out,-5.9,7.078,1.965
88881_uff_e=302.00_out,-6.7,0.0,0.0
88881_uff_e=302.00_out,-6.6,6.005,4.593
88881_uff_e=302.00_out,-6.4,6.029,4.625
88881_uff_e=302.00_out,-6.4,6.074,4.5
88881_uff_e=302.00_out,-6.4,24.915,23.277
88881_uff_e=302.00_out,-6.4,23.146,21.213
88881_uff_e=302.00_out,-6.2,22.835,21.422
88881_uff_e=302.00_out,-6.1,24.872,23.026
88881_uff_e=302.00_out,-6.1,24.176,23.242
89594_uff_e=286.55_out,-4.8,0.0,0.0
89594_uff_e=286.55_out,-4.8,4.906,2.976
89594_uff_e=286.55_out,-4.6,3.437,2.668
89594_uff_e=286.55_out,-4.5,2.496,1.519
89594_uff_e=286.55_out,-4.5,4.704,1.811
89594_uff_e=286.55_out,-4.5,4.502,1.198
89594_uff_e=286.55_out,-4.4,4.469,2.207
89594_uff_e=286.55_out,-4.4,11.262,9.783
89594_uff_e=286.55_out,-4.4,1.591,1.326
89640_uff_e=551.65_out,-6.6,0.0,0.0
89640_uff_e=551.65_out,-6.4,9.228,4.079
89640_uff_e=551.65_out,-6.4,8.628,3.115
89640_uff_e=551.65_out,-6.3,6.858,1.942
89640_uff_e=551.65_out,-6.2,6.373,3.604
89640_uff_e=551.65_out,-6.2,2.79,1.427
89640_uff_e=551.65_out,-6.2,7.185,1.567
89640_uff_e=551.65_out,-6.1,16.625,12.876
89640_uff_e=551.65_out,-6.1,8.574,3.13
89755_uff_e=77.95_out,-5.2,0.0,0.0
89755_uff_e=77.95_out,-5.1,4.351,1.744
89755_uff_e=77.95_out,-5.0,4.733,3.149
89755_uff_e=77.95_out,-4.8,4.752,2.347
89755_uff_e=77.95_out,-4.8,4.398,2.41
89755_uff_e=77.95_out,-4.8,4.667,3.012
89755_uff_e=77.95_out,-4.7,4.664,2.097
89755_uff_e=77.95_out,-4.7,3.331,1.679
89755_uff_e=77.95_out,-4.7,4.252,2.455
91439_uff_e=862.86_out,-7.8,0.0,0.0
91439_uff_e=862.86_out,-7.7,3.494,1.584
91439_uff_e=862.86_out,-7.6,22.482,20.823
91439_uff_e=862.86_out,-7.5,9.171,2.191
91439_uff_e=862.86_out,-7.5,9.648,1.91
91439_uff_e=862.86_out,-7.5,22.686,19.623
91439_uff_e=862.86_out,-7.4,2.732,1.55
91439_uff_e=862.86_out,-7.3,24.841,23.544
91439_uff_e=862.86_out,-7.2,10.213,3.204
91453_uff_e=839.06_out,-8.1,0.0,0.0
91453_uff_e=839.06_out,-7.7,10.187,3.058
91453_uff_e=839.06_out,-7.7,10.319,2.945
91453_uff_e=839.06_out,-7.4,26.102,25.041
91453_uff_e=839.06_out,-7.4,37.81,35.14
91453_uff_e=839.06_out,-7.4,9.521,1.878
91453_uff_e=839.06_out,-7.4,3.115,1.613
91453_uff_e=839.06_out,-7.3,24.28,21.463
91453_uff_e=839.06_out,-7.3,6.244,2.915
91457_uff_e=194.61_out,-6.1,0.0,0.0
91457_uff_e=194.61_out,-6.0,22.526,21.633
91457_uff_e=194.61_out,-5.7,24.248,21.885
91457_uff_e=194.61_out,-5.6,3.023,1.43
91457_uff_e=194.61_out,-5.5,22.816,20.955
91457_uff_e=194.61_out,-5.5,2.131,1.381
91457_uff_e=194.61_out,-5.4,22.792,21.34
91457_uff_e=194.61_out,-5.4,10.842,8.271
91457_uff_e=194.61_out,-5.3,4.952,3.139
91458_uff_e=458.94_out,-6.1,0.0,0.0
91458_uff_e=458.94_out,-6.0,3.518,1.274
91458_uff_e=458.94_out,-5.8,2.47,1.71
91458_uff_e=458.94_out,-5.6,10.324,6.792
91458_uff_e=458.94_out,-5.6,10.665,7.087
91458_uff_e=458.94_out,-5.5,23.54,21.672
91458_uff_e=458.94_out,-5.4,24.101,21.16
91458_uff_e=458.94_out,-5.4,16.336,12.45
91458_uff_e=458.94_out,-5.4,23.791,21.282
91461_uff_e=137.87_out,-4.5,0.0,0.0
91461_uff_e=137.87_out,-4.5,11.92,10.996
91461_uff_e=137.87_out,-4.5,3.893,2.051
91461_uff_e=137.87_out,-4.4,3.544,2.606
91461_uff_e=137.87_out,-4.4,23.193,22.292
91461_uff_e=137.87_out,-4.4,11.967,10.693
91461_uff_e=137.87_out,-4.4,3.824,1.993
91461_uff_e=137.87_out,-4.3,4.373,2.463
91461_uff_e=137.87_out,-4.3,4.214,2.451
91466_uff_e=244.12_out,-6.5,0.0,0.0
91466_uff_e=244.12_out,-6.0,4.808,2.289
91466_uff_e=244.12_out,-5.7,3.424,1.668
91466_uff_e=244.12_out,-5.6,4.989,2.471
91466_uff_e=244.12_out,-5.5,11.599,9.632
91466_uff_e=244.12_out,-5.4,24.912,22.294
91466_uff_e=244.12_out,-5.4,23.546,22.189
91466_uff_e=244.12_out,-5.4,12.802,11.061
91466_uff_e=244.12_out,-5.4,27.226,25.738
91469_uff_e=175.02_out,-6.8,0.0,0.0
91469_uff_e=175.02_out,-6.7,6.957,1.873
91469_uff_e=175.02_out,-6.6,1.791,1.209
91469_uff_e=175.02_out,-6.5,2.447,1.918
91469_uff_e=175.02_out,-6.5,23.047,21.179
91469_uff_e=175.02_out,-6.3,24.829,23.378
91469_uff_e=175.02_out,-6.3,5.604,4.079
91469_uff_e=175.02_out,-6.2,6.163,3.788
91469_uff_e=175.02_out,-6.2,23.679,21.831
91472_uff_e=976.60_out,-8.1,0.0,0.0
91472_uff_e=976.60_out,-8.0,22.643,20.717
91472_uff_e=976.60_out,-7.8,25.178,22.106
91472_uff_e=976.60_out,-7.7,24.144,20.941
91472_uff_e=976.60_out,-7.7,27.485,25.625
91472_uff_e=976.60_out,-7.6,13.205,10.646
91472_uff_e=976.60_out,-7.3,23.638,21.727
91472_uff_e=976.60_out,-7.3,28.64,25.796
91472_uff_e=976.60_out,-7.3,25.181,21.907
91510_uff_e=426.15_out,-6.6,0.0,0.0
91510_uff_e=426.15_out,-6.4,3.909,3.491
91510_uff_e=426.15_out,-6.4,24.491,23.031
91510_uff_e=426.15_out,-6.3,22.909,19.826
91510_uff_e=426.15_out,-6.3,23.702,21.72
91510_uff_e=426.15_out,-6.2,7.364,4.359
91510_uff_e=426.15_out,-6.1,6.253,1.502
91510_uff_e=426.15_out,-6.1,6.392,3.049
91510_uff_e=426.15_out,-6.1,23.478,21.712
91572_uff_e=349.58_out,-7.1,0.0,0.0
91572_uff_e=349.58_out,-6.8,23.449,20.752
91572_uff_e=349.58_out,-6.7,5.513,2.939
91572_uff_e=349.58_out,-6.6,20.763,18.556
91572_uff_e=349.58_out,-6.6,23.72,21.313
91572_uff_e=349.58_out,-6.5,6.533,2.126
91572_uff_e=349.58_out,-6.5,25.349,22.982
91572_uff_e=349.58_out,-6.5,10.701,7.386
91572_uff_e=349.58_out,-6.4,18.678,15.523
91588_uff_e=161.49_out,-5.4,0.0,0.0
91588_uff_e=161.49_out,-5.4,19.958,19.501
91588_uff_e=161.49_out,-5.4,11.812,11.01
91588_uff_e=161.49_out,-5.4,2.839,1.141
91588_uff_e=161.49_out,-5.2,4.17,3.172
91588_uff_e=161.49_out,-5.0,24.494,23.38
91588_uff_e=161.49_out,-5.0,25.213,23.966
91588_uff_e=161.49_out,-5.0,11.54,10.874
91588_uff_e=161.49_out,-4.9,23.576,22.253
91611_uff_e=271.87_out,-5.4,0.0,0.0
91611_uff_e=271.87_out,-5.3,23.42,23.035
91611_uff_e=271.87_out,-5.2,22.41,21.873
91611_uff_e=271.87_out,-5.2,4.129,0.678
91611_uff_e=271.87_out,-5.1,13.928,13.664
91611_uff_e=271.87_out,-5.1,4.788,2.504
91611_uff_e=271.87_out,-5.1,2.284,1.9
91611_uff_e=271.87_out,-5.1,23.312,21.775
91611_uff_e=271.87_out,-5.0,17.318,16.626
92095_uff_e=875.50_out,-7.7,0.0,0.0
92095_uff_e=875.50_out,-7.6,9.6,1.852
92095_uff_e=875.50_out,-7.6,3.741,1.66
92095_uff_e=875.50_out,-7.6,22.461,20.869
92095_uff_e=875.50_out,-7.5,9.111,2.141
92095_uff_e=875.50_out,-7.4,22.972,19.927
92095_uff_e=875.50_out,-7.3,26.38,24.967
92095_uff_e=875.50_out,-7.2,3.413,1.925
92095_uff_e=875.50_out,-7.2,24.733,23.418
92097_uff_e=854.59_out,-7.7,0.0,0.0
92097_uff_e=854.59_out,-7.5,8.401,3.123
92097_uff_e=854.59_out,-7.5,6.043,3.48
92097_uff_e=854.59_out,-7.4,25.231,23.423
92097_uff_e=854.59_out,-7.4,7.95,2.799
92097_uff_e=854.59_out,-7.3,6.261,3.687
92097_uff_e=854.59_out,-7.2,39.799,36.437
92097_uff_e=854.59_out,-7.2,3.651,1.858
92097_uff_e=854.59_out,-7.1,3.643,2.184
92110_uff_e=2133.96_out,-6.9,0.0,0.0
92110_uff_e=2133.96_out,-6.6,8.074,2.832
92110_uff_e=2133.96_out,-6.5,3.711,1.892
92110_uff_e=2133.96_out,-6.5,37.864,34.213
92110_uff_e=2133.96_out,-6.5,8.75,2.994
92110_uff_e=2133.96_out,-6.4,8.425,3.243
92110_uff_e=2133.96_out,-6.4,24.025,20.926
92110_uff_e=2133.96_out,-6.3,8.126,3.666
92110_uff_e=2133.96_out,-6.2,24.107,22.004
92119_uff_e=522.09_out,-6.8,0.0,0.0
92119_uff_e=522.09_out,-6.6,4.171,2.657
92119_uff_e=522.09_out,-6.2,23.645,21.408
92119_uff_e=522.09_out,-6.0,4.368,2.324
92119_uff_e=522.09_out,-6.0,11.785,10.04
92119_uff_e=522.09_out,-6.0,4.814,2.758
92119_uff_e=522.09_out,-5.9,10.757,9.177
92119_uff_e=522.09_out,-5.9,23.643,21.357
92119_uff_e=522.09_out,-5.8,21.451,19.982
92129_uff_e=605.32_out,-6.9,0.0,0.0
92129_uff_e=605.32_out,-6.7,14.866,10.878
92129_uff_e=605.32_out,-6.7,2.445,0.141
92129_uff_e=605.32_out,-6.6,23.944,22.552
92129_uff_e=605.32_out,-6.5,6.393,2.257
92129_uff_e=605.32_out,-6.5,6.111,1.537
92129_uff_e=605.32_out,-6.5,24.078,22.553
92129_uff_e=605.32_out,-6.5,6.704,2.25
92129_uff_e=605.32_out,-6.4,21.833,20.316
92157_uff_e=794.08_out,-7.4,0.0,0.0
92157_uff_e=794.08_out,-7.0,27.511,24.416
92157_uff_e=794.08_out,-7.0,25.945,23.897
92157_uff_e=794.08_out,-6.9,5.037,3.168
92157_uff_e=794.08_out,-6.8,9.757,4.19
92157_uff_e=794.08_out,-6.7,29.567,26.269
92157_uff_e=794.08_out,-6.7,8.603,5.975
92157_uff_e=794.08_out,-6.6,28.725,24.838
92157_uff_e=794.08_out,-6.6,25.046,22.724
92221_uff_e=348.86_out,-5.2,0.0,0.0
92221_uff_e=348.86_out,-4.8,2.427,0.77
92221_uff_e=348.86_out,-4.7,3.243,0.98
92221_uff_e=348.86_out,-4.7,3.058,0.859
92221_uff_e=348.86_out,-4.6,2.708,1.207
92221_uff_e=348.86_out,-4.5,2.388,1.174
92221_uff_e=348.86_out,-4.3,2.572,0.933
92221_uff_e=348.86_out,-4.3,2.593,1.367
92221_uff_e=348.86_out,-4.2,12.307,10.746
92265_uff_e=477.32_out,-6.2,0.0,0.0
92265_uff_e=477.32_out,-6.1,11.984,9.703
92265_uff_e=477.32_out,-5.9,2.149,1.729
92265_uff_e=477.32_out,-5.9,6.289,1.727
92265_uff_e=477.32_out,-5.8,26.205,24.294
92265_uff_e=477.32_out,-5.8,25.361,23.695
92265_uff_e=477.32_out,-5.8,25.392,23.329
92265_uff_e=477.32_out,-5.7,14.686,11.486
92265_uff_e=477.32_out,-5.7,23.413,22.318
92313_uff_e=193.28_out,-6.3,0.0,0.0
92313_uff_e=193.28_out,-6.1,4.425,2.265
92313_uff_e=193.28_out,-6.1,3.902,1.393
92313_uff_e=193.28_out,-6.0,24.056,21.62
92313_uff_e=193.28_out,-5.7,4.664,2.003
92313_uff_e=193.28_out,-5.6,5.335,1.26
92313_uff_e=193.28_out,-5.6,3.732,1.169
92313_uff_e=193.28_out,-5.5,4.152,1.042
92313_uff_e=193.28_out,-5.5,3.396,2.277
92732_uff_e=498.65_out,-6.4,0.0,0.0
92732_uff_e=498.65_out,-5.9,32.585,30.66
92732_uff_e=498.65_out,-5.9,24.337,21.621
92732_uff_e=498.65_out,-5.8,18.161,14.026
92732_uff_e=498.65_out,-5.8,24.485,22.544
92732_uff_e=498.65_out,-5.7,6.296,2.86
92732_uff_e=498.65_out,-5.7,24.157,21.924
92732_uff_e=498.65_out,-5.5,16.882,13.214
92732_uff_e=498.65_out,-5.5,27.241,24.997
92762_uff_e=240.35_out,-6.1,0.0,0.0
92762_uff_e=240.35_out,-6.0,5.508,2.427
92762_uff_e=240.35_out,-5.8,4.527,2.247
92762_uff_e=240.35_out,-5.7,1.956,1.369
92762_uff_e=240.35_out,-5.7,22.695,21.541
92762_uff_e=240.35_out,-5.7,22.645,20.762
92762_uff_e=240.35_out,-5.5,22.82,20.727
92762_uff_e=240.35_out,-5.5,23.475,21.373
92762_uff_e=240.35_out,-5.5,3.294,1.562
92776_uff_e=202.84_out,-5.6,0.0,0.0
92776_uff_e=202.84_out,-5.2,3.82,1.173
92776_uff_e=202.84_out,-5.0,4.258,1.308
92776_uff_e=202.84_out,-5.0,4.201,1.348
92776_uff_e=202.84_out,-4.9,4.091,1.468
92776_uff_e=202.84_out,-4.8,4.18,1.649
92776_uff_e=202.84_out,-4.8,4.021,1.669
92776_uff_e=202.84_out,-4.8,4.296,1.321
92776_uff_e=202.84_out,-4.8,4.399,1.394
92794_uff_e=424.81_out,-7.6,0.0,0.0
92794_uff_e=424.81_out,-7.3,12.92,6.893
92794_uff_e=424.81_out,-7.3,1.692,1.384
92794_uff_e=424.81_out,-7.1,21.349,20.028
92794_uff_e=424.81_out,-7.0,3.642,2.073
92794_uff_e=424.81_out,-7.0,22.547,20.422
92794_uff_e=424.81_out,-7.0,8.844,2.191
92794_uff_e=424.81_out,-6.9,20.205,17.395
92794_uff_e=424.81_out,-6.8,13.521,7.315
92812_uff_e=1807.19_out,-6.3,0.0,0.0
92812_uff_e=1807.19_out,-6.1,4.421,2.443
92812_uff_e=1807.19_out,-5.6,3.147,1.468
92812_uff_e=1807.19_out,-5.5,26.127,24.247
92812_uff_e=1807.19_out,-5.5,1.75,1.516
92812_uff_e=1807.19_out,-5.5,22.414,20.868
92812_uff_e=1807.19_out,-5.4,12.83,10.661
92812_uff_e=1807.19_out,-5.3,23.638,21.632
92812_uff_e=1807.19_out,-5.3,12.2,10.122
92825_uff_e=689.91_out,-7.5,0.0,0.0
92825_uff_e=689.91_out,-7.5,8.715,2.569
92825_uff_e=689.91_out,-7.3,6.934,3.768
92825_uff_e=689.91_out,-7.1,6.038,3.172
92825_uff_e=689.91_out,-7.1,8.417,2.08
92825_uff_e=689.91_out,-7.0,8.706,3.384
92825_uff_e=689.91_out,-7.0,1.336,1.205
92825_uff_e=689.91_out,-6.9,24.988,23.28
92825_uff_e=689.91_out,-6.9,24.112,20.691
92987_uff_e=74.68_out,-4.3,0.0,0.0
92987_uff_e=74.68_out,-4.3,10.71,10.198
92987_uff_e=74.68_out,-4.3,11.135,10.594
92987_uff_e=74.68_out,-4.2,22.473,21.216
92987_uff_e=74.68_out,-4.2,3.452,2.771
92987_uff_e=74.68_out,-4.1,11.523,10.69
92987_uff_e=74.68_out,-4.0,10.872,9.92
92987_uff_e=74.68_out,-4.0,34.171,32.629
92987_uff_e=74.68_out,-4.0,22.326,21.919
93016_uff_e=538.52_out,-7.1,0.0,0.0
93016_uff_e=538.52_out,-6.6,5.599,1.755
93016_uff_e=538.52_out,-6.3,5.25,2.059
93016_uff_e=538.52_out,-6.1,11.81,9.233
93016_uff_e=538.52_out,-6.1,24.903,23.164
93016_uff_e=538.52_out,-6.0,1.742,1.585
93016_uff_e=538.52_out,-5.9,13.485,11.375
93016_uff_e=538.52_out,-5.9,23.128,22.277
93016_uff_e=538.52_out,-5.9,2.025,1.493
93017_uff_e=280.71_out,-6.9,0.0,0.0
93017_uff_e=280.71_out,-6.7,3.231,1.968
93017_uff_e=280.71_out,-6.3,23.594,22.242
93017_uff_e=280.71_out,-6.2,25.402,22.554
93017_uff_e=280.71_out,-6.1,5.055,2.546
93017_uff_e=280.71_out,-6.0,12.921,10.943
93017_uff_e=280.71_out,-5.9,5.009,2.406
93017_uff_e=280.71_out,-5.9,26.181,24.27
93017_uff_e=280.71_out,-5.9,23.433,21.94
93047_uff_e=265.80_out,-4.8,0.0,0.0
93047_uff_e=265.80_out,-4.7,1.532,1.036
93047_uff_e=265.80_out,-4.6,1.895,1.421
93047_uff_e=265.80_out,-4.5,4.637,1.228
93047_uff_e=265.80_out,-4.4,3.46,2.464
93047_uff_e=265.80_out,-4.3,3.223,2.28
93047_uff_e=265.80_out,-4.3,14.283,13.426
93047_uff_e=265.80_out,-4.3,24.781,22.79
93047_uff_e=265.80_out,-4.2,4.86,1.72
93081_uff_e=1563.73_out,-6.0,0.0,0.0
93081_uff_e=1563.73_out,-5.8,2.059,1.343
93081_uff_e=1563.73_out,-5.8,4.509,1.868
93081_uff_e=1563.73_out,-5.8,3.433,1.718
93081_uff_e=1563.73_out,-5.8,3.636,1.669
93081_uff_e=1563.73_out,-5.7,3.968,1.351
93081_uff_e=1563.73_out,-5.7,24.079,21.792
93081_uff_e=1563.73_out,-5.6,3.863,1.329
93081_uff_e=1563.73_out,-5.6,23.677,21.521
93306_uff_e=1640.71_out,-6.1,0.0,0.0
93306_uff_e=1640.71_out,-5.9,22.71,21.732
93306_uff_e=1640.71_out,-5.9,5.536,2.203
93306_uff_e=1640.71_out,-5.7,12.664,9.42
93306_uff_e=1640.71_out,-5.6,5.338,1.911
93306_uff_e=1640.71_out,-5.6,12.997,10.609
93306_uff_e=1640.71_out,-5.5,23.724,22.381
93306_uff_e=1640.71_out,-5.5,9.765,6.887
93306_uff_e=1640.71_out,-5.4,4.5,3.032
94147_uff_e=1482.53_out,-5.0,0.0,0.0
94147_uff_e=1482.53_out,-4.9,4.097,1.773
94147_uff_e=1482.53_out,-4.8,2.843,1.792
94147_uff_e=1482.53_out,-4.6,2.724,1.651
94147_uff_e=1482.53_out,-4.6,3.876,2.294
94147_uff_e=1482.53_out,-4.6,3.314,2.468
94147_uff_e=1482.53_out,-4.5,24.09,23.133
94147_uff_e=1482.53_out,-4.5,11.605,10.138
94147_uff_e=1482.53_out,-4.5,21.717,20.591
94149_uff_e=620.29_out,-6.5,0.0,0.0
94149_uff_e=620.29_out,-6.4,2.738,1.638
94149_uff_e=620.29_out,-6.2,7.873,1.57
94149_uff_e=620.29_out,-6.1,22.015,20.16
94149_uff_e=620.29_out,-6.1,14.121,12.052
94149_uff_e=620.29_out,-6.1,21.255,18.514
94149_uff_e=620.29_out,-5.9,22.29,19.326
94149_uff_e=620.29_out,-5.9,25.206,23.656
94149_uff_e=620.29_out,-5.8,21.26,19.226
94204_uff_e=2170.20_out,-7.1,0.0,0.0
94204_uff_e=2170.20_out,-6.8,1.386,1.159
94204_uff_e=2170.20_out,-6.8,24.061,21.235
94204_uff_e=2170.20_out,-6.8,8.443,2.856
94204_uff_e=2170.20_out,-6.7,4.081,2.029
94204_uff_e=2170.20_out,-6.7,9.257,5.271
94204_uff_e=2170.20_out,-6.6,8.556,3.31
94204_uff_e=2170.20_out,-6.6,24.822,22.362
94204_uff_e=2170.20_out,-6.6,38.072,34.651
94221_uff_e=123.44_out,-5.2,0.0,0.0
94221_uff_e=123.44_out,-5.0,2.25,1.685
94221_uff_e=123.44_out,-4.9,3.763,2.581
94221_uff_e=123.44_out,-4.9,24.308,22.726
94221_uff_e=123.44_out,-4.9,4.13,2.421
94221_uff_e=123.44_out,-4.8,22.887,22.364
94221_uff_e=123.44_out,-4.8,4.59,3.857
94221_uff_e=123.44_out,-4.7,2.123,1.675
94221_uff_e=123.44_out,-4.7,22.842,21.874
94253_uff_e=391.32_out,-6.4,0.0,0.0
94253_uff_e=391.32_out,-6.2,20.686,19.405
94253_uff_e=391.32_out,-6.1,13.403,12.229
94253_uff_e=391.32_out,-6.1,20.906,19.418
94253_uff_e=391.32_out,-6.0,17.143,13.645
94253_uff_e=391.32_out,-6.0,14.79,12.074
94253_uff_e=391.32_out,-5.9,24.104,22.582
94253_uff_e=391.32_out,-5.8,5.547,1.443
94253_uff_e=391.32_out,-5.8,15.529,14.032
94275_uff_e=242.03_out,-6.1,0.0,0.0
94275_uff_e=242.03_out,-6.0,5.37,1.423
94275_uff_e=242.03_out,-6.0,23.309,21.143
94275_uff_e=242.03_out,-5.9,4.594,1.366
94275_uff_e=242.03_out,-5.9,5.218,1.465
94275_uff_e=242.03_out,-5.8,3.611,1.502
94275_uff_e=242.03_out,-5.8,4.308,1.094
94275_uff_e=242.03_out,-5.8,4.677,2.427
94275_uff_e=242.03_out,-5.6,24.126,22.243
94378_uff_e=138.34_out,-5.2,0.0,0.0
94378_uff_e=138.34_out,-4.9,24.864,22.665
94378_uff_e=138.34_out,-4.8,4.921,1.566
94378_uff_e=138.34_out,-4.8,4.633,2.264
94378_uff_e=138.34_out,-4.7,24.356,22.808
94378_uff_e=138.34_out,-4.7,2.016,1.429
94378_uff_e=138.34_out,-4.7,3.896,2.1
94378_uff_e=138.34_out,-4.7,4.659,1.681
94378_uff_e=138.34_out,-4.7,4.723,1.589
94391_uff_e=440.41_out,-6.9,0.0,0.0
94391_uff_e=440.41_out,-6.9,7.019,3.515
94391_uff_e=440.41_out,-6.8,6.911,4.057
94391_uff_e=440.41_out,-6.8,1.146,1.099
94391_uff_e=440.41_out,-6.8,8.276,4.435
94391_uff_e=440.41_out,-6.5,21.924,19.089
94391_uff_e=440.41_out,-6.3,4.864,2.707
94391_uff_e=440.41_out,-6.3,6.234,2.886
94391_uff_e=440.41_out,-6.2,24.553,22.487
95708_uff_e=500.33_out,-5.4,0.0,0.0
95708_uff_e=500.33_out,-5.2,9.961,7.674
95708_uff_e=500.33_out,-5.2,5.261,2.106
95708_uff_e=500.33_out,-5.2,22.539,20.125
95708_uff_e=500.33_out,-5.1,4.246,1.542
95708_uff_e=500.33_out,-5.1,25.844,24.031
95708_uff_e=500.33_out,-5.0,16.962,15.712
95708_uff_e=500.33_out,-5.0,4.676,3.352
95708_uff_e=500.33_out,-5.0,6.424,3.875
96118_uff_e=475.66_out,-6.2,0.0,0.0
96118_uff_e=475.66_out,-6.1,8.759,3.089
96118_uff_e=475.66_out,-6.0,4.397,2.488
96118_uff_e=475.66_out,-6.0,1.776,1.448
96118_uff_e=475.66_out,-6.0,7.943,2.454
96118_uff_e=475.66_out,-6.0,21.916,18.534
96118_uff_e=475.66_out,-5.9,23.092,18.936
96118_uff_e=475.66_out,-5.9,3.044,2.403
96118_uff_e=475.66_out,-5.9,21.64,17.493
96364_uff_e=383.59_out,-7.1,0.0,0.0
96364_uff_e=383.59_out,-7.0,5.649,1.457
96364_uff_e=383.59_out,-6.9,6.013,2.033
96364_uff_e=383.59_out,-6.7,3.549,2.069
96364_uff_e=383.59_out,-6.5,3.579,2.129
96364_uff_e=383.59_out,-6.5,9.202,7.957
96364_uff_e=383.59_out,-6.4,23.62,22.564
96364_uff_e=383.59_out,-6.4,25.554,23.691
96364_uff_e=383.59_out,-6.3,12.706,10.285
96539_uff_e=474.07_out,-6.0,0.0,0.0
96539_uff_e=474.07_out,-6.0,18.283,14.987
96539_uff_e=474.07_out,-5.9,20.822,17.707
96539_uff_e=474.07_out,-5.8,15.504,13.488
96539_uff_e=474.07_out,-5.8,31.874,29.977
96539_uff_e=474.07_out,-5.7,30.74,29.113
96539_uff_e=474.07_out,-5.7,16.913,14.772
96539_uff_e=474.07_out,-5.7,20.889,17.626
96539_uff_e=474.07_out,-5.7,17.344,15.525
97448_uff_e=143.16_out,-7.0,0.0,0.0
97448_uff_e=143.16_out,-6.5,23.01,21.392
97448_uff_e=143.16_out,-6.4,2.614,0.77
97448_uff_e=143.16_out,-6.1,4.395,2.813
97448_uff_e=143.16_out,-6.0,4.956,3.001
97448_uff_e=143.16_out,-5.9,1.17,0.85
97448_uff_e=143.16_out,-5.9,2.573,1.685
97448_uff_e=143.16_out,-5.9,23.999,22.066
97448_uff_e=143.16_out,-5.9,6.647,3.623
98570_uff_e=688.87_out,-6.7,0.0,0.0
98570_uff_e=688.87_out,-6.6,8.531,2.535
98570_uff_e=688.87_out,-6.6,3.695,2.124
98570_uff_e=688.87_out,-6.5,5.474,3.932
98570_uff_e=688.87_out,-6.5,26.926,24.473
98570_uff_e=688.87_out,-6.3,6.755,2.754
98570_uff_e=688.87_out,-6.1,36.679,32.669
98570_uff_e=688.87_out,-6.1,37.846,33.631
98570_uff_e=688.87_out,-6.1,24.92,21.701
99300_uff_e=194.35_out,-7.3,0.0,0.0
99300_uff_e=194.35_out,-7.2,3.163,0.428
99300_uff_e=194.35_out,-6.6,5.988,1.117
99300_uff_e=194.35_out,-6.3,23.42,22.234
99300_uff_e=194.35_out,-6.2,23.667,22.222
99300_uff_e=194.35_out,-6.1,23.321,21.092
99300_uff_e=194.35_out,-6.1,4.895,2.179
99300_uff_e=194.35_out,-6.0,4.137,2.652
99300_uff_e=194.35_out,-6.0,21.696,20.021
99474_uff_e=744.04_out,-7.8,0.0,0.0
99474_uff_e=744.04_out,-7.5,9.39,2.277
99474_uff_e=744.04_out,-7.5,4.409,2.107
99474_uff_e=744.04_out,-7.4,9.145,1.803
99474_uff_e=744.04_out,-7.4,2.331,1.764
99474_uff_e=744.04_out,-7.3,22.407,19.049
99474_uff_e=744.04_out,-7.3,35.484,32.859
99474_uff_e=744.04_out,-7.2,27.289,24.731
99474_uff_e=744.04_out,-7.2,9.762,1.996
99516_uff_e=884.19_out,-7.7,0.0,0.0
99516_uff_e=884.19_out,-7.5,24.747,23.379
99516_uff_e=884.19_out,-7.5,8.991,1.675
99516_uff_e=884.19_out,-7.5,3.576,1.595
99516_uff_e=884.19_out,-7.4,4.022,3.176
99516_uff_e=884.19_out,-7.3,9.948,2.303
99516_uff_e=884.19_out,-7.3,24.98,21.967
99516_uff_e=884.19_out,-7.2,4.349,2.214
99516_uff_e=884.19_out,-7.2,28.183,25.65
99530_uff_e=721.79_out,-6.6,0.0,0.0
99530_uff_e=721.79_out,-6.5,7.034,1.867
99530_uff_e=721.79_out,-6.2,10.033,5.899
99530_uff_e=721.79_out,-6.2,18.993,16.424
99530_uff_e=721.79_out,-6.2,18.58,15.764
99530_uff_e=721.79_out,-6.1,15.253,12.167
99530_uff_e=721.79_out,-6.0,24.171,21.308
99530_uff_e=721.79_out,-5.9,6.873,2.948
99530_uff_e=721.79_out,-5.9,2.427,1.728
99535_uff_e=1911.61_out,-6.5,0.0,0.0
99535_uff_e=1911.61_out,-6.4,23.621,22.05
99535_uff_e=1911.61_out,-6.4,8.819,5.495
99535_uff_e=1911.61_out,-6.4,17.338,13.928
99535_uff_e=1911.61_out,-6.3,5.74,2.923
99535_uff_e=1911.61_out,-6.3,21.253,19.314
99535_uff_e=1911.61_out,-6.2,17.572,13.811
99535_uff_e=1911.61_out,-6.2,24.815,23.177
99535_uff_e=1911.61_out,-6.1,21.783,19.442
99649_uff_e=417.48_out,-7.9,0.0,0.0
99649_uff_e=417.48_out,-7.0,19.011,14.901
99649_uff_e=417.48_out,-7.0,23.919,21.875
99649_uff_e=417.48_out,-6.9,27.002,24.398
99649_uff_e=417.48_out,-6.8,24.485,22.146
99649_uff_e=417.48_out,-6.7,24.88,23.654
99649_uff_e=417.48_out,-6.7,24.049,21.903
99649_uff_e=417.48_out,-6.7,25.719,22.98
99649_uff_e=417.48_out,-6.7,12.585,10.108
100230_uff_e=1025.90_out,-7.4,0.0,0.0
100230_uff_e=1025.90_out,-7.3,26.985,23.703
100230_uff_e=1025.90_out,-7.2,14.237,9.867
100230_uff_e=1025.90_out,-7.2,26.941,23.615
100230_uff_e=1025.90_out,-7.1,6.71,2.933
100230_uff_e=1025.90_out,-7.1,14.628,10.258
100230_uff_e=1025.90_out,-7.1,27.627,24.263
100230_uff_e=1025.90_out,-7.0,27.609,24.758
100230_uff_e=1025.90_out,-7.0,19.006,15.31
100231_uff_e=1067.56_out,-7.1,0.0,0.0
100231_uff_e=1067.56_out,-7.1,27.529,24.753
100231_uff_e=1067.56_out,-7.0,26.839,23.12
100231_uff_e=1067.56_out,-6.9,7.756,4.095
100231_uff_e=1067.56_out,-6.9,27.467,24.662
100231_uff_e=1067.56_out,-6.9,26.722,22.791
100231_uff_e=1067.56_out,-6.9,2.183,1.67
100231_uff_e=1067.56_out,-6.8,24.487,19.194
100231_uff_e=1067.56_out,-6.7,27.104,23.464
100302_uff_e=1968.17_out,-6.6,0.0,0.0
100302_uff_e=1968.17_out,-6.6,3.941,2.276
100302_uff_e=1968.17_out,-6.2,1.342,1.26
100302_uff_e=1968.17_out,-6.1,13.822,11.928
100302_uff_e=1968.17_out,-6.0,3.164,2.027
100302_uff_e=1968.17_out,-6.0,25.55,24.094
100302_uff_e=1968.17_out,-5.9,23.043,22.102
100302_uff_e=1968.17_out,-5.8,3.813,2.195
100302_uff_e=1968.17_out,-5.7,4.691,2.604
100492_uff_e=731.84_out,-6.9,0.0,0.0
100492_uff_e=731.84_out,-6.9,25.337,23.186
100492_uff_e=731.84_out,-6.7,38.661,36.046
100492_uff_e=731.84_out,-6.7,23.919,20.125
100492_uff_e=731.84_out,-6.6,32.803,28.663
100492_uff_e=731.84_out,-6.5,26.821,24.108
100492_uff_e=731.84_out,-6.4,28.213,25.391
100492_uff_e=731.84_out,-6.4,27.304,24.751
100492_uff_e=731.84_out,-6.4,26.723,24.347
100528_uff_e=773.02_out,-6.2,0.0,0.0
100528_uff_e=773.02_out,-6.1,2.794,1.505
100528_uff_e=773.02_out,-6.1,8.335,4.637
100528_uff_e=773.02_out,-6.1,11.937,6.307
100528_uff_e=773.02_out,-6.1,28.42,24.628
100528_uff_e=773.02_out,-6.1,2.046,1.054
100528_uff_e=773.02_out,-6.0,26.997,24.045
100528_uff_e=773.02_out,-6.0,27.892,24.743
100528_uff_e=773.02_out,-6.0,27.658,24.024
100572_uff_e=432.95_out,-6.6,0.0,0.0
100572_uff_e=432.95_out,-6.2,4.853,2.479
100572_uff_e=432.95_out,-6.1,3.883,2.208
100572_uff_e=432.95_out,-6.1,23.802,21.937
100572_uff_e=432.95_out,-6.0,4.909,2.59
100572_uff_e=432.95_out,-6.0,2.157,1.555
100572_uff_e=432.95_out,-5.9,3.966,2.141
100572_uff_e=432.95_out,-5.9,5.449,2.745
100572_uff_e=432.95_out,-5.8,23.259,21.417
101253_uff_e=626.45_out,-6.1,0.0,0.0
101253_uff_e=626.45_out,-5.5,3.716,1.092
101253_uff_e=626.45_out,-5.2,25.08,22.941
101253_uff_e=626.45_out,-5.2,2.25,1.553
101253_uff_e=626.45_out,-5.2,20.835,18.211
101253_uff_e=626.45_out,-5.2,24.781,22.696
101253_uff_e=626.45_out,-5.2,25.83,23.14
101253_uff_e=626.45_out,-5.1,25.562,23.225
101253_uff_e=626.45_out,-5.1,3.143,1.719
101300_uff_e=579.93_out,-6.7,0.0,0.0
101300_uff_e=579.93_out,-6.7,36.051,32.473
101300_uff_e=579.93_out,-6.5,24.271,22.729
101300_uff_e=579.93_out,-6.2,11.914,8.493
101300_uff_e=579.93_out,-6.2,24.697,22.904
101300_uff_e=579.93_out,-6.1,24.215,22.456
101300_uff_e=579.93_out,-6.0,26.327,23.593
101300_uff_e=579.93_out,-6.0,25.5,22.921
101300_uff_e=579.93_out,-6.0,23.614,22.582
101301_uff_e=575.25_out,-6.7,0.0,0.0
101301_uff_e=575.25_out,-6.6,8.11,2.209
101301_uff_e=575.25_out,-6.3,8.855,2.421
101301_uff_e=575.25_out,-6.2,24.995,21.787
101301_uff_e=575.25_out,-6.0,22.948,20.562
101301_uff_e=575.25_out,-6.0,19.458,15.708
101301_uff_e=575.25_out,-6.0,23.114,19.776
101301_uff_e=575.25_out,-5.9,3.746,2.256
101301_uff_e=575.25_out,-5.9,8.214,2.138
101595_uff_e=755.76_out,-7.5,0.0,0.0
101595_uff_e=755.76_out,-7.2,26.333,23.766
101595_uff_e=755.76_out,-7.2,12.121,9.33
101595_uff_e=755.76_out,-6.9,26.336,23.432
101595_uff_e=755.76_out,-6.8,13.132,10.23
101595_uff_e=755.76_out,-6.8,13.789,10.467
101595_uff_e=755.76_out,-6.6,5.604,1.822
101595_uff_e=755.76_out,-6.6,5.566,2.229
101595_uff_e=755.76_out,-6.5,4.701,1.933
101616_uff_e=320.38_out,-7.3,0.0,0.0
101616_uff_e=320.38_out,-7.1,7.363,2.992
101616_uff_e=320.38_out,-7.0,22.902,21.359
101616_uff_e=320.38_out,-7.0,23.635,21.406
101616_uff_e=320.38_out,-6.9,11.878,7.448
101616_uff_e=320.38_out,-6.7,25.269,22.752
101616_uff_e=320.38_out,-6.6,12.5,8.278
101616_uff_e=320.38_out,-6.6,6.892,4.262
101616_uff_e=320.38_out,-6.6,13.52,9.46
101689_uff_e=469.91_out,-6.5,0.0,0.0
101689_uff_e=469.91_out,-6.4,7.865,3.318
101689_uff_e=469.91_out,-6.4,11.94,9.449
101689_uff_e=469.91_out,-6.3,22.399,19.898
101689_uff_e=469.91_out,-6.2,22.104,20.186
101689_uff_e=469.91_out,-6.1,16.08,13.997
101689_uff_e=469.91_out,-6.1,6.536,1.331
101689_uff_e=469.91_out,-6.0,23.367,21.437
101689_uff_e=469.91_out,-6.0,15.473,12.183
101699_uff_e=492.28_out,-6.6,0.0,0.0
101699_uff_e=492.28_out,-6.3,4.981,3.235
101699_uff_e=492.28_out,-6.2,5.479,2.861
101699_uff_e=492.28_out,-6.2,11.293,8.897
101699_uff_e=492.28_out,-6.2,24.704,22.203
101699_uff_e=492.28_out,-6.2,4.228,2.46
101699_uff_e=492.28_out,-6.2,25.469,23.438
101699_uff_e=492.28_out,-6.1,4.686,2.496
101699_uff_e=492.28_out,-6.1,3.541,2.265
101702_uff_e=477.43_out,-6.7,0.0,0.0
101702_uff_e=477.43_out,-6.7,7.339,3.552
101702_uff_e=477.43_out,-6.7,4.188,2.989
101702_uff_e=477.43_out,-6.5,3.374,2.551
101702_uff_e=477.43_out,-6.4,26.561,23.873
101702_uff_e=477.43_out,-6.3,13.322,11.666
101702_uff_e=477.43_out,-6.3,4.046,2.92
101702_uff_e=477.43_out,-6.2,5.623,3.775
101702_uff_e=477.43_out,-6.2,7.516,4.419
101712_uff_e=714.72_out,-7.2,0.0,0.0
101712_uff_e=714.72_out,-7.1,3.109,1.556
101712_uff_e=714.72_out,-7.0,9.132,4.584
101712_uff_e=714.72_out,-6.9,2.635,1.603
101712_uff_e=714.72_out,-6.9,3.108,1.95
101712_uff_e=714.72_out,-6.8,24.413,21.843
101712_uff_e=714.72_out,-6.8,2.437,1.711
101712_uff_e=714.72_out,-6.7,27.061,21.499
101712_uff_e=714.72_out,-6.7,24.381,20.663
101810_uff_e=860.56_out,-7.5,0.0,0.0
101810_uff_e=860.56_out,-7.2,10.077,4.19
101810_uff_e=860.56_out,-7.1,25.952,22.951
101810_uff_e=860.56_out,-7.0,25.686,22.563
101810_uff_e=860.56_out,-7.0,23.9,20.744
101810_uff_e=860.56_out,-6.9,24.994,23.141
101810_uff_e=860.56_out,-6.8,6.011,3.326
101810_uff_e=860.56_out,-6.8,9.906,4.148
101810_uff_e=860.56_out,-6.8,6.095,3.648
101977_uff_e=97.86_out,-4.6,0.0,0.0
101977_uff_e=97.86_out,-4.4,3.943,3.13
101977_uff_e=97.86_out,-4.2,2.819,2.048
101977_uff_e=97.86_out,-4.2,3.36,2.305
101977_uff_e=97.86_out,-4.1,11.02,9.029
101977_uff_e=97.86_out,-4.1,24.025,22.062
101977_uff_e=97.86_out,-4.1,2.912,2.011
101977_uff_e=97.86_out,-4.1,2.413,1.598
101977_uff_e=97.86_out,-4.1,4.96,2.722
102667_uff_e=738.73_out,-4.8,0.0,0.0
102667_uff_e=738.73_out,-4.8,11.674,10.562
102667_uff_e=738.73_out,-4.7,3.475,1.751
102667_uff_e=738.73_out,-4.7,11.516,10.387
102667_uff_e=738.73_out,-4.6,3.223,1.696
102667_uff_e=738.73_out,-4.6,11.682,10.669
102667_uff_e=738.73_out,-4.5,2.916,1.474
102667_uff_e=738.73_out,-4.5,3.59,2.149
102667_uff_e=738.73_out,-4.4,11.801,10.814
103008_uff_e=329.44_out,-4.4,0.0,0.0
103008_uff_e=329.44_out,-4.3,23.539,22.263
103008_uff_e=329.44_out,-4.2,22.731,21.52
103008_uff_e=329.44_out,-4.2,13.942,12.401
103008_uff_e=329.44_out,-4.1,4.754,2.393
103008_uff_e=329.44_out,-4.1,23.113,21.899
103008_uff_e=329.44_out,-4.1,22.933,21.648
103008_uff_e=329.44_out,-4.1,23.195,21.843
103008_uff_e=329.44_out,-4.1,23.951,22.894
104836_uff_e=451.16_out,-6.8,0.0,0.0
104836_uff_e=451.16_out,-6.5,5.303,1.874
104836_uff_e=451.16_out,-6.2,5.634,1.736
104836_uff_e=451.16_out,-6.0,7.716,2.944
104836_uff_e=451.16_out,-5.9,24.213,22.346
104836_uff_e=451.16_out,-5.8,24.433,22.63
104836_uff_e=451.16_out,-5.8,13.712,10.943
104836_uff_e=451.16_out,-5.7,6.704,2.745
104836_uff_e=451.16_out,-5.7,7.241,3.248
107721_uff_e=321.95_out,-5.9,0.0,0.0
107721_uff_e=321.95_out,-5.8,23.676,22.793
107721_uff_e=321.95_out,-5.8,23.916,23.388
107721_uff_e=321.95_out,-5.8,2.849,1.788
107721_uff_e=321.95_out,-5.8,24.049,22.712
107721_uff_e=321.95_out,-5.8,24.517,22.563
107721_uff_e=321.95_out,-5.7,7.151,2.492
107721_uff_e=321.95_out,-5.7,27.061,25.261
107721_uff_e=321.95_out,-5.7,6.692,1.708
107848_uff_e=464.10_out,-6.4,0.0,0.0
107848_uff_e=464.10_out,-6.1,25.113,22.245
107848_uff_e=464.10_out,-6.1,23.514,21.247
107848_uff_e=464.10_out,-5.9,23.507,21.594
107848_uff_e=464.10_out,-5.9,10.973,7.495
107848_uff_e=464.10_out,-5.8,7.737,2.206
107848_uff_e=464.10_out,-5.7,13.156,10.111
107848_uff_e=464.10_out,-5.7,23.848,20.984
107848_uff_e=464.10_out,-5.7,25.31,23.356
107935_uff_e=459.35_out,-7.0,0.0,0.0
107935_uff_e=459.35_out,-6.7,4.092,2.456
107935_uff_e=459.35_out,-6.7,24.578,21.049
107935_uff_e=459.35_out,-6.6,7.365,4.499
107935_uff_e=459.35_out,-6.6,23.616,18.784
107935_uff_e=459.35_out,-6.5,10.889,4.26
107935_uff_e=459.35_out,-6.5,24.704,21.561
107935_uff_e=459.35_out,-6.5,26.83,24.559
107935_uff_e=459.35_out,-6.4,24.814,21.09
107936_uff_e=424.25_out,-5.7,0.0,0.0
107936_uff_e=424.25_out,-5.5,4.784,1.962
107936_uff_e=424.25_out,-5.5,22.553,21.547
107936_uff_e=424.25_out,-5.5,19.928,19.2
107936_uff_e=424.25_out,-5.4,24.307,22.766
107936_uff_e=424.25_out,-5.3,4.607,1.326
107936_uff_e=424.25_out,-5.2,22.737,20.99
107936_uff_e=424.25_out,-5.2,9.92,8.608
107936_uff_e=424.25_out,-5.2,23.87,22.511
107938_uff_e=398.18_out,-5.4,0.0,0.0
107938_uff_e=398.18_out,-5.4,6.803,3.199
107938_uff_e=398.18_out,-5.2,24.568,22.769
107938_uff_e=398.18_out,-5.2,3.311,2.549
107938_uff_e=398.18_out,-5.2,3.057,1.633
107938_uff_e=398.18_out,-5.2,8.502,4.587
107938_uff_e=398.18_out,-5.2,19.078,17.03
107938_uff_e=398.18_out,-5.2,4.517,2.885
107938_uff_e=398.18_out,-5.1,2.196,1.331
107971_uff_e=550.77_out,-7.4,0.0,0.0
107971_uff_e=550.77_out,-7.0,27.451,25.536
107971_uff_e=550.77_out,-7.0,22.661,18.764
107971_uff_e=550.77_out,-6.9,10.259,3.31
107971_uff_e=550.77_out,-6.9,3.233,1.912
107971_uff_e=550.77_out,-6.9,23.765,20.64
107971_uff_e=550.77_out,-6.8,27.553,25.716
107971_uff_e=550.77_out,-6.8,10.142,3.248
107971_uff_e=550.77_out,-6.8,10.023,3.162
107982_uff_e=185.48_out,-4.9,0.0,0.0
107982_uff_e=185.48_out,-4.7,19.876,16.724
107982_uff_e=185.48_out,-4.6,21.742,18.357
107982_uff_e=185.48_out,-4.6,18.782,16.717
107982_uff_e=185.48_out,-4.5,21.606,18.884
107982_uff_e=185.48_out,-4.5,30.913,29.164
107982_uff_e=185.48_out,-4.5,18.936,17.011
107982_uff_e=185.48_out,-4.5,18.707,16.614
107982_uff_e=185.48_out,-4.5,23.677,21.193
107985_uff_e=4852.97_out,-7.1,0.0,0.0
107985_uff_e=4852.97_out,-6.8,13.418,9.442
107985_uff_e=4852.97_out,-6.7,10.646,7.367
107985_uff_e=4852.97_out,-6.5,23.626,20.868
107985_uff_e=4852.97_out,-6.5,24.219,22.218
107985_uff_e=4852.97_out,-6.5,1.466,1.168
107985_uff_e=4852.97_out,-6.5,14.454,11.357
107985_uff_e=4852.97_out,-6.5,24.928,22.988
107985_uff_e=4852.97_out,-6.3,23.496,20.718
108014_uff_e=540.22_out,-7.4,0.0,0.0
108014_uff_e=540.22_out,-7.2,17.493,13.701
108014_uff_e=540.22_out,-7.2,26.933,23.73
108014_uff_e=540.22_out,-6.9,16.135,12.502
108014_uff_e=540.22_out,-6.8,16.996,12.986
108014_uff_e=540.22_out,-6.8,17.63,13.689
108014_uff_e=540.22_out,-6.7,12.733,9.194
108014_uff_e=540.22_out,-6.7,3.59,2.648
108014_uff_e=540.22_out,-6.6,6.314,3.763
108052_uff_e=767.83_out,-6.5,0.0,0.0
108052_uff_e=767.83_out,-6.5,6.182,1.975
108052_uff_e=767.83_out,-6.5,4.707,3.096
108052_uff_e=767.83_out,-6.4,24.194,22.88
108052_uff_e=767.83_out,-6.3,24.87,22.411
108052_uff_e=767.83_out,-6.3,23.9,22.44
108052_uff_e=767.83_out,-6.1,6.329,1.769
108052_uff_e=767.83_out,-6.1,23.768,22.152
108052_uff_e=767.83_out,-6.1,6.539,2.033
108053_uff_e=355.32_out,-5.1,0.0,0.0
108053_uff_e=355.32_out,-5.0,9.218,5.891
108053_uff_e=355.32_out,-4.9,10.356,8.696
108053_uff_e=355.32_out,-4.9,11.896,9.944
108053_uff_e=355.32_out,-4.8,15.438,12.526
108053_uff_e=355.32_out,-4.8,13.399,10.593
108053_uff_e=355.32_out,-4.7,14.533,11.777
108053_uff_e=355.32_out,-4.7,11.526,8.73
108053_uff_e=355.32_out,-4.7,10.363,7.194
108064_uff_e=256.32_out,-5.8,0.0,0.0
108064_uff_e=256.32_out,-5.8,4.505,2.934
108064_uff_e=256.32_out,-5.6,5.179,3.998
108064_uff_e=256.32_out,-5.6,23.799,22.187
108064_uff_e=256.32_out,-5.5,24.057,22.803
108064_uff_e=256.32_out,-5.5,24.827,22.794
108064_uff_e=256.32_out,-5.4,26.288,24.126
108064_uff_e=256.32_out,-5.4,26.107,24.227
108064_uff_e=256.32_out,-5.4,25.22,23.13
108125_uff_e=286.47_out,-7.0,0.0,0.0
108125_uff_e=286.47_out,-6.2,12.745,10.447
108125_uff_e=286.47_out,-6.1,4.984,3.081
108125_uff_e=286.47_out,-6.1,3.972,1.83
108125_uff_e=286.47_out,-5.9,24.618,21.709
108125_uff_e=286.47_out,-5.8,35.621,32.492
108125_uff_e=286.47_out,-5.7,25.048,23.257
108125_uff_e=286.47_out,-5.7,16.854,14.398
108125_uff_e=286.47_out,-5.7,22.575,21.329
111037_uff_e=155.15_out,-5.6,0.0,0.0
111037_uff_e=155.15_out,-5.5,1.533,0.725
111037_uff_e=155.15_out,-5.5,2.742,1.704
111037_uff_e=155.15_out,-5.3,3.237,1.588
111037_uff_e=155.15_out,-5.3,5.159,2.368
111037_uff_e=155.15_out,-5.1,3.561,2.665
111037_uff_e=155.15_out,-5.1,3.874,2.315
111037_uff_e=155.15_out,-5.0,2.028,1.431
111037_uff_e=155.15_out,-4.9,23.166,21.66
114627_uff_e=587.78_out,-8.6,0.0,0.0
114627_uff_e=587.78_out,-8.4,3.967,2.362
114627_uff_e=587.78_out,-7.9,4.763,1.365
114627_uff_e=587.78_out,-7.9,2.117,1.494
114627_uff_e=587.78_out,-7.8,5.448,3.017
114627_uff_e=587.78_out,-7.8,2.476,1.644
114627_uff_e=587.78_out,-7.6,24.8,21.697
114627_uff_e=587.78_out,-7.6,8.794,2.179
114627_uff_e=587.78_out,-7.6,6.901,4.077
114652_uff_e=1147.94_out,-8.6,0.0,0.0
114652_uff_e=1147.94_out,-8.0,10.042,5.275
114652_uff_e=1147.94_out,-7.9,3.672,2.458
114652_uff_e=1147.94_out,-7.9,1.725,1.442
114652_uff_e=1147.94_out,-7.9,22.924,20.454
114652_uff_e=1147.94_out,-7.8,2.13,1.247
114652_uff_e=1147.94_out,-7.8,10.065,5.491
114652_uff_e=1147.94_out,-7.8,3.98,2.146
114652_uff_e=1147.94_out,-7.6,9.067,6.507
114776_uff_e=471.39_out,-7.3,0.0,0.0
114776_uff_e=471.39_out,-7.1,21.725,18.022
114776_uff_e=471.39_out,-7.1,2.624,1.573
114776_uff_e=471.39_out,-7.1,24.962,21.984
114776_uff_e=471.39_out,-7.1,9.702,1.908
114776_uff_e=471.39_out,-7.1,21.856,18.11
114776_uff_e=471.39_out,-7.0,6.005,3.083
114776_uff_e=471.39_out,-7.0,8.192,5.081
114776_uff_e=471.39_out,-6.9,24.272,21.955
114829_uff_e=186.28_out,-6.8,0.0,0.0
114829_uff_e=186.28_out,-6.5,5.044,3.885
114829_uff_e=186.28_out,-6.4,3.277,1.411
114829_uff_e=186.28_out,-6.4,5.23,3.986
114829_uff_e=186.28_out,-6.3,6.644,3.303
114829_uff_e=186.28_out,-6.3,24.485,22.451
114829_uff_e=186.28_out,-6.2,22.97,22.007
114829_uff_e=186.28_out,-6.2,23.44,22.432
114829_uff_e=186.28_out,-6.2,24.336,22.593
114843_uff_e=397.88_out,-5.0,0.0,0.0
114843_uff_e=397.88_out,-5.0,25.243,23.348
114843_uff_e=397.88_out,-5.0,8.035,4.109
114843_uff_e=397.88_out,-4.9,17.17,15.632
114843_uff_e=397.88_out,-4.9,2.516,1.406
114843_uff_e=397.88_out,-4.9,2.061,1.347
114843_uff_e=397.88_out,-4.8,3.173,2.06
114843_uff_e=397.88_out,-4.8,2.772,1.912
114843_uff_e=397.88_out,-4.8,6.882,4.379
114850_uff_e=285.45_out,-6.6,0.0,0.0
114850_uff_e=285.45_out,-6.2,4.258,2.128
114850_uff_e=285.45_out,-6.2,4.726,2.292
114850_uff_e=285.45_out,-6.1,23.132,21.626
114850_uff_e=285.45_out,-5.9,4.896,2.23
114850_uff_e=285.45_out,-5.8,11.111,9.06
114850_uff_e=285.45_out,-5.7,11.454,9.776
114850_uff_e=285.45_out,-5.6,12.906,11.284
114850_uff_e=285.45_out,-5.6,21.47,19.809
114857_uff_e=334.40_out,-6.5,0.0,0.0
114857_uff_e=334.40_out,-6.3,2.473,1.409
114857_uff_e=334.40_out,-6.2,2.074,0.831
114857_uff_e=334.40_out,-6.1,4.619,1.8
114857_uff_e=334.40_out,-6.0,3.12,1.422
114857_uff_e=334.40_out,-6.0,2.911,1.823
114857_uff_e=334.40_out,-5.8,5.135,1.257
114857_uff_e=334.40_out,-5.7,3.618,1.892
114857_uff_e=334.40_out,-5.7,23.081,21.777
114909_uff_e=487.00_out,-7.2,0.0,0.0
114909_uff_e=487.00_out,-6.9,2.384,1.72
114909_uff_e=487.00_out,-6.9,7.476,2.53
114909_uff_e=487.00_out,-6.7,7.052,4.172
114909_uff_e=487.00_out,-6.5,26.207,23.93
114909_uff_e=487.00_out,-6.5,22.366,19.296
114909_uff_e=487.00_out,-6.5,7.286,1.532
114909_uff_e=487.00_out,-6.5,13.848,10.64
114909_uff_e=487.00_out,-6.5,10.122,6.666
115012_uff_e=929.14_out,-7.2,0.0,0.0
115012_uff_e=929.14_out,-7.2,25.244,22.396
115012_uff_e=929.14_out,-7.0,28.708,24.67
115012_uff_e=929.14_out,-7.0,24.691,22.921
115012_uff_e=929.14_out,-6.9,25.654,21.426
115012_uff_e=929.14_out,-6.9,22.714,20.029
115012_uff_e=929.14_out,-6.9,24.271,22.591
115012_uff_e=929.14_out,-6.8,28.164,24.38
115012_uff_e=929.14_out,-6.8,23.466,20.526
115127_uff_e=731.35_out,-6.8,0.0,0.0
115127_uff_e=731.35_out,-6.5,25.511,22.751
115127_uff_e=731.35_out,-6.4,25.722,23.015
115127_uff_e=731.35_out,-6.2,23.477,20.86
115127_uff_e=731.35_out,-6.2,3.703,2.402
115127_uff_e=731.35_out,-6.1,2.356,1.799
115127_uff_e=731.35_out,-6.1,6.074,3.164
115127_uff_e=731.35_out,-6.0,24.655,21.869
115127_uff_e=731.35_out,-5.9,3.797,1.854
115196_uff_e=717.36_out,-7.5,0.0,0.0
115196_uff_e=717.36_out,-7.5,5.468,3.608
115196_uff_e=717.36_out,-7.4,3.815,1.817
115196_uff_e=717.36_out,-7.4,9.305,2.216
115196_uff_e=717.36_out,-7.3,3.008,2.206
115196_uff_e=717.36_out,-7.2,5.577,3.759
115196_uff_e=717.36_out,-7.0,23.322,21.922
115196_uff_e=717.36_out,-7.0,3.025,1.87
115196_uff_e=717.36_out,-7.0,26.204,22.807
115244_uff_e=311.35_out,-4.2,0.0,0.0
115244_uff_e=311.35_out,-4.0,1.959,1.415
115244_uff_e=311.35_out,-3.9,14.278,13.449
115244_uff_e=311.35_out,-3.9,2.731,1.392
115244_uff_e=311.35_out,-3.8,2.63,1.165
115244_uff_e=311.35_out,-3.8,13.788,13.001
115244_uff_e=311.35_out,-3.8,18.582,17.519
115244_uff_e=311.35_out,-3.7,22.941,22.139
115244_uff_e=311.35_out,-3.6,3.357,2.489
115300_uff_e=387.06_out,-6.3,0.0,0.0
115300_uff_e=387.06_out,-6.2,21.892,20.634
115300_uff_e=387.06_out,-5.8,14.001,11.547
115300_uff_e=387.06_out,-5.7,4.469,2.162
115300_uff_e=387.06_out,-5.7,25.009,23.306
115300_uff_e=387.06_out,-5.7,5.802,2.671
115300_uff_e=387.06_out,-5.7,24.782,22.809
115300_uff_e=387.06_out,-5.6,25.047,23.157
115300_uff_e=387.06_out,-5.5,13.668,10.969
117900_uff_e=507.43_out,-6.3,0.0,0.0
117900_uff_e=507.43_out,-6.0,23.564,22.322
117900_uff_e=507.43_out,-5.9,25.222,23.056
117900_uff_e=507.43_out,-5.9,25.056,23.06
117900_uff_e=507.43_out,-5.8,6.554,2.236
117900_uff_e=507.43_out,-5.8,24.162,22.131
117900_uff_e=507.43_out,-5.7,26.087,23.406
117900_uff_e=507.43_out,-5.7,24.559,22.924
117900_uff_e=507.43_out,-5.7,27.253,25.393
119033_uff_e=348.70_out,-6.0,0.0,0.0
119033_uff_e=348.70_out,-5.8,24.936,23.058
119033_uff_e=348.70_out,-5.8,21.486,19.076
119033_uff_e=348.70_out,-5.8,23.887,22.312
119033_uff_e=348.70_out,-5.7,24.093,22.249
119033_uff_e=348.70_out,-5.7,24.731,22.95
119033_uff_e=348.70_out,-5.6,23.617,21.846
119033_uff_e=348.70_out,-5.6,23.587,21.883
119033_uff_e=348.70_out,-5.6,6.4,2.288
119034_uff_e=877.01_out,-7.0,0.0,0.0
119034_uff_e=877.01_out,-7.0,8.084,2.082
119034_uff_e=877.01_out,-6.9,25.902,23.106
119034_uff_e=877.01_out,-6.9,7.963,2.176
119034_uff_e=877.01_out,-6.8,26.638,23.495
119034_uff_e=877.01_out,-6.8,10.045,5.46
119034_uff_e=877.01_out,-6.8,26.605,23.581
119034_uff_e=877.01_out,-6.7,9.091,5.303
119034_uff_e=877.01_out,-6.7,25.345,23.437
119041_uff_e=2358.90_out,-8.3,0.0,0.0
119041_uff_e=2358.90_out,-7.9,25.574,22.519
119041_uff_e=2358.90_out,-7.7,25.561,23.067
119041_uff_e=2358.90_out,-7.7,22.389,20.617
119041_uff_e=2358.90_out,-7.6,4.073,2.598
119041_uff_e=2358.90_out,-7.5,25.256,21.46
119041_uff_e=2358.90_out,-7.5,4.275,2.52
119041_uff_e=2358.90_out,-7.4,24.226,21.411
119041_uff_e=2358.90_out,-7.3,24.853,20.59
119066_uff_e=386.96_out,-6.7,0.0,0.0
119066_uff_e=386.96_out,-6.6,8.049,1.394
119066_uff_e=386.96_out,-6.5,21.214,18.538
119066_uff_e=386.96_out,-6.3,22.024,19.51
119066_uff_e=386.96_out,-6.2,2.497,1.824
119066_uff_e=386.96_out,-6.2,2.962,1.968
119066_uff_e=386.96_out,-6.2,7.404,4.393
119066_uff_e=386.96_out,-6.1,22.834,20.309
119066_uff_e=386.96_out,-6.1,23.271,21.19
119093_uff_e=531.61_out,-6.3,0.0,0.0
119093_uff_e=531.61_out,-6.2,23.013,21.546
119093_uff_e=531.61_out,-6.1,5.92,2.702
119093_uff_e=531.61_out,-6.0,5.073,3.252
119093_uff_e=531.61_out,-6.0,3.948,1.954
119093_uff_e=531.61_out,-6.0,10.909,7.436
119093_uff_e=531.61_out,-6.0,23.602,21.254
119093_uff_e=531.61_out,-6.0,27.017,23.319
119093_uff_e=531.61_out,-6.0,11.829,8.694
119104_uff_e=190.65_out,-5.4,0.0,0.0
119104_uff_e=190.65_out,-5.1,2.714,2.16
119104_uff_e=190.65_out,-5.1,24.244,21.857
119104_uff_e=190.65_out,-5.0,25.091,23.215
119104_uff_e=190.65_out,-5.0,25.218,23.32
119104_uff_e=190.65_out,-4.9,6.073,2.433
119104_uff_e=190.65_out,-4.9,22.212,21.331
119104_uff_e=190.65_out,-4.9,13.784,12.129
119104_uff_e=190.65_out,-4.9,25.547,23.314
119199_uff_e=229.61_out,-7.0,0.0,0.0
119199_uff_e=229.61_out,-6.9,5.644,3.113
119199_uff_e=229.61_out,-6.8,6.673,1.504
119199_uff_e=229.61_out,-6.7,22.454,20.959
119199_uff_e=229.61_out,-6.7,7.029,2.251
119199_uff_e=229.61_out,-6.6,6.131,3.369
119199_uff_e=229.61_out,-6.5,6.507,1.816
119199_uff_e=229.61_out,-6.5,5.265,3.16
119199_uff_e=229.61_out,-6.4,4.791,2.914
119205_uff_e=461.06_out,-6.5,0.0,0.0
119205_uff_e=461.06_out,-6.5,5.471,0.895
119205_uff_e=461.06_out,-6.4,23.217,20.861
119205_uff_e=461.06_out,-6.3,24.618,22.118
119205_uff_e=461.06_out,-6.2,24.689,22.164
119205_uff_e=461.06_out,-6.2,3.854,2.507
119205_uff_e=461.06_out,-6.1,23.747,20.885
119205_uff_e=461.06_out,-6.1,23.868,22.1
119205_uff_e=461.06_out,-6.0,24.757,22.637
119268_uff_e=395.80_out,-6.7,0.0,0.0
119268_uff_e=395.80_out,-6.5,4.547,2.434
119268_uff_e=395.80_out,-6.4,24.777,22.696
119268_uff_e=395.80_out,-6.4,24.402,22.679
119268_uff_e=395.80_out,-6.4,20.365,17.582
119268_uff_e=395.80_out,-6.3,22.977,19.929
119268_uff_e=395.80_out,-6.3,21.895,18.468
119268_uff_e=395.80_out,-6.1,24.332,22.636
119268_uff_e=395.80_out,-6.1,24.768,22.749
119269_uff_e=295.93_out,-7.3,0.0,0.0
119269_uff_e=295.93_out,-6.7,7.799,2.13
119269_uff_e=295.93_out,-6.7,2.227,1.265
119269_uff_e=295.93_out,-6.7,7.568,4.941
119269_uff_e=295.93_out,-6.7,8.544,5.357
119269_uff_e=295.93_out,-6.5,6.079,3.541
119269_uff_e=295.93_out,-6.4,11.02,9.21
119269_uff_e=295.93_out,-6.4,7.216,1.851
119269_uff_e=295.93_out,-6.3,23.534,22.027
119287_uff_e=904.35_out,-8.1,0.0,0.0
119287_uff_e=904.35_out,-8.1,8.337,2.108
119287_uff_e=904.35_out,-7.8,25.925,22.228
119287_uff_e=904.35_out,-7.4,34.258,31.919
119287_uff_e=904.35_out,-7.4,34.524,31.477
119287_uff_e=904.35_out,-7.3,25.008,22.31
119287_uff_e=904.35_out,-7.3,26.463,23.875
119287_uff_e=904.35_out,-7.2,3.86,2.441
119287_uff_e=904.35_out,-7.2,26.124,22.712
119301_uff_e=513.49_out,-6.0,0.0,0.0
119301_uff_e=513.49_out,-5.6,2.905,1.768
119301_uff_e=513.49_out,-5.6,9.291,4.72
119301_uff_e=513.49_out,-5.5,3.219,1.586
119301_uff_e=513.49_out,-5.4,9.731,4.922
119301_uff_e=513.49_out,-5.4,3.844,2.069
119301_uff_e=513.49_out,-5.3,6.32,4.556
119301_uff_e=513.49_out,-5.3,4.852,2.612
119301_uff_e=513.49_out,-5.3,6.774,3.512
119444_uff_e=866.06_out,-7.7,0.0,0.0
119444_uff_e=866.06_out,-7.2,23.393,18.858
119444_uff_e=866.06_out,-7.1,3.77,2.404
119444_uff_e=866.06_out,-7.1,26.381,23.752
119444_uff_e=866.06_out,-7.0,25.191,23.123
119444_uff_e=866.06_out,-7.0,23.726,19.987
119444_uff_e=866.06_out,-7.0,24.695,21.6
119444_uff_e=866.06_out,-6.9,9.029,2.264
119444_uff_e=866.06_out,-6.9,8.684,2.597
119533_uff_e=526.30_out,-6.0,0.0,0.0
119533_uff_e=526.30_out,-5.9,2.81,1.574
119533_uff_e=526.30_out,-5.9,2.076,1.506
119533_uff_e=526.30_out,-5.8,9.158,4.3
119533_uff_e=526.30_out,-5.5,8.598,3.173
119533_uff_e=526.30_out,-5.4,9.112,5.139
119533_uff_e=526.30_out,-5.4,8.21,4.88
119533_uff_e=526.30_out,-5.3,8.593,3.189
119533_uff_e=526.30_out,-5.3,3.836,2.43
120290_uff_e=644.31_out,-6.0,0.0,0.0
120290_uff_e=644.31_out,-6.0,26.471,22.758
120290_uff_e=644.31_out,-5.8,25.954,22.659
120290_uff_e=644.31_out,-5.7,26.071,23.029
120290_uff_e=644.31_out,-5.6,7.752,1.452
120290_uff_e=644.31_out,-5.6,25.989,23.57
120290_uff_e=644.31_out,-5.6,26.612,22.665
120290_uff_e=644.31_out,-5.6,25.573,22.709
120290_uff_e=644.31_out,-5.6,21.882,18.067
120641_uff_e=89.59_out,-4.4,0.0,0.0
120641_uff_e=89.59_out,-4.3,20.985,20.453
120641_uff_e=89.59_out,-4.3,21.337,20.85
120641_uff_e=89.59_out,-4.2,18.217,16.59
120641_uff_e=89.59_out,-4.1,23.257,22.597
120641_uff_e=89.59_out,-4.1,15.172,13.014
120641_uff_e=89.59_out,-4.0,22.087,21.534
120641_uff_e=89.59_out,-4.0,23.037,22.373
120641_uff_e=89.59_out,-4.0,22.647,22.145
120698_uff_e=588.92_out,-7.4,0.0,0.0
120698_uff_e=588.92_out,-7.3,12.013,9.775
120698_uff_e=588.92_out,-7.2,12.611,9.339
120698_uff_e=588.92_out,-6.9,4.343,2.696
120698_uff_e=588.92_out,-6.9,12.992,9.474
120698_uff_e=588.92_out,-6.8,12.019,6.537
120698_uff_e=588.92_out,-6.8,10.7,8.401
120698_uff_e=588.92_out,-6.8,22.718,20.607
120698_uff_e=588.92_out,-6.7,9.733,6.221
120704_uff_e=887.55_out,-7.3,0.0,0.0
120704_uff_e=887.55_out,-7.1,10.378,3.248
120704_uff_e=887.55_out,-7.1,24.941,21.486
120704_uff_e=887.55_out,-7.1,22.208,18.231
120704_uff_e=887.55_out,-7.0,23.088,18.092
120704_uff_e=887.55_out,-6.8,22.473,17.104
120704_uff_e=887.55_out,-6.8,22.842,19.797
120704_uff_e=887.55_out,-6.8,11.075,4.514
120704_uff_e=887.55_out,-6.8,23.888,21.47
121536_uff_e=400.63_out,-6.1,0.0,0.0
121536_uff_e=400.63_out,-5.8,4.69,1.921
121536_uff_e=400.63_out,-5.8,1.844,1.236
121536_uff_e=400.63_out,-5.7,4.287,1.913
121536_uff_e=400.63_out,-5.5,4.05,1.641
121536_uff_e=400.63_out,-5.5,3.459,1.753
121536_uff_e=400.63_out,-5.4,25.264,22.728
121536_uff_e=400.63_out,-5.4,3.895,2.198
121536_uff_e=400.63_out,-5.4,10.923,8.702
121719_uff_e=631.59_out,-5.0,0.0,0.0
121719_uff_e=631.59_out,-5.0,2.514,1.642
121719_uff_e=631.59_out,-4.9,3.226,1.681
121719_uff_e=631.59_out,-4.9,3.57,1.949
121719_uff_e=631.59_out,-4.8,2.937,1.469
121719_uff_e=631.59_out,-4.7,3.556,2.211
121719_uff_e=631.59_out,-4.6,2.78,1.638
121719_uff_e=631.59_out,-4.6,20.609,19.452
121719_uff_e=631.59_out,-4.5,12.505,11.342
121992_uff_e=636.58_out,-6.1,0.0,0.0
121992_uff_e=636.58_out,-6.0,15.314,13.112
121992_uff_e=636.58_out,-6.0,15.555,13.454
121992_uff_e=636.58_out,-5.9,1.889,1.416
121992_uff_e=636.58_out,-5.8,15.306,13.228
121992_uff_e=636.58_out,-5.7,5.655,4.026
121992_uff_e=636.58_out,-5.7,23.122,21.735
121992_uff_e=636.58_out,-5.7,2.244,1.609
121992_uff_e=636.58_out,-5.6,24.788,22.618
122159_uff_e=574.90_out,-5.8,0.0,0.0
122159_uff_e=574.90_out,-5.8,19.372,15.602
122159_uff_e=574.90_out,-5.8,15.602,11.669
122159_uff_e=574.90_out,-5.6,19.199,14.746
122159_uff_e=574.90_out,-5.6,19.555,17.074
122159_uff_e=574.90_out,-5.6,18.437,13.255
122159_uff_e=574.90_out,-5.5,21.128,17.168
122159_uff_e=574.90_out,-5.4,8.099,2.425
122159_uff_e=574.90_out,-5.4,21.542,18.58
122667_uff_e=689.88_out,-6.8,0.0,0.0
122667_uff_e=689.88_out,-6.5,2.431,0.844
122667_uff_e=689.88_out,-6.4,14.695,11.539
122667_uff_e=689.88_out,-6.4,14.85,11.68
122667_uff_e=689.88_out,-6.4,24.447,22.62
122667_uff_e=689.88_out,-6.4,19.235,15.83
122667_uff_e=689.88_out,-6.3,6.28,2.182
122667_uff_e=689.88_out,-6.3,19.698,16.265
122667_uff_e=689.88_out,-6.3,24.432,22.573
122840_uff_e=225.54_out,-6.9,0.0,0.0
122840_uff_e=225.54_out,-6.9,5.76,1.229
122840_uff_e=225.54_out,-6.3,3.228,2.038
122840_uff_e=225.54_out,-6.0,23.607,22.409
122840_uff_e=225.54_out,-6.0,4.513,3.178
122840_uff_e=225.54_out,-6.0,25.409,22.978
122840_uff_e=225.54_out,-5.9,23.918,22.733
122840_uff_e=225.54_out,-5.8,13.108,11.106
122840_uff_e=225.54_out,-5.8,11.786,10.77
122841_uff_e=385.20_out,-4.9,0.0,0.0
122841_uff_e=385.20_out,-4.9,2.454,1.849
122841_uff_e=385.20_out,-4.8,12.006,10.1
122841_uff_e=385.20_out,-4.8,23.723,22.134
122841_uff_e=385.20_out,-4.8,21.036,19.587
122841_uff_e=385.20_out,-4.8,23.122,21.652
122841_uff_e=385.20_out,-4.7,23.549,22.011
122841_uff_e=385.20_out,-4.7,3.077,1.773
122841_uff_e=385.20_out,-4.7,11.603,10.059
122850_uff_e=231.32_out,-6.5,0.0,0.0
122850_uff_e=231.32_out,-6.4,6.736,1.74
122850_uff_e=231.32_out,-6.4,6.608,3.473
122850_uff_e=231.32_out,-6.2,2.219,1.62
122850_uff_e=231.32_out,-6.0,24.948,22.726
122850_uff_e=231.32_out,-6.0,10.926,8.511
122850_uff_e=231.32_out,-6.0,9.319,7.355
122850_uff_e=231.32_out,-6.0,22.721,21.357
122850_uff_e=231.32_out,-6.0,22.467,21.198
122857_uff_e=781.06_out,-7.6,0.0,0.0
122857_uff_e=781.06_out,-7.5,8.276,2.8
122857_uff_e=781.06_out,-7.5,8.363,2.328
122857_uff_e=781.06_out,-7.3,5.46,2.808
122857_uff_e=781.06_out,-7.3,24.522,22.6
122857_uff_e=781.06_out,-7.1,4.293,1.943
122857_uff_e=781.06_out,-7.1,37.55,34.401
122857_uff_e=781.06_out,-7.0,2.267,1.536
122857_uff_e=781.06_out,-7.0,10.468,5.201
123953_uff_e=1761.05_out,-7.8,0.0,0.0
123953_uff_e=1761.05_out,-7.7,3.923,2.626
123953_uff_e=1761.05_out,-7.2,6.374,4.108
123953_uff_e=1761.05_out,-7.1,4.737,3.062
123953_uff_e=1761.05_out,-7.1,4.823,3.208
123953_uff_e=1761.05_out,-7.0,3.287,2.152
123953_uff_e=1761.05_out,-6.9,3.003,1.935
123953_uff_e=1761.05_out,-6.9,5.152,3.195
123953_uff_e=1761.05_out,-6.9,4.102,2.662
124025_uff_e=539.48_out,-8.7,0.0,0.0
124025_uff_e=539.48_out,-7.8,25.719,21.497
124025_uff_e=539.48_out,-7.7,13.9,8.109
124025_uff_e=539.48_out,-7.4,23.842,20.673
124025_uff_e=539.48_out,-7.4,12.338,7.682
124025_uff_e=539.48_out,-7.4,13.161,8.405
124025_uff_e=539.48_out,-7.3,17.264,14.244
124025_uff_e=539.48_out,-7.2,6.545,2.75
124025_uff_e=539.48_out,-7.1,24.974,20.12
124035_uff_e=377.56_out,-7.1,0.0,0.0
124035_uff_e=377.56_out,-6.9,8.062,2.49
124035_uff_e=377.56_out,-6.7,24.482,21.142
124035_uff_e=377.56_out,-6.6,24.479,21.639
124035_uff_e=377.56_out,-6.6,26.832,23.999
124035_uff_e=377.56_out,-6.5,2.029,1.094
124035_uff_e=377.56_out,-6.5,8.707,3.324
124035_uff_e=377.56_out,-6.5,6.985,4.037
124035_uff_e=377.56_out,-6.5,26.876,23.987
124049_uff_e=304.89_out,-7.3,0.0,0.0
124049_uff_e=304.89_out,-6.8,4.485,1.942
124049_uff_e=304.89_out,-6.6,5.517,1.684
124049_uff_e=304.89_out,-6.5,25.456,22.188
124049_uff_e=304.89_out,-6.5,2.068,1.404
124049_uff_e=304.89_out,-6.4,23.293,22.089
124049_uff_e=304.89_out,-6.4,33.43,30.689
124049_uff_e=304.89_out,-6.3,5.749,1.843
124049_uff_e=304.89_out,-6.3,21.183,19.711
124052_uff_e=227.27_out,-7.4,0.0,0.0
124052_uff_e=227.27_out,-7.3,9.775,2.956
124052_uff_e=227.27_out,-7.2,24.417,22.41
124052_uff_e=227.27_out,-7.0,24.874,22.907
124052_uff_e=227.27_out,-6.8,11.012,4.335
124052_uff_e=227.27_out,-6.7,22.767,20.667
124052_uff_e=227.27_out,-6.7,26.079,24.266
124052_uff_e=227.27_out,-6.7,5.207,2.709
124052_uff_e=227.27_out,-6.7,3.419,1.733
124062_uff_e=171.17_out,-7.2,0.0,0.0
124062_uff_e=171.17_out,-7.0,2.956,0.903
124062_uff_e=171.17_out,-6.4,23.469,22.381
124062_uff_e=171.17_out,-6.2,4.718,2.74
124062_uff_e=171.17_out,-6.2,24.858,22.36
124062_uff_e=171.17_out,-6.1,23.572,22.314
124062_uff_e=171.17_out,-6.1,23.333,21.172
124062_uff_e=171.17_out,-6.1,21.562,20.294
124062_uff_e=171.17_out,-6.1,3.583,1.778
124069_uff_e=606.87_out,-7.7,0.0,0.0
124069_uff_e=606.87_out,-7.6,24.282,21.993
124069_uff_e=606.87_out,-7.4,3.322,1.876
124069_uff_e=606.87_out,-7.3,25.795,23.753
124069_uff_e=606.87_out,-7.2,25.852,23.03
124069_uff_e=606.87_out,-7.2,24.705,23.522
124069_uff_e=606.87_out,-7.2,24.797,23.141
124069_uff_e=606.87_out,-7.1,25.265,23.424
124069_uff_e=606.87_out,-7.0,24.797,23.798
124075_uff_e=342.66_out,-5.8,0.0,0.0
124075_uff_e=342.66_out,-5.7,5.011,1.41
124075_uff_e=342.66_out,-5.4,20.654,19.511
124075_uff_e=342.66_out,-5.4,12.67,11.195
124075_uff_e=342.66_out,-5.4,24.923,22.717
124075_uff_e=342.66_out,-5.3,5.132,2.039
124075_uff_e=342.66_out,-5.3,13.939,12.155
124075_uff_e=342.66_out,-5.2,18.609,16.341
124075_uff_e=342.66_out,-5.2,14.747,12.535
124211_uff_e=628.94_out,-6.8,0.0,0.0
124211_uff_e=628.94_out,-6.4,15.307,12.001
124211_uff_e=628.94_out,-6.2,15.223,10.872
124211_uff_e=628.94_out,-6.2,11.366,9.308
124211_uff_e=628.94_out,-6.0,6.774,3.497
124211_uff_e=628.94_out,-6.0,22.06,16.892
124211_uff_e=628.94_out,-5.9,7.623,3.221
124211_uff_e=628.94_out,-5.9,22.848,20.315
124211_uff_e=628.94_out,-5.9,12.03,9.613
125608_uff_e=231.23_out,-5.6,0.0,0.0
125608_uff_e=231.23_out,-5.6,23.437,21.955
125608_uff_e=231.23_out,-5.5,2.018,1.546
125608_uff_e=231.23_out,-5.5,23.326,22.246
125608_uff_e=231.23_out,-5.5,21.486,19.474
125608_uff_e=231.23_out,-5.4,24.26,23.092
125608_uff_e=231.23_out,-5.4,23.934,22.436
125608_uff_e=231.23_out,-5.4,21.686,19.047
125608_uff_e=231.23_out,-5.4,23.766,22.01
126451_uff_e=1871.99_out,-6.8,0.0,0.0
126451_uff_e=1871.99_out,-6.7,24.537,23.693
126451_uff_e=1871.99_out,-6.4,24.447,23.499
126451_uff_e=1871.99_out,-6.2,23.891,20.267
126451_uff_e=1871.99_out,-6.2,24.194,20.863
126451_uff_e=1871.99_out,-6.2,10.715,8.77
126451_uff_e=1871.99_out,-6.1,10.128,8.137
126451_uff_e=1871.99_out,-6.1,9.216,7.627
126451_uff_e=1871.99_out,-6.1,6.424,3.606
126540_uff_e=479.15_out,-6.8,0.0,0.0
126540_uff_e=479.15_out,-6.7,10.644,9.3
126540_uff_e=479.15_out,-6.5,25.491,23.947
126540_uff_e=479.15_out,-6.4,24.277,21.424
126540_uff_e=479.15_out,-6.4,24.549,23.092
126540_uff_e=479.15_out,-6.3,10.564,7.168
126540_uff_e=479.15_out,-6.3,1.72,1.322
126540_uff_e=479.15_out,-6.3,25.559,24.335
126540_uff_e=479.15_out,-6.2,6.493,1.973
128563_uff_e=543.29_out,-7.3,0.0,0.0
128563_uff_e=543.29_out,-6.9,9.122,5.112
128563_uff_e=543.29_out,-6.9,27.404,24.11
128563_uff_e=543.29_out,-6.7,24.309,21.93
128563_uff_e=543.29_out,-6.6,5.34,3.018
128563_uff_e=543.29_out,-6.4,8.496,3.227
128563_uff_e=543.29_out,-6.3,27.612,23.824
128563_uff_e=543.29_out,-6.3,10.215,4.844
128563_uff_e=543.29_out,-6.3,26.759,22.496
128834_uff_e=345.01_out,-6.9,0.0,0.0
128834_uff_e=345.01_out,-6.4,22.315,20.318
128834_uff_e=345.01_out,-6.3,23.495,22.118
128834_uff_e=345.01_out,-6.2,2.877,2.077
128834_uff_e=345.01_out,-6.1,23.504,22.0
128834_uff_e=345.01_out,-6.0,2.168,1.744
128834_uff_e=345.01_out,-6.0,23.328,22.189
128834_uff_e=345.01_out,-5.9,24.466,21.893
128834_uff_e=345.01_out,-5.9,22.512,20.905
128861_uff_e=344.34_out,-6.5,0.0,0.0
128861_uff_e=344.34_out,-6.4,6.77,2.403
128861_uff_e=344.34_out,-6.3,25.132,22.783
128861_uff_e=344.34_out,-6.3,25.673,22.991
128861_uff_e=344.34_out,-6.2,9.642,6.308
128861_uff_e=344.34_out,-6.2,13.521,10.308
128861_uff_e=344.34_out,-6.1,10.261,6.751
128861_uff_e=344.34_out,-6.1,24.214,22.927
128861_uff_e=344.34_out,-6.1,3.804,2.068
128959_uff_e=975.89_out,-6.8,0.0,0.0
128959_uff_e=975.89_out,-6.7,7.872,3.068
128959_uff_e=975.89_out,-6.5,7.481,2.807
128959_uff_e=975.89_out,-6.5,8.012,2.385
128959_uff_e=975.89_out,-6.4,9.384,2.592
128959_uff_e=975.89_out,-6.4,30.009,25.137
128959_uff_e=975.89_out,-6.4,2.091,1.311
128959_uff_e=975.89_out,-6.4,6.963,4.054
128959_uff_e=975.89_out,-6.4,7.787,3.036
129290_uff_e=591.27_out,-7.0,0.0,0.0
129290_uff_e=591.27_out,-7.0,21.963,20.423
129290_uff_e=591.27_out,-6.8,8.76,1.276
129290_uff_e=591.27_out,-6.8,33.951,32.262
129290_uff_e=591.27_out,-6.7,4.824,3.353
129290_uff_e=591.27_out,-6.7,1.916,1.016
129290_uff_e=591.27_out,-6.7,18.544,14.574
129290_uff_e=591.27_out,-6.7,34.033,32.328
129290_uff_e=591.27_out,-6.7,24.172,20.893
129648_uff_e=335.61_out,-6.8,0.0,0.0
129648_uff_e=335.61_out,-6.4,23.84,22.119
129648_uff_e=335.61_out,-6.3,24.148,22.793
129648_uff_e=335.61_out,-6.3,23.911,22.966
129648_uff_e=335.61_out,-6.3,21.381,19.236
129648_uff_e=335.61_out,-6.3,23.594,22.382
129648_uff_e=335.61_out,-6.2,23.726,22.551
129648_uff_e=335.61_out,-6.2,19.635,18.105
129648_uff_e=335.61_out,-6.1,24.578,23.225
130796_uff_e=393.91_out,-5.9,0.0,0.0
130796_uff_e=393.91_out,-5.8,24.858,23.049
130796_uff_e=393.91_out,-5.8,24.44,22.567
130796_uff_e=393.91_out,-5.8,6.289,3.759
130796_uff_e=393.91_out,-5.7,16.727,14.9
130796_uff_e=393.91_out,-5.7,8.721,4.098
130796_uff_e=393.91_out,-5.7,24.104,22.534
130796_uff_e=393.91_out,-5.6,10.775,6.083
130796_uff_e=393.91_out,-5.6,24.83,21.623
131525_uff_e=283.35_out,-6.1,0.0,0.0
131525_uff_e=283.35_out,-5.6,3.311,2.173
131525_uff_e=283.35_out,-5.2,23.491,22.307
131525_uff_e=283.35_out,-5.1,2.135,1.602
131525_uff_e=283.35_out,-4.9,4.827,1.426
131525_uff_e=283.35_out,-4.9,23.829,22.817
131525_uff_e=283.35_out,-4.8,10.973,9.831
131525_uff_e=283.35_out,-4.8,21.887,20.952
131525_uff_e=283.35_out,-4.8,20.838,19.364
131900_uff_e=603.06_out,-7.6,0.0,0.0
131900_uff_e=603.06_out,-7.4,26.001,23.449
131900_uff_e=603.06_out,-7.1,26.238,22.996
131900_uff_e=603.06_out,-7.1,27.442,25.455
131900_uff_e=603.06_out,-6.9,8.619,3.212
131900_uff_e=603.06_out,-6.9,23.137,18.97
131900_uff_e=603.06_out,-6.8,25.531,22.482
131900_uff_e=603.06_out,-6.8,25.623,24.081
131900_uff_e=603.06_out,-6.8,3.029,1.88
133145_uff_e=189.57_out,-5.2,0.0,0.0
133145_uff_e=189.57_out,-5.1,24.024,22.337
133145_uff_e=189.57_out,-5.1,4.759,2.584
133145_uff_e=189.57_out,-5.0,4.354,2.246
133145_uff_e=189.57_out,-5.0,4.699,2.27
133145_uff_e=189.57_out,-5.0,5.381,1.98
133145_uff_e=189.57_out,-5.0,25.726,23.521
133145_uff_e=189.57_out,-4.9,25.56,23.015
133145_uff_e=189.57_out,-4.9,4.505,1.996
133280_uff_e=593.66_out,-5.6,0.0,0.0
133280_uff_e=593.66_out,-5.6,5.409,2.899
133280_uff_e=593.66_out,-5.5,3.418,1.574
133280_uff_e=593.66_out,-5.3,11.241,9.132
133280_uff_e=593.66_out,-5.3,24.612,23.03
133280_uff_e=593.66_out,-5.3,4.611,3.141
133280_uff_e=593.66_out,-5.3,5.383,3.522
133280_uff_e=593.66_out,-5.2,25.058,24.009
133280_uff_e=593.66_out,-5.2,24.841,23.558
133322_uff_e=493.81_out,-6.7,0.0,0.0
133322_uff_e=493.81_out,-6.7,24.825,23.216
133322_uff_e=493.81_out,-6.6,23.766,21.981
133322_uff_e=493.81_out,-6.4,5.888,3.008
133322_uff_e=493.81_out,-6.3,35.151,31.776
133322_uff_e=493.81_out,-6.3,25.079,23.641
133322_uff_e=493.81_out,-6.3,11.776,8.821
133322_uff_e=493.81_out,-6.3,15.205,13.07
133322_uff_e=493.81_out,-6.3,24.792,23.165
133323_uff_e=4641.53_out,-6.7,0.0,0.0
133323_uff_e=4641.53_out,-6.0,6.57,3.36
133323_uff_e=4641.53_out,-6.0,25.175,23.786
133323_uff_e=4641.53_out,-5.9,25.927,24.109
133323_uff_e=4641.53_out,-5.9,22.173,17.282
133323_uff_e=4641.53_out,-5.9,23.079,19.746
133323_uff_e=4641.53_out,-5.9,21.504,17.372
133323_uff_e=4641.53_out,-5.8,28.362,25.965
133323_uff_e=4641.53_out,-5.8,15.869,12.001
134025_uff_e=799.32_out,-7.7,0.0,0.0
134025_uff_e=799.32_out,-7.6,11.596,7.832
134025_uff_e=799.32_out,-7.5,24.092,20.536
134025_uff_e=799.32_out,-7.2,19.137,16.665
134025_uff_e=799.32_out,-7.1,23.116,20.169
134025_uff_e=799.32_out,-7.0,15.479,11.17
134025_uff_e=799.32_out,-7.0,7.414,2.1
134025_uff_e=799.32_out,-6.9,3.862,2.502
134025_uff_e=799.32_out,-6.9,23.194,19.738
134551_uff_e=1007.49_out,-8.2,0.0,0.0
134551_uff_e=1007.49_out,-8.0,23.606,20.238
134551_uff_e=1007.49_out,-7.9,9.881,2.057
134551_uff_e=1007.49_out,-7.8,4.126,2.502
134551_uff_e=1007.49_out,-7.5,26.127,23.978
134551_uff_e=1007.49_out,-7.4,8.994,4.198
134551_uff_e=1007.49_out,-7.4,27.113,24.122
134551_uff_e=1007.49_out,-7.3,10.753,3.385
134551_uff_e=1007.49_out,-7.2,9.92,2.691
138365_uff_e=362.44_out,-4.7,0.0,0.0
138365_uff_e=362.44_out,-4.6,3.384,1.066
138365_uff_e=362.44_out,-4.5,6.566,3.986
138365_uff_e=362.44_out,-4.4,19.713,17.352
138365_uff_e=362.44_out,-4.4,2.186,1.805
138365_uff_e=362.44_out,-4.4,13.367,10.747
138365_uff_e=362.44_out,-4.4,3.205,0.872
138365_uff_e=362.44_out,-4.4,13.287,12.481
138365_uff_e=362.44_out,-4.4,20.929,18.586
145659_uff_e=683.36_out,-6.5,0.0,0.0
145659_uff_e=683.36_out,-6.5,3.109,1.308
145659_uff_e=683.36_out,-6.3,4.117,1.951
145659_uff_e=683.36_out,-6.2,21.416,17.178
145659_uff_e=683.36_out,-6.2,8.671,1.879
145659_uff_e=683.36_out,-6.2,8.714,1.791
145659_uff_e=683.36_out,-6.1,3.36,2.127
145659_uff_e=683.36_out,-6.1,2.252,1.077
145659_uff_e=683.36_out,-6.1,8.064,2.192
146694_uff_e=232.48_out,-6.8,0.0,0.0
146694_uff_e=232.48_out,-6.7,21.297,20.455
146694_uff_e=232.48_out,-6.6,22.051,20.465
146694_uff_e=232.48_out,-6.4,23.925,22.512
146694_uff_e=232.48_out,-6.4,4.976,3.843
146694_uff_e=232.48_out,-6.4,23.919,21.61
146694_uff_e=232.48_out,-6.3,24.423,22.231
146694_uff_e=232.48_out,-6.2,24.571,22.269
146694_uff_e=232.48_out,-6.2,23.868,22.902
147299_uff_e=480.54_out,-8.2,0.0,0.0
147299_uff_e=480.54_out,-8.0,7.649,4.246
147299_uff_e=480.54_out,-8.0,7.936,2.902
147299_uff_e=480.54_out,-7.8,9.139,4.722
147299_uff_e=480.54_out,-7.8,10.309,5.448
147299_uff_e=480.54_out,-7.7,27.599,24.191
147299_uff_e=480.54_out,-7.6,7.514,3.068
147299_uff_e=480.54_out,-7.6,16.252,9.125
147299_uff_e=480.54_out,-7.6,13.607,8.363
147394_uff_e=511.70_out,-7.7,0.0,0.0
147394_uff_e=511.70_out,-7.6,21.263,19.934
147394_uff_e=511.70_out,-7.5,21.051,19.346
147394_uff_e=511.70_out,-7.4,3.19,2.862
147394_uff_e=511.70_out,-7.2,19.851,17.481
147394_uff_e=511.70_out,-7.2,21.16,19.494
147394_uff_e=511.70_out,-7.1,22.521,17.803
147394_uff_e=511.70_out,-7.1,17.581,13.637
147394_uff_e=511.70_out,-7.1,23.722,19.027
147621_uff_e=319.72_out,-6.9,0.0,0.0
147621_uff_e=319.72_out,-6.6,14.709,12.749
147621_uff_e=319.72_out,-6.4,6.483,1.389
147621_uff_e=319.72_out,-6.2,5.993,1.988
147621_uff_e=319.72_out,-6.1,6.645,2.518
147621_uff_e=319.72_out,-6.1,5.458,2.751
147621_uff_e=319.72_out,-6.0,24.748,23.26
147621_uff_e=319.72_out,-6.0,24.466,22.399
147621_uff_e=319.72_out,-6.0,16.208,13.384
148302_uff_e=448.69_out,-5.7,0.0,0.0
148302_uff_e=448.69_out,-5.6,3.745,2.058
148302_uff_e=448.69_out,-5.6,34.189,30.688
148302_uff_e=448.69_out,-5.6,24.277,22.6
148302_uff_e=448.69_out,-5.5,12.128,9.61
148302_uff_e=448.69_out,-5.5,16.255,13.003
148302_uff_e=448.69_out,-5.4,21.756,20.161
148302_uff_e=448.69_out,-5.4,12.732,9.272
148302_uff_e=448.69_out,-5.4,12.089,10.985
148556_uff_e=258.55_out,-6.4,0.0,0.0
148556_uff_e=258.55_out,-6.3,6.265,2.591
148556_uff_e=258.55_out,-6.0,22.861,21.67
148556_uff_e=258.55_out,-6.0,3.783,2.906
148556_uff_e=258.55_out,-6.0,9.503,7.702
148556_uff_e=258.55_out,-5.9,23.607,21.898
148556_uff_e=258.55_out,-5.9,23.143,21.637
148556_uff_e=258.55_out,-5.8,5.659,2.783
148556_uff_e=258.55_out,-5.8,26.896,25.517
148724_uff_e=258.93_out,-5.7,0.0,0.0
148724_uff_e=258.93_out,-5.5,22.661,21.346
148724_uff_e=258.93_out,-5.5,3.417,1.233
148724_uff_e=258.93_out,-5.3,20.581,19.075
148724_uff_e=258.93_out,-5.1,11.367,9.493
148724_uff_e=258.93_out,-5.1,13.46,11.745
148724_uff_e=258.93_out,-5.0,23.956,22.784
148724_uff_e=258.93_out,-4.9,10.949,9.4
148724_uff_e=258.93_out,-4.9,23.264,21.868
148759_uff_e=428.35_out,-5.8,0.0,0.0
148759_uff_e=428.35_out,-5.4,13.201,10.15
148759_uff_e=428.35_out,-5.4,22.544,21.74
148759_uff_e=428.35_out,-5.4,6.51,4.537
148759_uff_e=428.35_out,-5.3,4.681,2.429
148759_uff_e=428.35_out,-5.3,5.712,3.64
148759_uff_e=428.35_out,-5.2,32.694,29.367
148759_uff_e=428.35_out,-5.2,16.152,12.97
148759_uff_e=428.35_out,-5.2,3.737,1.717
148856_uff_e=544.10_out,-6.5,0.0,0.0
148856_uff_e=544.10_out,-6.4,24.326,21.98
148856_uff_e=544.10_out,-6.2,23.445,21.519
148856_uff_e=544.10_out,-6.2,24.165,22.095
148856_uff_e=544.10_out,-6.2,13.8,9.539
148856_uff_e=544.10_out,-6.1,25.594,23.096
148856_uff_e=544.10_out,-6.0,10.94,7.647
148856_uff_e=544.10_out,-6.0,10.807,7.874
148856_uff_e=544.10_out,-6.0,23.26,21.401
149782_uff_e=233.90_out,-7.1,0.0,0.0
149782_uff_e=233.90_out,-6.6,3.033,1.149
149782_uff_e=233.90_out,-6.3,23.176,20.958
149782_uff_e=233.90_out,-6.1,25.434,22.633
149782_uff_e=233.90_out,-6.1,21.149,18.101
149782_uff_e=233.90_out,-6.1,24.904,23.216
149782_uff_e=233.90_out,-6.1,23.801,21.955
149782_uff_e=233.90_out,-6.0,24.029,22.364
149782_uff_e=233.90_out,-6.0,23.955,22.647
151398_uff_e=87.29_out,-5.0,0.0,0.0
151398_uff_e=87.29_out,-4.8,3.608,2.307
151398_uff_e=87.29_out,-4.7,2.283,1.098
151398_uff_e=87.29_out,-4.7,2.844,1.279
151398_uff_e=87.29_out,-4.6,19.31,18.685
151398_uff_e=87.29_out,-4.6,3.794,2.064
151398_uff_e=87.29_out,-4.5,12.8,12.188
151398_uff_e=87.29_out,-4.5,22.674,21.792
151398_uff_e=87.29_out,-4.4,21.385,20.38
151529_uff_e=895.87_out,-6.4,0.0,0.0
151529_uff_e=895.87_out,-6.2,3.317,1.901
151529_uff_e=895.87_out,-6.2,26.747,23.732
151529_uff_e=895.87_out,-6.2,4.545,2.697
151529_uff_e=895.87_out,-6.1,25.837,22.752
151529_uff_e=895.87_out,-6.1,14.404,10.865
151529_uff_e=895.87_out,-6.1,5.707,2.235
151529_uff_e=895.87_out,-6.0,13.765,10.076
151529_uff_e=895.87_out,-6.0,4.049,2.418
151670_uff_e=460.32_out,-7.7,0.0,0.0
151670_uff_e=460.32_out,-7.0,24.977,23.146
151670_uff_e=460.32_out,-6.7,23.099,19.191
151670_uff_e=460.32_out,-6.6,25.439,22.988
151670_uff_e=460.32_out,-6.4,6.229,2.8
151670_uff_e=460.32_out,-6.4,25.424,23.297
151670_uff_e=460.32_out,-6.4,25.553,23.96
151670_uff_e=460.32_out,-6.4,26.413,23.885
151670_uff_e=460.32_out,-6.4,35.755,32.992
152192_uff_e=850.13_out,-5.6,0.0,0.0
152192_uff_e=850.13_out,-5.5,18.721,16.307
152192_uff_e=850.13_out,-5.4,2.262,1.527
152192_uff_e=850.13_out,-5.2,4.713,2.487
152192_uff_e=850.13_out,-5.2,2.149,1.177
152192_uff_e=850.13_out,-5.2,2.558,1.665
152192_uff_e=850.13_out,-5.2,18.622,16.622
152192_uff_e=850.13_out,-5.1,19.356,17.213
152192_uff_e=850.13_out,-5.1,22.971,21.399
153311_uff_e=1802.42_out,-5.6,0.0,0.0
153311_uff_e=1802.42_out,-5.4,3.801,2.571
153311_uff_e=1802.42_out,-5.4,23.73,21.958
153311_uff_e=1802.42_out,-5.4,23.589,21.543
153311_uff_e=1802.42_out,-5.4,25.671,23.169
153311_uff_e=1802.42_out,-5.3,25.505,23.846
153311_uff_e=1802.42_out,-5.3,7.341,4.557
153311_uff_e=1802.42_out,-5.2,24.686,22.812
153311_uff_e=1802.42_out,-5.1,24.964,23.455
154272_uff_e=1567.90_out,-6.8,0.0,0.0
154272_uff_e=1567.90_out,-6.5,5.334,2.274
154272_uff_e=1567.90_out,-6.3,14.597,10.626
154272_uff_e=1567.90_out,-6.2,5.175,2.388
154272_uff_e=1567.90_out,-6.2,14.916,10.848
154272_uff_e=1567.90_out,-6.2,26.412,23.298
154272_uff_e=1567.90_out,-6.1,6.327,1.893
154272_uff_e=1567.90_out,-6.1,13.674,9.996
154272_uff_e=1567.90_out,-6.0,5.656,1.969
154417_uff_e=443.76_out,-6.2,0.0,0.0
154417_uff_e=443.76_out,-6.0,25.101,23.087
154417_uff_e=443.76_out,-6.0,25.062,23.086
154417_uff_e=443.76_out,-5.9,1.907,0.782
154417_uff_e=443.76_out,-5.9,24.514,22.74
154417_uff_e=443.76_out,-5.8,21.02,19.201
154417_uff_e=443.76_out,-5.7,2.636,1.731
154417_uff_e=443.76_out,-5.7,23.864,22.05
154417_uff_e=443.76_out,-5.7,24.768,22.952
155008_uff_e=779.66_out,-8.5,0.0,0.0
155008_uff_e=779.66_out,-8.3,4.184,0.738
155008_uff_e=779.66_out,-7.2,25.456,22.969
155008_uff_e=779.66_out,-7.0,18.032,12.92
155008_uff_e=779.66_out,-7.0,10.998,6.205
155008_uff_e=779.66_out,-7.0,2.921,1.955
155008_uff_e=779.66_out,-6.9,9.636,6.637
155008_uff_e=779.66_out,-6.9,28.901,24.198
155008_uff_e=779.66_out,-6.9,25.578,23.117
155011_uff_e=380.61_out,-6.3,0.0,0.0
155011_uff_e=380.61_out,-6.2,24.638,23.713
155011_uff_e=380.61_out,-6.2,20.963,18.402
155011_uff_e=380.61_out,-6.1,13.459,11.528
155011_uff_e=380.61_out,-6.1,6.725,2.018
155011_uff_e=380.61_out,-6.1,24.342,23.439
155011_uff_e=380.61_out,-6.0,13.335,10.227
155011_uff_e=380.61_out,-6.0,5.967,3.074
155011_uff_e=380.61_out,-6.0,6.064,1.876
155169_uff_e=464.37_out,-7.3,0.0,0.0
155169_uff_e=464.37_out,-7.2,6.272,2.266
155169_uff_e=464.37_out,-7.1,15.143,11.195
155169_uff_e=464.37_out,-7.0,15.248,11.2
155169_uff_e=464.37_out,-7.0,4.245,1.654
155169_uff_e=464.37_out,-6.9,11.791,7.445
155169_uff_e=464.37_out,-6.9,8.972,6.124
155169_uff_e=464.37_out,-6.8,13.928,9.104
155169_uff_e=464.37_out,-6.8,3.414,2.824
155173_uff_e=327.97_out,-6.2,0.0,0.0
155173_uff_e=327.97_out,-6.1,23.757,21.472
155173_uff_e=327.97_out,-6.0,23.361,21.048
155173_uff_e=327.97_out,-5.8,23.364,21.033
155173_uff_e=327.97_out,-5.7,24.052,21.919
155173_uff_e=327.97_out,-5.7,23.526,21.767
155173_uff_e=327.97_out,-5.7,24.194,21.979
155173_uff_e=327.97_out,-5.7,23.833,21.683
155173_uff_e=327.97_out,-5.6,22.616,20.194
155380_uff_e=460.99_out,-6.4,0.0,0.0
155380_uff_e=460.99_out,-6.3,24.534,23.327
155380_uff_e=460.99_out,-6.0,24.851,23.854
155380_uff_e=460.99_out,-5.9,24.706,23.305
155380_uff_e=460.99_out,-5.9,23.696,22.27
155380_uff_e=460.99_out,-5.8,24.633,22.487
155380_uff_e=460.99_out,-5.8,17.145,12.096
155380_uff_e=460.99_out,-5.8,23.93,22.377
155380_uff_e=460.99_out,-5.8,12.253,8.024
155381_uff_e=518.93_out,-6.2,0.0,0.0
155381_uff_e=518.93_out,-5.8,24.013,22.476
155381_uff_e=518.93_out,-5.8,24.883,22.687
155381_uff_e=518.93_out,-5.7,24.971,23.614
155381_uff_e=518.93_out,-5.6,26.646,24.011
155381_uff_e=518.93_out,-5.5,26.661,23.627
155381_uff_e=518.93_out,-5.5,26.249,23.12
155381_uff_e=518.93_out,-5.5,25.703,24.57
155381_uff_e=518.93_out,-5.5,12.096,9.671
155585_uff_e=468.54_out,-6.1,0.0,0.0
155585_uff_e=468.54_out,-6.0,11.225,8.021
155585_uff_e=468.54_out,-6.0,21.349,20.169
155585_uff_e=468.54_out,-6.0,11.191,8.594
155585_uff_e=468.54_out,-5.9,21.523,20.312
155585_uff_e=468.54_out,-5.9,11.355,9.107
155585_uff_e=468.54_out,-5.8,23.087,22.18
155585_uff_e=468.54_out,-5.6,11.431,8.797
155585_uff_e=468.54_out,-5.6,14.326,11.488
155764_uff_e=532.89_out,-6.7,0.0,0.0
155764_uff_e=532.89_out,-6.4,3.378,1.855
155764_uff_e=532.89_out,-6.4,24.256,22.74
155764_uff_e=532.89_out,-6.4,4.005,2.655
155764_uff_e=532.89_out,-6.3,24.198,22.476
155764_uff_e=532.89_out,-6.3,3.502,2.389
155764_uff_e=532.89_out,-6.2,6.522,1.662
155764_uff_e=532.89_out,-6.2,5.875,2.025
155764_uff_e=532.89_out,-6.1,23.848,21.156
156006_uff_e=389.77_out,-5.4,0.0,0.0
156006_uff_e=389.77_out,-5.3,27.032,24.125
156006_uff_e=389.77_out,-5.3,25.4,23.03
156006_uff_e=389.77_out,-5.3,25.16,23.282
156006_uff_e=389.77_out,-5.3,24.905,23.187
156006_uff_e=389.77_out,-5.2,14.628,12.503
156006_uff_e=389.77_out,-5.2,25.626,23.416
156006_uff_e=389.77_out,-5.2,14.156,12.804
156006_uff_e=389.77_out,-5.1,15.47,12.903
156680_uff_e=489.39_out,-8.2,0.0,0.0
156680_uff_e=489.39_out,-7.7,8.166,1.508
156680_uff_e=489.39_out,-7.6,8.308,2.057
156680_uff_e=489.39_out,-7.5,8.449,3.598
156680_uff_e=489.39_out,-7.4,24.229,20.336
156680_uff_e=489.39_out,-7.4,10.194,3.477
156680_uff_e=489.39_out,-7.4,6.005,2.193
156680_uff_e=489.39_out,-7.3,11.084,5.437
156680_uff_e=489.39_out,-7.2,7.721,3.222
156777_uff_e=250.97_out,-7.7,0.0,0.0
156777_uff_e=250.97_out,-6.9,25.361,23.847
156777_uff_e=250.97_out,-6.9,8.29,5.499
156777_uff_e=250.97_out,-6.9,25.735,23.553
156777_uff_e=250.97_out,-6.7,26.116,23.694
156777_uff_e=250.97_out,-6.7,32.337,27.206
156777_uff_e=250.97_out,-6.6,24.189,22.528
156777_uff_e=250.97_out,-6.6,6.873,4.944
156777_uff_e=250.97_out,-6.6,21.645,17.969
156778_uff_e=443.76_out,-5.7,0.0,0.0
156778_uff_e=443.76_out,-5.6,24.262,22.887
156778_uff_e=443.76_out,-5.6,24.54,22.652
156778_uff_e=443.76_out,-5.6,24.301,22.084
156778_uff_e=443.76_out,-5.5,26.026,23.786
156778_uff_e=443.76_out,-5.5,24.791,23.057
156778_uff_e=443.76_out,-5.4,27.757,25.294
156778_uff_e=443.76_out,-5.4,18.811,14.921
156778_uff_e=443.76_out,-5.4,25.081,22.968
157143_uff_e=684.89_out,-8.0,0.0,0.0
157143_uff_e=684.89_out,-7.9,6.296,4.184
157143_uff_e=684.89_out,-7.9,1.295,0.201
157143_uff_e=684.89_out,-7.7,8.017,4.701
157143_uff_e=684.89_out,-7.6,4.449,2.153
157143_uff_e=684.89_out,-7.6,13.804,8.736
157143_uff_e=684.89_out,-7.6,26.914,24.261
157143_uff_e=684.89_out,-7.5,4.552,2.161
157143_uff_e=684.89_out,-7.5,10.602,6.853
157225_uff_e=590.17_out,-6.3,0.0,0.0
157225_uff_e=590.17_out,-6.2,5.149,3.848
157225_uff_e=590.17_out,-6.1,12.053,8.709
157225_uff_e=590.17_out,-6.1,21.866,19.491
157225_uff_e=590.17_out,-6.1,11.711,8.603
157225_uff_e=590.17_out,-6.1,23.225,20.903
157225_uff_e=590.17_out,-6.0,6.899,3.022
157225_uff_e=590.17_out,-6.0,6.718,4.734
157225_uff_e=590.17_out,-5.9,10.565,7.833
158103_uff_e=836.89_out,-6.2,0.0,0.0
158103_uff_e=836.89_out,-5.8,6.02,1.726
158103_uff_e=836.89_out,-5.6,26.539,23.342
158103_uff_e=836.89_out,-5.6,27.776,24.787
158103_uff_e=836.89_out,-5.5,36.427,32.841
158103_uff_e=836.89_out,-5.5,24.839,22.089
158103_uff_e=836.89_out,-5.4,24.804,22.068
158103_uff_e=836.89_out,-5.3,13.527,9.448
158103_uff_e=836.89_out,-5.3,26.51,23.126
158280_uff_e=172.75_out,-6.6,0.0,0.0
158280_uff_e=172.75_out,-6.4,5.137,3.929
158280_uff_e=172.75_out,-6.4,5.005,3.799
158280_uff_e=172.75_out,-6.3,6.908,3.962
158280_uff_e=172.75_out,-6.3,2.829,1.922
158280_uff_e=172.75_out,-6.3,23.151,21.685
158280_uff_e=172.75_out,-6.2,24.259,22.462
158280_uff_e=172.75_out,-6.1,22.785,21.674
158280_uff_e=172.75_out,-6.1,6.882,1.615
158594_uff_e=232.91_out,-6.8,0.0,0.0
158594_uff_e=232.91_out,-6.7,3.941,2.273
158594_uff_e=232.91_out,-6.2,3.434,1.799
158594_uff_e=232.91_out,-6.1,4.57,1.948
158594_uff_e=232.91_out,-6.1,5.748,1.918
158594_uff_e=232.91_out,-6.1,3.574,2.218
158594_uff_e=232.91_out,-6.0,2.863,1.222
158594_uff_e=232.91_out,-5.9,11.531,9.024
158594_uff_e=232.91_out,-5.8,10.615,9.585
158755_uff_e=381.17_out,-6.9,0.0,0.0
158755_uff_e=381.17_out,-6.8,25.327,24.205
158755_uff_e=381.17_out,-6.7,4.793,2.935
158755_uff_e=381.17_out,-6.6,6.989,1.805
158755_uff_e=381.17_out,-6.5,25.003,23.757
158755_uff_e=381.17_out,-6.4,23.631,22.726
158755_uff_e=381.17_out,-6.2,5.186,3.651
158755_uff_e=381.17_out,-6.1,24.706,22.007
158755_uff_e=381.17_out,-6.1,25.084,23.69
159055_uff_e=393.94_out,-4.5,0.0,0.0
159055_uff_e=393.94_out,-4.5,2.358,1.338
159055_uff_e=393.94_out,-4.5,11.28,9.835
159055_uff_e=393.94_out,-4.4,2.355,1.351
159055_uff_e=393.94_out,-4.4,2.254,1.217
159055_uff_e=393.94_out,-4.4,11.891,10.581
159055_uff_e=393.94_out,-4.3,11.506,10.13
159055_uff_e=393.94_out,-4.3,2.843,1.688
159055_uff_e=393.94_out,-4.3,11.993,10.559
159088_uff_e=493.47_out,-5.6,0.0,0.0
159088_uff_e=493.47_out,-5.4,34.996,33.32
159088_uff_e=493.47_out,-5.3,35.852,33.74
159088_uff_e=493.47_out,-5.1,35.431,33.316
159088_uff_e=493.47_out,-5.1,34.795,32.543
159088_uff_e=493.47_out,-5.0,34.715,32.484
159088_uff_e=493.47_out,-5.0,35.318,33.107
159088_uff_e=493.47_out,-5.0,34.336,32.063
159088_uff_e=493.47_out,-5.0,14.614,12.724
159287_uff_e=513.83_out,-6.6,0.0,0.0
159287_uff_e=513.83_out,-6.5,2.672,0.172
159287_uff_e=513.83_out,-6.3,7.112,1.475
159287_uff_e=513.83_out,-6.2,7.304,1.496
159287_uff_e=513.83_out,-6.0,23.156,21.61
159287_uff_e=513.83_out,-6.0,23.295,21.131
159287_uff_e=513.83_out,-5.9,23.283,21.677
159287_uff_e=513.83_out,-5.9,23.42,20.809
159287_uff_e=513.83_out,-5.9,23.853,21.584
159516_uff_e=733.31_out,-7.1,0.0,0.0
159516_uff_e=733.31_out,-7.1,26.078,24.16
159516_uff_e=733.31_out,-7.0,27.481,24.689
159516_uff_e=733.31_out,-7.0,26.859,24.642
159516_uff_e=733.31_out,-7.0,26.534,24.39
159516_uff_e=733.31_out,-6.9,12.016,8.664
159516_uff_e=733.31_out,-6.8,15.186,12.999
159516_uff_e=733.31_out,-6.8,25.812,23.345
159516_uff_e=733.31_out,-6.8,27.677,24.204
159795_uff_e=1068.59_out,-7.0,0.0,0.0
159795_uff_e=1068.59_out,-6.7,28.254,24.605
159795_uff_e=1068.59_out,-6.7,13.399,7.262
159795_uff_e=1068.59_out,-6.7,15.911,10.636
159795_uff_e=1068.59_out,-6.6,13.665,7.926
159795_uff_e=1068.59_out,-6.6,6.705,2.608
159795_uff_e=1068.59_out,-6.6,8.723,2.646
159795_uff_e=1068.59_out,-6.6,28.31,24.942
159795_uff_e=1068.59_out,-6.6,26.843,22.503
159911_uff_e=685.32_out,-8.2,0.0,0.0
159911_uff_e=685.32_out,-8.2,14.752,8.716
159911_uff_e=685.32_out,-8.1,13.03,6.711
159911_uff_e=685.32_out,-8.0,11.444,6.77
159911_uff_e=685.32_out,-8.0,25.302,23.227
159911_uff_e=685.32_out,-8.0,30.124,27.094
159911_uff_e=685.32_out,-8.0,18.16,12.948
159911_uff_e=685.32_out,-7.9,14.276,8.854
159911_uff_e=685.32_out,-7.8,34.968,27.952
159962_uff_e=720.07_out,-6.6,0.0,0.0
159962_uff_e=720.07_out,-6.5,2.361,0.519
159962_uff_e=720.07_out,-6.1,7.023,2.376
159962_uff_e=720.07_out,-6.1,21.461,17.73
159962_uff_e=720.07_out,-6.1,24.844,22.835
159962_uff_e=720.07_out,-6.1,7.225,2.596
159962_uff_e=720.07_out,-6.1,7.08,2.626
159962_uff_e=720.07_out,-6.1,24.755,22.787
159962_uff_e=720.07_out,-6.1,7.215,2.324
159982_uff_e=802.20_out,-6.8,0.0,0.0
159982_uff_e=802.20_out,-6.6,26.378,22.829
159982_uff_e=802.20_out,-6.6,25.177,23.412
159982_uff_e=802.20_out,-6.5,20.312,16.365
159982_uff_e=802.20_out,-6.4,33.78,30.752
159982_uff_e=802.20_out,-6.4,13.537,10.398
159982_uff_e=802.20_out,-6.3,7.452,4.105
159982_uff_e=802.20_out,-6.2,25.645,22.666
159982_uff_e=802.20_out,-6.2,14.501,11.053
160153_uff_e=417.11_out,-6.7,0.0,0.0
160153_uff_e=417.11_out,-6.4,4.702,3.061
160153_uff_e=417.11_out,-6.2,23.778,22.589
160153_uff_e=417.11_out,-6.0,23.684,22.183
160153_uff_e=417.11_out,-6.0,12.742,11.157
160153_uff_e=417.11_out,-5.9,23.846,22.443
160153_uff_e=417.11_out,-5.8,22.554,20.806
160153_uff_e=417.11_out,-5.8,5.715,3.442
160153_uff_e=417.11_out,-5.8,34.32,31.64
160179_uff_e=468.97_out,-6.8,0.0,0.0
160179_uff_e=468.97_out,-6.4,5.149,2.97
160179_uff_e=468.97_out,-6.4,5.321,3.03
160179_uff_e=468.97_out,-6.3,9.437,7.875
160179_uff_e=468.97_out,-6.2,23.03,22.12
160179_uff_e=468.97_out,-6.2,24.226,22.555
160179_uff_e=468.97_out,-6.1,6.256,3.302
160179_uff_e=468.97_out,-6.1,16.039,14.199
160179_uff_e=468.97_out,-6.1,24.45,22.42
160190_uff_e=382.46_out,-7.2,0.0,0.0
160190_uff_e=382.46_out,-6.4,8.795,5.141
160190_uff_e=382.46_out,-6.4,6.3,3.96
160190_uff_e=382.46_out,-6.2,11.856,8.204
160190_uff_e=382.46_out,-6.1,10.986,6.507
160190_uff_e=382.46_out,-6.1,6.818,4.411
160190_uff_e=382.46_out,-6.0,6.963,2.425
160190_uff_e=382.46_out,-6.0,18.867,15.483
160190_uff_e=382.46_out,-6.0,4.066,2.715
160237_uff_e=408.08_out,-6.6,0.0,0.0
160237_uff_e=408.08_out,-6.5,22.572,21.887
160237_uff_e=408.08_out,-6.3,24.846,23.042
160237_uff_e=408.08_out,-6.3,21.391,18.809
160237_uff_e=408.08_out,-6.3,7.634,2.909
160237_uff_e=408.08_out,-6.2,23.526,22.77
160237_uff_e=408.08_out,-6.2,8.374,2.543
160237_uff_e=408.08_out,-6.2,18.992,15.599
160237_uff_e=408.08_out,-6.2,20.713,16.771
160270_uff_e=548.04_out,-8.8,0.0,0.0
160270_uff_e=548.04_out,-8.6,29.911,25.037
160270_uff_e=548.04_out,-8.2,26.679,23.247
160270_uff_e=548.04_out,-8.2,30.272,26.122
160270_uff_e=548.04_out,-8.0,17.282,12.603
160270_uff_e=548.04_out,-8.0,30.923,26.932
160270_uff_e=548.04_out,-8.0,6.046,1.284
160270_uff_e=548.04_out,-8.0,28.399,23.949
160270_uff_e=548.04_out,-7.7,30.056,26.036
160481_uff_e=210.40_out,-6.4,0.0,0.0
160481_uff_e=210.40_out,-6.4,24.112,22.206
160481_uff_e=210.40_out,-6.4,1.888,1.54
160481_uff_e=210.40_out,-6.3,23.467,22.237
160481_uff_e=210.40_out,-6.3,23.671,21.782
160481_uff_e=210.40_out,-6.2,24.768,23.476
160481_uff_e=210.40_out,-6.2,22.39,20.45
160481_uff_e=210.40_out,-6.2,9.449,8.993
160481_uff_e=210.40_out,-6.1,3.835,3.109
160482_uff_e=596.85_out,-7.4,0.0,0.0
160482_uff_e=596.85_out,-7.4,27.169,24.393
160482_uff_e=596.85_out,-7.2,4.7,2.221
160482_uff_e=596.85_out,-7.2,9.357,3.545
160482_uff_e=596.85_out,-7.1,23.482,21.594
160482_uff_e=596.85_out,-7.0,2.645,1.651
160482_uff_e=596.85_out,-7.0,2.629,1.571
160482_uff_e=596.85_out,-7.0,6.243,3.557
160482_uff_e=596.85_out,-6.9,9.875,4.313
160487_uff_e=331.42_out,-6.8,0.0,0.0
160487_uff_e=331.42_out,-6.7,6.451,4.635
160487_uff_e=331.42_out,-6.3,24.124,22.092
160487_uff_e=331.42_out,-6.3,21.743,20.481
160487_uff_e=331.42_out,-6.1,7.302,3.656
160487_uff_e=331.42_out,-6.1,24.299,23.003
160487_uff_e=331.42_out,-6.0,7.094,4.782
160487_uff_e=331.42_out,-6.0,21.723,20.371
160487_uff_e=331.42_out,-6.0,7.912,5.369
160500_uff_e=527.83_out,-6.7,0.0,0.0
160500_uff_e=527.83_out,-6.6,23.233,20.773
160500_uff_e=527.83_out,-6.6,24.292,22.617
160500_uff_e=527.83_out,-6.5,24.944,23.148
160500_uff_e=527.83_out,-6.4,22.838,20.92
160500_uff_e=527.83_out,-6.2,24.855,23.081
160500_uff_e=527.83_out,-6.2,14.16,11.006
160500_uff_e=527.83_out,-6.2,22.786,20.835
160500_uff_e=527.83_out,-6.0,22.973,20.728
160502_uff_e=470.72_out,-6.9,0.0,0.0
160502_uff_e=470.72_out,-6.8,26.25,23.947
160502_uff_e=470.72_out,-6.8,24.384,22.509
160502_uff_e=470.72_out,-6.6,25.252,23.078
160502_uff_e=470.72_out,-6.6,21.261,17.494
160502_uff_e=470.72_out,-6.6,24.988,22.852
160502_uff_e=470.72_out,-6.4,23.797,21.07
160502_uff_e=470.72_out,-6.4,25.13,24.018
160502_uff_e=470.72_out,-6.3,24.962,23.766
160503_uff_e=398.48_out,-6.7,0.0,0.0
160503_uff_e=398.48_out,-6.7,23.416,21.855
160503_uff_e=398.48_out,-6.6,24.546,21.67
160503_uff_e=398.48_out,-6.5,6.058,2.82
160503_uff_e=398.48_out,-6.4,22.632,21.745
160503_uff_e=398.48_out,-6.3,24.334,22.316
160503_uff_e=398.48_out,-6.3,21.387,20.459
160503_uff_e=398.48_out,-6.3,3.861,2.488
160503_uff_e=398.48_out,-6.3,23.639,21.722
160529_uff_e=740.57_out,-6.1,0.0,0.0
160529_uff_e=740.57_out,-6.0,11.555,5.343
160529_uff_e=740.57_out,-5.9,9.74,5.443
160529_uff_e=740.57_out,-5.9,9.032,5.251
160529_uff_e=740.57_out,-5.8,11.777,5.301
160529_uff_e=740.57_out,-5.7,14.936,12.234
160529_uff_e=740.57_out,-5.7,9.322,3.089
160529_uff_e=740.57_out,-5.7,11.508,5.376
160529_uff_e=740.57_out,-5.7,9.416,2.67
160597_uff_e=379.61_out,-6.9,0.0,0.0
160597_uff_e=379.61_out,-6.7,5.824,2.832
160597_uff_e=379.61_out,-6.6,3.973,2.443
160597_uff_e=379.61_out,-6.5,25.422,22.923
160597_uff_e=379.61_out,-6.5,24.76,22.486
160597_uff_e=379.61_out,-6.4,4.98,2.919
160597_uff_e=379.61_out,-6.4,23.396,22.561
160597_uff_e=379.61_out,-6.3,26.335,23.743
160597_uff_e=379.61_out,-6.3,4.737,3.396
160705_uff_e=598.53_out,-6.7,0.0,0.0
160705_uff_e=598.53_out,-6.7,2.486,0.28
160705_uff_e=598.53_out,-6.5,24.556,22.89
160705_uff_e=598.53_out,-6.5,24.424,22.631
160705_uff_e=598.53_out,-6.4,22.946,20.928
160705_uff_e=598.53_out,-6.3,23.0,20.929
160705_uff_e=598.53_out,-6.3,20.084,16.84
160705_uff_e=598.53_out,-6.2,24.965,21.996
160705_uff_e=598.53_out,-6.1,14.911,11.793
160717_uff_e=275.89_out,-6.8,0.0,0.0
160717_uff_e=275.89_out,-6.5,2.022,1.554
160717_uff_e=275.89_out,-6.4,14.652,12.638
160717_uff_e=275.89_out,-6.1,24.496,22.517
160717_uff_e=275.89_out,-6.1,5.332,2.589
160717_uff_e=275.89_out,-6.1,25.532,23.108
160717_uff_e=275.89_out,-6.0,3.91,1.841
160717_uff_e=275.89_out,-6.0,25.229,23.132
160717_uff_e=275.89_out,-6.0,22.507,20.941
160921_uff_e=420.80_out,-6.1,0.0,0.0
160921_uff_e=420.80_out,-6.1,29.076,27.765
160921_uff_e=420.80_out,-6.1,30.752,29.247
160921_uff_e=420.80_out,-6.0,29.344,28.13
160921_uff_e=420.80_out,-5.9,38.43,36.542
160921_uff_e=420.80_out,-5.9,27.816,26.677
160921_uff_e=420.80_out,-5.9,18.95,16.125
160921_uff_e=420.80_out,-5.9,41.51,39.766
160921_uff_e=420.80_out,-5.9,27.366,25.89
161243_uff_e=695.89_out,-7.1,0.0,0.0
161243_uff_e=695.89_out,-6.9,7.358,1.196
161243_uff_e=695.89_out,-6.9,3.598,1.472
161243_uff_e=695.89_out,-6.8,25.072,24.471
161243_uff_e=695.89_out,-6.8,23.522,20.756
161243_uff_e=695.89_out,-6.7,24.649,21.784
161243_uff_e=695.89_out,-6.7,21.898,18.354
161243_uff_e=695.89_out,-6.7,24.802,21.694
161243_uff_e=695.89_out,-6.6,3.959,2.521
161276_uff_e=383.42_out,-5.5,0.0,0.0
161276_uff_e=383.42_out,-5.5,7.053,2.239
161276_uff_e=383.42_out,-5.5,2.376,1.366
161276_uff_e=383.42_out,-5.4,6.948,4.809
161276_uff_e=383.42_out,-5.4,24.519,21.742
161276_uff_e=383.42_out,-5.3,21.759,18.645
161276_uff_e=383.42_out,-5.3,14.949,9.427
161276_uff_e=383.42_out,-5.3,9.012,5.727
161276_uff_e=383.42_out,-5.2,24.549,21.811
161298_uff_e=426.16_out,-6.6,0.0,0.0
161298_uff_e=426.16_out,-6.4,24.726,22.874
161298_uff_e=426.16_out,-6.4,25.339,23.521
161298_uff_e=426.16_out,-6.4,25.702,24.007
161298_uff_e=426.16_out,-6.3,20.224,18.241
161298_uff_e=426.16_out,-6.3,25.605,23.822
161298_uff_e=426.16_out,-6.2,13.468,11.113
161298_uff_e=426.16_out,-6.2,6.856,4.61
161298_uff_e=426.16_out,-6.2,14.331,11.261
161336_uff_e=667.87_out,-6.8,0.0,0.0
161336_uff_e=667.87_out,-6.7,25.959,22.677
161336_uff_e=667.87_out,-6.6,26.471,23.111
161336_uff_e=667.87_out,-6.6,26.143,23.22
161336_uff_e=667.87_out,-6.6,8.463,3.704
161336_uff_e=667.87_out,-6.5,29.487,25.516
161336_uff_e=667.87_out,-6.5,10.278,7.221
161336_uff_e=667.87_out,-6.4,25.989,23.408
161336_uff_e=667.87_out,-6.4,7.611,3.62
161355_uff_e=332.89_out,-5.8,0.0,0.0
161355_uff_e=332.89_out,-5.8,22.487,20.601
161355_uff_e=332.89_out,-5.7,18.992,14.773
161355_uff_e=332.89_out,-5.7,14.551,11.231
161355_uff_e=332.89_out,-5.7,7.516,2.901
161355_uff_e=332.89_out,-5.7,8.66,5.795
161355_uff_e=332.89_out,-5.6,8.165,5.961
161355_uff_e=332.89_out,-5.6,21.856,20.078
161355_uff_e=332.89_out,-5.5,18.894,15.139
161367_uff_e=273.12_out,-5.7,0.0,0.0
161367_uff_e=273.12_out,-5.2,2.918,2.105
161367_uff_e=273.12_out,-5.1,4.545,2.275
161367_uff_e=273.12_out,-5.0,3.642,1.529
161367_uff_e=273.12_out,-5.0,3.879,3.059
161367_uff_e=273.12_out,-5.0,4.12,2.125
161367_uff_e=273.12_out,-4.8,20.336,19.122
161367_uff_e=273.12_out,-4.8,20.42,19.414
161367_uff_e=273.12_out,-4.8,3.217,1.923
161413_uff_e=334.92_out,-6.7,0.0,0.0
161413_uff_e=334.92_out,-6.4,23.523,22.129
161413_uff_e=334.92_out,-6.3,23.525,22.255
161413_uff_e=334.92_out,-6.1,22.938,21.269
161413_uff_e=334.92_out,-6.1,8.418,4.932
161413_uff_e=334.92_out,-5.9,24.463,22.215
161413_uff_e=334.92_out,-5.8,21.132,18.11
161413_uff_e=334.92_out,-5.7,5.942,4.032
161413_uff_e=334.92_out,-5.7,5.533,1.364
161496_uff_e=690.16_out,-6.7,0.0,0.0
161496_uff_e=690.16_out,-6.6,9.043,3.227
161496_uff_e=690.16_out,-6.6,25.029,22.084
161496_uff_e=690.16_out,-6.6,8.026,2.307
161496_uff_e=690.16_out,-6.5,25.529,23.29
161496_uff_e=690.16_out,-6.4,23.896,21.871
161496_uff_e=690.16_out,-6.3,32.321,29.942
161496_uff_e=690.16_out,-6.3,24.31,20.424
161496_uff_e=690.16_out,-6.1,8.092,4.435
161538_uff_e=735.95_out,-6.7,0.0,0.0
161538_uff_e=735.95_out,-6.7,25.171,22.845
161538_uff_e=735.95_out,-6.6,26.506,23.71
161538_uff_e=735.95_out,-6.5,25.842,22.81
161538_uff_e=735.95_out,-6.5,25.572,23.217
161538_uff_e=735.95_out,-6.3,26.319,23.59
161538_uff_e=735.95_out,-6.2,3.784,1.63
161538_uff_e=735.95_out,-6.2,7.825,1.957
161538_uff_e=735.95_out,-6.2,24.611,22.355
161557_uff_e=245.55_out,-6.4,0.0,0.0
161557_uff_e=245.55_out,-6.3,26.12,23.641
161557_uff_e=245.55_out,-6.3,24.491,21.979
161557_uff_e=245.55_out,-6.3,24.468,21.935
161557_uff_e=245.55_out,-6.3,20.591,17.509
161557_uff_e=245.55_out,-6.2,24.793,23.123
161557_uff_e=245.55_out,-6.2,22.11,20.7
161557_uff_e=245.55_out,-6.2,21.808,20.381
161557_uff_e=245.55_out,-6.2,26.495,24.887
161573_uff_e=381.49_out,-7.2,0.0,0.0
161573_uff_e=381.49_out,-6.7,5.122,1.85
161573_uff_e=381.49_out,-6.5,3.978,2.317
161573_uff_e=381.49_out,-6.4,3.004,2.03
161573_uff_e=381.49_out,-6.3,4.016,2.142
161573_uff_e=381.49_out,-6.2,4.256,2.093
161573_uff_e=381.49_out,-6.2,4.199,2.165
161573_uff_e=381.49_out,-6.1,3.345,1.983
161573_uff_e=381.49_out,-5.9,24.752,22.603
161671_uff_e=2210.72_out,-8.5,0.0,0.0
161671_uff_e=2210.72_out,-7.9,3.801,2.153
161671_uff_e=2210.72_out,-7.9,25.613,21.867
161671_uff_e=2210.72_out,-7.8,2.129,1.547
161671_uff_e=2210.72_out,-7.8,8.635,1.919
161671_uff_e=2210.72_out,-7.8,26.657,24.759
161671_uff_e=2210.72_out,-7.8,22.403,17.666
161671_uff_e=2210.72_out,-7.7,3.442,2.69
161671_uff_e=2210.72_out,-7.7,24.979,21.879
161734_uff_e=197.16_out,-4.7,0.0,0.0
161734_uff_e=197.16_out,-4.6,12.354,11.167
161734_uff_e=197.16_out,-4.6,12.203,10.255
161734_uff_e=197.16_out,-4.5,11.849,10.108
161734_uff_e=197.16_out,-4.5,11.644,9.764
161734_uff_e=197.16_out,-4.4,3.351,0.95
161734_uff_e=197.16_out,-4.3,12.579,11.202
161734_uff_e=197.16_out,-4.3,2.89,1.852
161734_uff_e=197.16_out,-4.3,4.132,2.12
161741_uff_e=699.95_out,-6.9,0.0,0.0
161741_uff_e=699.95_out,-6.8,23.481,20.913
161741_uff_e=699.95_out,-6.6,24.219,21.155
161741_uff_e=699.95_out,-6.5,35.691,33.28
161741_uff_e=699.95_out,-6.5,25.522,22.856
161741_uff_e=699.95_out,-6.5,24.108,21.263
161741_uff_e=699.95_out,-6.5,7.158,2.315
161741_uff_e=699.95_out,-6.4,3.571,2.221
161741_uff_e=699.95_out,-6.4,19.717,17.148
161937_uff_e=275.53_out,-6.1,0.0,0.0
161937_uff_e=275.53_out,-6.0,3.227,1.525
161937_uff_e=275.53_out,-5.9,3.616,2.029
161937_uff_e=275.53_out,-5.8,11.989,9.519
161937_uff_e=275.53_out,-5.6,11.007,8.829
161937_uff_e=275.53_out,-5.6,12.444,9.939
161937_uff_e=275.53_out,-5.6,11.108,8.622
161937_uff_e=275.53_out,-5.6,11.543,9.246
161937_uff_e=275.53_out,-5.5,11.811,9.237
162113_uff_e=364.14_out,-6.2,0.0,0.0
162113_uff_e=364.14_out,-6.2,7.86,2.92
162113_uff_e=364.14_out,-6.1,26.016,23.597
162113_uff_e=364.14_out,-6.0,21.036,16.957
162113_uff_e=364.14_out,-6.0,6.927,3.242
162113_uff_e=364.14_out,-5.9,22.361,19.849
162113_uff_e=364.14_out,-5.8,21.32,17.528
162113_uff_e=364.14_out,-5.8,25.472,23.479
162113_uff_e=364.14_out,-5.7,25.002,23.037
162209_uff_e=443.81_out,-6.6,0.0,0.0
162209_uff_e=443.81_out,-6.5,38.136,36.045
162209_uff_e=443.81_out,-6.5,23.5,20.952
162209_uff_e=443.81_out,-6.5,6.224,1.891
162209_uff_e=443.81_out,-6.4,6.505,1.908
162209_uff_e=443.81_out,-6.2,22.477,20.054
162209_uff_e=443.81_out,-6.2,7.071,2.339
162209_uff_e=443.81_out,-6.0,23.504,22.249
162209_uff_e=443.81_out,-5.9,37.229,35.137
162350_uff_e=453.97_out,-7.0,0.0,0.0
162350_uff_e=453.97_out,-6.8,18.886,13.367
162350_uff_e=453.97_out,-6.8,14.167,11.45
162350_uff_e=453.97_out,-6.8,6.992,3.653
162350_uff_e=453.97_out,-6.8,20.848,18.473
162350_uff_e=453.97_out,-6.7,9.681,1.908
162350_uff_e=453.97_out,-6.7,9.419,6.611
162350_uff_e=453.97_out,-6.7,23.084,20.522
162350_uff_e=453.97_out,-6.7,23.521,21.305
162412_uff_e=269.10_out,-7.4,0.0,0.0
162412_uff_e=269.10_out,-7.4,25.549,23.836
162412_uff_e=269.10_out,-6.9,24.606,22.03
162412_uff_e=269.10_out,-6.9,23.925,22.021
162412_uff_e=269.10_out,-6.8,24.057,22.132
162412_uff_e=269.10_out,-6.8,23.771,22.062
162412_uff_e=269.10_out,-6.8,24.152,22.139
162412_uff_e=269.10_out,-6.7,28.323,25.675
162412_uff_e=269.10_out,-6.6,24.987,22.612
162464_uff_e=484.66_out,-6.6,0.0,0.0
162464_uff_e=484.66_out,-6.5,22.637,21.791
162464_uff_e=484.66_out,-6.5,24.116,22.19
162464_uff_e=484.66_out,-6.4,22.612,21.741
162464_uff_e=484.66_out,-6.3,23.718,21.743
162464_uff_e=484.66_out,-6.2,3.741,1.834
162464_uff_e=484.66_out,-6.2,4.382,2.133
162464_uff_e=484.66_out,-6.1,24.45,22.238
162464_uff_e=484.66_out,-6.1,13.343,8.145
162807_uff_e=381.40_out,-7.1,0.0,0.0
162807_uff_e=381.40_out,-7.0,11.77,9.604
162807_uff_e=381.40_out,-7.0,12.173,7.756
162807_uff_e=381.40_out,-6.9,26.021,22.988
162807_uff_e=381.40_out,-6.8,17.864,14.348
162807_uff_e=381.40_out,-6.6,13.54,11.022
162807_uff_e=381.40_out,-6.5,13.458,11.453
162807_uff_e=381.40_out,-6.4,25.917,22.887
162807_uff_e=381.40_out,-6.4,33.748,31.28
162824_uff_e=629.80_out,-6.8,0.0,0.0
162824_uff_e=629.80_out,-6.4,1.934,1.725
162824_uff_e=629.80_out,-6.3,11.638,9.277
162824_uff_e=629.80_out,-6.2,13.348,10.875
162824_uff_e=629.80_out,-6.2,13.685,11.081
162824_uff_e=629.80_out,-6.2,10.094,7.601
162824_uff_e=629.80_out,-6.0,11.503,9.16
162824_uff_e=629.80_out,-6.0,25.293,22.942
162824_uff_e=629.80_out,-5.9,12.457,10.136
162933_uff_e=309.09_out,-6.8,0.0,0.0
162933_uff_e=309.09_out,-6.2,22.116,20.926
162933_uff_e=309.09_out,-6.2,5.619,2.539
162933_uff_e=309.09_out,-6.2,5.352,3.185
162933_uff_e=309.09_out,-6.2,5.576,3.015
162933_uff_e=309.09_out,-6.2,4.607,2.691
162933_uff_e=309.09_out,-6.0,2.45,1.887
162933_uff_e=309.09_out,-6.0,22.326,20.672
162933_uff_e=309.09_out,-5.9,24.729,22.758
163263_uff_e=421.17_out,-6.4,0.0,0.0
163263_uff_e=421.17_out,-6.3,24.242,21.855
163263_uff_e=421.17_out,-6.0,24.397,23.117
163263_uff_e=421.17_out,-5.8,14.577,11.359
163263_uff_e=421.17_out,-5.8,5.078,2.389
163263_uff_e=421.17_out,-5.8,6.258,4.3
163263_uff_e=421.17_out,-5.7,24.622,22.958
163263_uff_e=421.17_out,-5.7,27.622,24.473
163263_uff_e=421.17_out,-5.7,11.915,8.974
164543_uff_e=249.10_out,-7.2,0.0,0.0
164543_uff_e=249.10_out,-6.8,6.316,2.267
164543_uff_e=249.10_out,-6.6,24.754,22.425
164543_uff_e=249.10_out,-6.5,5.852,2.074
164543_uff_e=249.10_out,-6.5,3.973,1.798
164543_uff_e=249.10_out,-6.4,3.071,1.258
164543_uff_e=249.10_out,-6.3,23.428,22.396
164543_uff_e=249.10_out,-6.2,27.661,24.733
164543_uff_e=249.10_out,-6.1,25.287,23.389
164601_uff_e=195.72_out,-4.5,0.0,0.0
164601_uff_e=195.72_out,-4.5,24.187,21.826
164601_uff_e=195.72_out,-4.4,3.051,1.801
164601_uff_e=195.72_out,-4.3,3.298,1.36
164601_uff_e=195.72_out,-4.3,23.902,21.479
164601_uff_e=195.72_out,-4.3,24.424,21.991
164601_uff_e=195.72_out,-4.2,23.641,21.189
164601_uff_e=195.72_out,-4.2,24.225,21.912
164601_uff_e=195.72_out,-4.2,5.866,3.627
164611_uff_e=518.34_out,-6.9,0.0,0.0
164611_uff_e=518.34_out,-6.8,5.464,1.272
164611_uff_e=518.34_out,-6.6,26.021,23.985
164611_uff_e=518.34_out,-6.6,5.832,1.938
164611_uff_e=518.34_out,-6.5,21.894,18.673
164611_uff_e=518.34_out,-6.3,6.375,3.557
164611_uff_e=518.34_out,-6.2,22.822,20.937
164611_uff_e=518.34_out,-6.2,2.97,1.927
164611_uff_e=518.34_out,-6.2,23.914,21.138
164630_uff_e=651.20_out,-8.0,0.0,0.0
164630_uff_e=651.20_out,-7.8,25.272,22.572
164630_uff_e=651.20_out,-7.7,23.785,17.731
164630_uff_e=651.20_out,-7.6,26.61,22.843
164630_uff_e=651.20_out,-7.6,5.838,2.783
164630_uff_e=651.20_out,-7.5,26.073,22.443
164630_uff_e=651.20_out,-7.5,23.67,17.294
164630_uff_e=651.20_out,-7.5,23.873,18.421
164630_uff_e=651.20_out,-7.4,23.877,17.645
164663_uff_e=255.22_out,-4.6,0.0,0.0
164663_uff_e=255.22_out,-4.3,12.166,11.074
164663_uff_e=255.22_out,-4.3,2.904,1.95
164663_uff_e=255.22_out,-4.1,12.272,11.239
164663_uff_e=255.22_out,-4.0,1.838,1.541
164663_uff_e=255.22_out,-4.0,3.416,2.508
164663_uff_e=255.22_out,-4.0,12.184,11.204
164663_uff_e=255.22_out,-4.0,12.105,11.18
164663_uff_e=255.22_out,-4.0,11.205,10.844
164710_uff_e=383.86_out,-6.8,0.0,0.0
164710_uff_e=383.86_out,-6.8,24.829,22.358
164710_uff_e=383.86_out,-6.7,6.091,2.569
164710_uff_e=383.86_out,-6.5,4.605,3.238
164710_uff_e=383.86_out,-6.5,24.739,22.62
164710_uff_e=383.86_out,-6.4,5.528,2.662
164710_uff_e=383.86_out,-6.4,21.035,20.056
164710_uff_e=383.86_out,-6.4,4.85,2.254
164710_uff_e=383.86_out,-6.4,21.466,20.52
164722_uff_e=251.62_out,-6.3,0.0,0.0
164722_uff_e=251.62_out,-6.1,2.735,2.228
164722_uff_e=251.62_out,-5.9,11.881,9.732
164722_uff_e=251.62_out,-5.9,12.679,9.73
164722_uff_e=251.62_out,-5.8,15.12,13.163
164722_uff_e=251.62_out,-5.8,24.81,23.403
164722_uff_e=251.62_out,-5.8,15.182,12.818
164722_uff_e=251.62_out,-5.8,28.392,25.678
164722_uff_e=251.62_out,-5.7,12.852,10.313
164950_uff_e=344.06_out,-5.8,0.0,0.0
164950_uff_e=344.06_out,-5.7,23.652,22.41
164950_uff_e=344.06_out,-5.6,4.119,1.488
164950_uff_e=344.06_out,-5.6,4.703,1.864
164950_uff_e=344.06_out,-5.6,20.036,19.336
164950_uff_e=344.06_out,-5.5,11.241,8.716
164950_uff_e=344.06_out,-5.4,22.24,21.233
164950_uff_e=344.06_out,-5.4,3.723,1.779
164950_uff_e=344.06_out,-5.2,10.831,8.88
165003_uff_e=699.19_out,-6.9,0.0,0.0
165003_uff_e=699.19_out,-6.9,8.795,5.067
165003_uff_e=699.19_out,-6.8,6.236,4.475
165003_uff_e=699.19_out,-6.8,29.258,27.017
165003_uff_e=699.19_out,-6.8,23.882,20.437
165003_uff_e=699.19_out,-6.8,24.215,21.915
165003_uff_e=699.19_out,-6.7,22.522,18.599
165003_uff_e=699.19_out,-6.7,26.972,24.417
165003_uff_e=699.19_out,-6.7,25.373,23.164
165225_uff_e=512.75_out,-6.0,0.0,0.0
165225_uff_e=512.75_out,-6.0,6.626,1.793
165225_uff_e=512.75_out,-6.0,6.713,0.344
165225_uff_e=512.75_out,-6.0,2.71,1.94
165225_uff_e=512.75_out,-5.9,26.218,22.94
165225_uff_e=512.75_out,-5.9,26.299,22.992
165225_uff_e=512.75_out,-5.8,26.216,22.87
165225_uff_e=512.75_out,-5.7,26.185,22.766
165225_uff_e=512.75_out,-5.7,27.297,24.825
167683_uff_e=336.61_out,-6.9,0.0,0.0
167683_uff_e=336.61_out,-6.5,4.762,1.661
167683_uff_e=336.61_out,-6.4,3.988,2.158
167683_uff_e=336.61_out,-6.3,23.445,21.998
167683_uff_e=336.61_out,-6.2,21.277,20.454
167683_uff_e=336.61_out,-6.1,2.417,1.859
167683_uff_e=336.61_out,-6.1,3.928,2.542
167683_uff_e=336.61_out,-5.9,3.71,3.117
167683_uff_e=336.61_out,-5.8,24.508,21.807
167691_uff_e=651.78_out,-8.5,0.0,0.0
167691_uff_e=651.78_out,-7.8,23.477,21.521
167691_uff_e=651.78_out,-7.7,25.173,20.648
167691_uff_e=651.78_out,-7.7,1.315,1.126
167691_uff_e=651.78_out,-7.5,8.434,2.189
167691_uff_e=651.78_out,-7.5,23.335,18.868
167691_uff_e=651.78_out,-7.4,26.75,25.215
167691_uff_e=651.78_out,-7.3,26.265,24.216
167691_uff_e=651.78_out,-7.3,26.307,22.455
167852_uff_e=511.04_out,-6.6,0.0,0.0
167852_uff_e=511.04_out,-6.3,4.903,2.222
167852_uff_e=511.04_out,-6.3,5.001,2.409
167852_uff_e=511.04_out,-6.2,4.506,2.13
167852_uff_e=511.04_out,-6.2,24.381,22.054
167852_uff_e=511.04_out,-5.7,25.312,22.778
167852_uff_e=511.04_out,-5.7,21.636,20.402
167852_uff_e=511.04_out,-5.7,28.297,25.594
167852_uff_e=511.04_out,-5.7,23.3,21.208
168082_uff_e=242.38_out,-4.6,0.0,0.0
168082_uff_e=242.38_out,-4.6,24.773,23.263
168082_uff_e=242.38_out,-4.6,20.986,19.998
168082_uff_e=242.38_out,-4.6,21.821,20.714
168082_uff_e=242.38_out,-4.6,24.954,23.196
168082_uff_e=242.38_out,-4.5,21.283,19.954
168082_uff_e=242.38_out,-4.5,23.929,22.147
168082_uff_e=242.38_out,-4.5,18.034,16.655
168082_uff_e=242.38_out,-4.5,21.269,20.032
168114_uff_e=236.29_out,-4.6,0.0,0.0
168114_uff_e=236.29_out,-4.6,2.293,1.397
168114_uff_e=236.29_out,-4.5,6.471,2.205
168114_uff_e=236.29_out,-4.5,6.525,1.896
168114_uff_e=236.29_out,-4.5,23.633,22.216
168114_uff_e=236.29_out,-4.4,24.525,22.983
168114_uff_e=236.29_out,-4.4,6.214,2.186
168114_uff_e=236.29_out,-4.2,25.569,23.234
168114_uff_e=236.29_out,-4.2,5.793,2.907
168199_uff_e=854.51_out,-6.7,0.0,0.0
168199_uff_e=854.51_out,-6.5,24.482,22.597
168199_uff_e=854.51_out,-6.5,5.785,1.956
168199_uff_e=854.51_out,-6.4,12.248,9.174
168199_uff_e=854.51_out,-6.4,14.954,10.828
168199_uff_e=854.51_out,-6.4,5.662,1.715
168199_uff_e=854.51_out,-6.3,5.617,1.539
168199_uff_e=854.51_out,-6.3,13.439,10.624
168199_uff_e=854.51_out,-6.3,25.584,22.848
168722_uff_e=1916.26_out,-6.7,0.0,0.0
168722_uff_e=1916.26_out,-6.5,4.058,2.669
168722_uff_e=1916.26_out,-6.1,23.241,21.826
168722_uff_e=1916.26_out,-6.1,26.385,23.786
168722_uff_e=1916.26_out,-6.1,22.286,20.619
168722_uff_e=1916.26_out,-6.0,12.084,10.118
168722_uff_e=1916.26_out,-6.0,25.01,22.891
168722_uff_e=1916.26_out,-5.9,14.122,12.178
168722_uff_e=1916.26_out,-5.9,3.458,2.161
168836_uff_e=170.61_out,-4.7,0.0,0.0
168836_uff_e=170.61_out,-4.6,19.151,17.085
168836_uff_e=170.61_out,-4.6,30.133,28.25
168836_uff_e=170.61_out,-4.5,20.82,18.143
168836_uff_e=170.61_out,-4.5,15.211,12.12
168836_uff_e=170.61_out,-4.5,14.241,13.134
168836_uff_e=170.61_out,-4.5,21.912,19.837
168836_uff_e=170.61_out,-4.5,19.042,17.027
168836_uff_e=170.61_out,-4.5,23.462,21.135
168919_uff_e=397.29_out,-7.4,0.0,0.0
168919_uff_e=397.29_out,-7.1,25.119,23.304
168919_uff_e=397.29_out,-7.0,23.599,21.425
168919_uff_e=397.29_out,-7.0,6.751,0.922
168919_uff_e=397.29_out,-7.0,20.798,17.822
168919_uff_e=397.29_out,-6.8,1.439,1.088
168919_uff_e=397.29_out,-6.7,25.571,23.424
168919_uff_e=397.29_out,-6.6,20.465,17.727
168919_uff_e=397.29_out,-6.6,7.757,2.478
168951_uff_e=868.30_out,-8.3,0.0,0.0
168951_uff_e=868.30_out,-7.9,8.827,2.637
168951_uff_e=868.30_out,-7.8,8.223,2.672
168951_uff_e=868.30_out,-7.8,25.736,23.024
168951_uff_e=868.30_out,-7.5,24.671,23.042
168951_uff_e=868.30_out,-7.5,25.011,22.166
168951_uff_e=868.30_out,-7.4,4.654,2.006
168951_uff_e=868.30_out,-7.4,23.858,21.948
168951_uff_e=868.30_out,-7.4,8.47,3.44
169014_uff_e=264.24_out,-6.2,0.0,0.0
169014_uff_e=264.24_out,-6.0,23.17,22.116
169014_uff_e=264.24_out,-5.9,11.254,9.52
169014_uff_e=264.24_out,-5.9,4.356,1.775
169014_uff_e=264.24_out,-5.7,4.304,2.445
169014_uff_e=264.24_out,-5.7,2.584,2.121
169014_uff_e=264.24_out,-5.6,23.541,22.252
169014_uff_e=264.24_out,-5.6,4.369,2.573
169014_uff_e=264.24_out,-5.6,25.489,24.547
169419_uff_e=768.76_out,-7.3,0.0,0.0
169419_uff_e=768.76_out,-6.9,11.384,5.491
169419_uff_e=768.76_out,-6.9,18.976,15.3
169419_uff_e=768.76_out,-6.9,6.415,1.695
169419_uff_e=768.76_out,-6.7,30.128,26.349
169419_uff_e=768.76_out,-6.7,10.142,5.636
169419_uff_e=768.76_out,-6.7,2.31,1.296
169419_uff_e=768.76_out,-6.6,33.568,28.234
169419_uff_e=768.76_out,-6.5,17.523,12.359
169494_uff_e=1863.05_out,-6.2,0.0,0.0
169494_uff_e=1863.05_out,-6.1,4.451,1.751
169494_uff_e=1863.05_out,-6.1,21.752,20.149
169494_uff_e=1863.05_out,-6.0,12.247,9.235
169494_uff_e=1863.05_out,-6.0,25.091,22.522
169494_uff_e=1863.05_out,-5.8,5.294,1.639
169494_uff_e=1863.05_out,-5.8,11.009,7.45
169494_uff_e=1863.05_out,-5.7,25.748,23.67
169494_uff_e=1863.05_out,-5.6,24.646,22.356
169676_uff_e=317.40_out,-6.0,0.0,0.0
169676_uff_e=317.40_out,-5.9,24.741,22.062
169676_uff_e=317.40_out,-5.9,6.863,2.381
169676_uff_e=317.40_out,-5.8,7.052,2.43
169676_uff_e=317.40_out,-5.8,23.098,21.023
169676_uff_e=317.40_out,-5.8,2.009,0.662
169676_uff_e=317.40_out,-5.8,25.071,22.544
169676_uff_e=317.40_out,-5.7,24.962,22.526
169676_uff_e=317.40_out,-5.7,17.715,14.283
169683_uff_e=107.27_out,-4.3,0.0,0.0
169683_uff_e=107.27_out,-4.2,4.421,1.626
169683_uff_e=107.27_out,-4.1,1.996,1.687
169683_uff_e=107.27_out,-4.1,3.852,1.354
169683_uff_e=107.27_out,-4.1,3.589,1.583
169683_uff_e=107.27_out,-4.1,22.192,20.375
169683_uff_e=107.27_out,-4.0,2.498,0.852
169683_uff_e=107.27_out,-4.0,22.588,21.492
169683_uff_e=107.27_out,-4.0,4.016,1.853
170570_uff_e=281.81_out,-6.6,0.0,0.0
170570_uff_e=281.81_out,-6.6,24.42,23.015
170570_uff_e=281.81_out,-6.2,1.043,0.996
170570_uff_e=281.81_out,-6.0,23.76,21.454
170570_uff_e=281.81_out,-6.0,5.302,3.43
170570_uff_e=281.81_out,-6.0,23.702,21.957
170570_uff_e=281.81_out,-5.9,22.797,21.769
170570_uff_e=281.81_out,-5.7,22.816,21.586
170570_uff_e=281.81_out,-5.7,29.723,27.258
173183_uff_e=575.79_out,-6.9,0.0,0.0
173183_uff_e=575.79_out,-6.7,8.66,3.133
173183_uff_e=575.79_out,-6.7,23.404,21.827
173183_uff_e=575.79_out,-6.6,8.414,3.645
173183_uff_e=575.79_out,-6.5,11.143,8.695
173183_uff_e=575.79_out,-6.5,26.379,23.099
173183_uff_e=575.79_out,-6.4,26.595,24.402
173183_uff_e=575.79_out,-6.4,26.079,23.987
173183_uff_e=575.79_out,-6.4,37.179,34.795
173866_uff_e=1869.75_out,-6.8,0.0,0.0
173866_uff_e=1869.75_out,-6.6,15.466,11.737
173866_uff_e=1869.75_out,-6.5,4.891,3.14
173866_uff_e=1869.75_out,-6.4,26.467,23.57
173866_uff_e=1869.75_out,-6.3,25.247,22.824
173866_uff_e=1869.75_out,-6.3,24.649,22.62
173866_uff_e=1869.75_out,-6.2,6.918,2.73
173866_uff_e=1869.75_out,-6.2,6.219,2.97
173866_uff_e=1869.75_out,-6.2,25.46,22.277
174174_uff_e=466.68_out,-6.2,0.0,0.0
174174_uff_e=466.68_out,-6.0,24.741,22.949
174174_uff_e=466.68_out,-5.9,25.632,23.712
174174_uff_e=466.68_out,-5.8,2.123,1.546
174174_uff_e=466.68_out,-5.7,1.979,1.06
174174_uff_e=466.68_out,-5.7,2.379,1.702
174174_uff_e=466.68_out,-5.7,8.356,6.154
174174_uff_e=466.68_out,-5.7,24.542,22.565
174174_uff_e=466.68_out,-5.6,16.821,12.998
174277_uff_e=836.03_out,-6.7,0.0,0.0
174277_uff_e=836.03_out,-6.5,4.897,2.684
174277_uff_e=836.03_out,-6.2,4.642,2.698
174277_uff_e=836.03_out,-6.0,12.148,9.519
174277_uff_e=836.03_out,-5.9,12.029,8.36
174277_uff_e=836.03_out,-5.9,25.209,21.204
174277_uff_e=836.03_out,-5.9,23.636,21.299
174277_uff_e=836.03_out,-5.9,12.39,9.322
174277_uff_e=836.03_out,-5.9,5.937,3.291
174868_uff_e=587.26_out,-6.5,0.0,0.0
174868_uff_e=587.26_out,-6.4,11.006,9.312
174868_uff_e=587.26_out,-5.8,11.363,9.357
174868_uff_e=587.26_out,-5.8,4.479,2.322
174868_uff_e=587.26_out,-5.8,22.794,19.721
174868_uff_e=587.26_out,-5.8,17.429,14.322
174868_uff_e=587.26_out,-5.8,5.718,2.642
174868_uff_e=587.26_out,-5.7,3.812,2.634
174868_uff_e=587.26_out,-5.7,4.75,2.135
174870_uff_e=609.31_out,-6.5,0.0,0.0
174870_uff_e=609.31_out,-6.3,11.039,9.249
174870_uff_e=609.31_out,-6.0,2.017,1.695
174870_uff_e=609.31_out,-6.0,4.914,2.34
174870_uff_e=609.31_out,-5.9,6.079,3.356
174870_uff_e=609.31_out,-5.8,11.421,9.307
174870_uff_e=609.31_out,-5.8,12.345,9.932
174870_uff_e=609.31_out,-5.8,4.434,2.315
174870_uff_e=609.31_out,-5.7,23.559,20.811
174880_uff_e=529.21_out,-6.6,0.0,0.0
174880_uff_e=529.21_out,-6.5,25.084,23.661
174880_uff_e=529.21_out,-6.5,14.112,10.117
174880_uff_e=529.21_out,-6.5,24.496,20.859
174880_uff_e=529.21_out,-6.4,13.671,10.379
174880_uff_e=529.21_out,-6.4,21.868,18.756
174880_uff_e=529.21_out,-6.4,25.133,21.736
174880_uff_e=529.21_out,-6.4,23.42,19.805
174880_uff_e=529.21_out,-6.4,8.363,3.298
175902_uff_e=997.72_out,-7.7,0.0,0.0
175902_uff_e=997.72_out,-7.6,28.016,24.607
175902_uff_e=997.72_out,-7.6,28.069,25.117
175902_uff_e=997.72_out,-7.5,27.571,25.034
175902_uff_e=997.72_out,-7.5,27.866,25.359
175902_uff_e=997.72_out,-7.4,7.245,2.479
175902_uff_e=997.72_out,-7.4,27.257,24.455
175902_uff_e=997.72_out,-7.3,27.47,24.797
175902_uff_e=997.72_out,-7.2,4.357,2.827
176079_uff_e=868.96_out,-8.4,0.0,0.0
176079_uff_e=868.96_out,-8.1,4.745,3.329
176079_uff_e=868.96_out,-7.9,10.528,3.669
176079_uff_e=868.96_out,-7.8,10.35,2.984
176079_uff_e=868.96_out,-7.8,2.935,1.871
176079_uff_e=868.96_out,-7.7,28.162,23.685
176079_uff_e=868.96_out,-7.7,26.613,22.252
176079_uff_e=868.96_out,-7.7,10.857,4.115
176079_uff_e=868.96_out,-7.7,2.594,1.969
177149_uff_e=203.50_out,-6.4,0.0,0.0
177149_uff_e=203.50_out,-6.3,22.938,21.578
177149_uff_e=203.50_out,-6.1,6.688,3.91
177149_uff_e=203.50_out,-6.0,2.501,1.626
177149_uff_e=203.50_out,-6.0,6.828,4.086
177149_uff_e=203.50_out,-5.9,24.166,22.651
177149_uff_e=203.50_out,-5.9,24.796,23.134
177149_uff_e=203.50_out,-5.9,24.356,23.482
177149_uff_e=203.50_out,-5.8,2.229,1.924
177154_uff_e=891.31_out,-8.4,0.0,0.0
177154_uff_e=891.31_out,-8.2,10.936,6.521
177154_uff_e=891.31_out,-8.0,25.652,23.673
177154_uff_e=891.31_out,-7.9,10.772,6.836
177154_uff_e=891.31_out,-7.9,11.843,8.68
177154_uff_e=891.31_out,-7.8,27.164,24.621
177154_uff_e=891.31_out,-7.8,27.593,23.953
177154_uff_e=891.31_out,-7.7,11.715,7.48
177154_uff_e=891.31_out,-7.6,26.747,24.892
177562_uff_e=561.49_out,-6.5,0.0,0.0
177562_uff_e=561.49_out,-6.5,8.192,4.341
177562_uff_e=561.49_out,-6.5,2.565,1.687
177562_uff_e=561.49_out,-6.4,4.761,2.745
177562_uff_e=561.49_out,-6.4,22.53,20.042
177562_uff_e=561.49_out,-6.3,8.175,4.935
177562_uff_e=561.49_out,-6.3,3.069,1.865
177562_uff_e=561.49_out,-6.3,23.319,20.338
177562_uff_e=561.49_out,-6.3,22.113,19.607
177696_uff_e=498.87_out,-6.3,0.0,0.0
177696_uff_e=498.87_out,-6.3,19.452,17.183
177696_uff_e=498.87_out,-6.2,7.898,3.871
177696_uff_e=498.87_out,-6.1,7.752,3.847
177696_uff_e=498.87_out,-6.1,18.952,16.727
177696_uff_e=498.87_out,-6.1,23.137,20.838
177696_uff_e=498.87_out,-6.1,26.604,25.351
177696_uff_e=498.87_out,-6.0,7.854,4.339
177696_uff_e=498.87_out,-6.0,27.458,25.616
177893_uff_e=571.43_out,-6.8,0.0,0.0
177893_uff_e=571.43_out,-6.7,7.567,0.952
177893_uff_e=571.43_out,-6.6,13.933,12.56
177893_uff_e=571.43_out,-6.6,11.901,11.464
177893_uff_e=571.43_out,-6.5,12.841,10.561
177893_uff_e=571.43_out,-6.5,22.315,20.351
177893_uff_e=571.43_out,-6.4,24.865,20.895
177893_uff_e=571.43_out,-6.4,26.258,22.398
177893_uff_e=571.43_out,-6.4,22.596,19.615
179169_uff_e=777.56_out,-6.8,0.0,0.0
179169_uff_e=777.56_out,-6.5,8.298,4.595
179169_uff_e=777.56_out,-6.3,9.847,4.564
179169_uff_e=777.56_out,-6.1,24.725,23.226
179169_uff_e=777.56_out,-6.1,8.105,3.085
179169_uff_e=777.56_out,-6.1,10.587,6.685
179169_uff_e=777.56_out,-6.1,10.514,6.392
179169_uff_e=777.56_out,-6.0,7.271,3.0
179169_uff_e=777.56_out,-5.9,26.309,23.403
179375_uff_e=443.11_out,-6.3,0.0,0.0
179375_uff_e=443.11_out,-6.2,5.664,1.819
179375_uff_e=443.11_out,-5.9,24.121,21.29
179375_uff_e=443.11_out,-5.9,12.257,7.308
179375_uff_e=443.11_out,-5.9,4.167,2.235
179375_uff_e=443.11_out,-5.8,15.68,12.2
179375_uff_e=443.11_out,-5.7,5.06,2.571
179375_uff_e=443.11_out,-5.7,6.391,2.48
179375_uff_e=443.11_out,-5.6,23.793,22.272
179460_uff_e=473.13_out,-7.0,0.0,0.0
179460_uff_e=473.13_out,-6.6,22.975,20.824
179460_uff_e=473.13_out,-6.6,22.229,18.42
179460_uff_e=473.13_out,-6.5,24.185,21.754
179460_uff_e=473.13_out,-6.5,25.727,23.636
179460_uff_e=473.13_out,-6.4,24.886,23.187
179460_uff_e=473.13_out,-6.3,9.376,5.891
179460_uff_e=473.13_out,-6.3,26.493,23.789
179460_uff_e=473.13_out,-6.3,36.18,33.579
179647_uff_e=300.55_out,-5.8,0.0,0.0
179647_uff_e=300.55_out,-5.2,3.185,1.565
179647_uff_e=300.55_out,-5.1,5.393,3.804
179647_uff_e=300.55_out,-5.0,3.058,2.296
179647_uff_e=300.55_out,-5.0,5.333,3.478
179647_uff_e=300.55_out,-5.0,1.881,1.476
179647_uff_e=300.55_out,-4.8,7.234,3.954
179647_uff_e=300.55_out,-4.8,7.329,4.374
179647_uff_e=300.55_out,-4.7,6.4,3.772
179651_uff_e=2430.84_out,-8.3,0.0,0.0
179651_uff_e=2430.84_out,-7.8,24.078,20.847
179651_uff_e=2430.84_out,-7.4,4.984,3.179
179651_uff_e=2430.84_out,-7.4,25.818,22.492
179651_uff_e=2430.84_out,-7.3,7.744,2.802
179651_uff_e=2430.84_out,-7.3,7.762,2.434
179651_uff_e=2430.84_out,-7.3,7.523,3.965
179651_uff_e=2430.84_out,-7.3,7.219,2.077
179651_uff_e=2430.84_out,-7.2,25.873,22.729
181271_uff_e=179.73_out,-6.0,0.0,0.0
181271_uff_e=179.73_out,-5.9,6.28,2.51
181271_uff_e=179.73_out,-5.9,22.382,20.752
181271_uff_e=179.73_out,-5.9,23.66,22.431
181271_uff_e=179.73_out,-5.8,16.32,13.096
181271_uff_e=179.73_out,-5.8,5.616,2.279
181271_uff_e=179.73_out,-5.8,22.012,20.691
181271_uff_e=179.73_out,-5.8,23.0,21.385
181271_uff_e=179.73_out,-5.7,23.793,22.743
181511_uff_e=156.62_out,-6.6,0.0,0.0
181511_uff_e=156.62_out,-6.4,1.641,1.112
181511_uff_e=156.62_out,-6.2,23.655,22.319
181511_uff_e=156.62_out,-6.0,1.915,1.54
181511_uff_e=156.62_out,-6.0,3.838,2.828
181511_uff_e=156.62_out,-6.0,23.271,21.75
181511_uff_e=156.62_out,-6.0,23.097,22.017
181511_uff_e=156.62_out,-5.9,6.046,1.416
181511_uff_e=156.62_out,-5.8,23.903,21.406
181684_uff_e=338.77_out,-6.8,0.0,0.0
181684_uff_e=338.77_out,-6.7,6.021,1.973
181684_uff_e=338.77_out,-6.4,5.173,1.406
181684_uff_e=338.77_out,-6.3,6.104,2.322
181684_uff_e=338.77_out,-5.8,24.103,21.687
181684_uff_e=338.77_out,-5.8,23.661,22.584
181684_uff_e=338.77_out,-5.7,4.867,2.717
181684_uff_e=338.77_out,-5.6,24.129,22.072
181684_uff_e=338.77_out,-5.6,24.744,23.8
181686_uff_e=315.20_out,-6.6,0.0,0.0
181686_uff_e=315.20_out,-6.4,5.665,1.116
181686_uff_e=315.20_out,-6.3,2.988,1.27
181686_uff_e=315.20_out,-6.2,23.141,21.758
181686_uff_e=315.20_out,-6.0,2.273,1.665
181686_uff_e=315.20_out,-6.0,4.698,3.361
181686_uff_e=315.20_out,-5.8,6.486,2.068
181686_uff_e=315.20_out,-5.8,23.652,21.862
181686_uff_e=315.20_out,-5.8,22.427,21.715
181744_uff_e=816.99_out,-7.6,0.0,0.0
181744_uff_e=816.99_out,-7.4,1.513,1.286
181744_uff_e=816.99_out,-7.1,9.194,2.304
181744_uff_e=816.99_out,-7.1,24.896,23.238
181744_uff_e=816.99_out,-7.0,26.852,24.102
181744_uff_e=816.99_out,-7.0,25.216,21.098
181744_uff_e=816.99_out,-7.0,13.776,10.399
181744_uff_e=816.99_out,-6.9,8.79,3.569
181744_uff_e=816.99_out,-6.9,9.514,5.501
181804_uff_e=300.60_out,-5.4,0.0,0.0
181804_uff_e=300.60_out,-5.1,4.987,3.068
181804_uff_e=300.60_out,-5.1,2.774,2.11
181804_uff_e=300.60_out,-4.8,6.563,3.398
181804_uff_e=300.60_out,-4.8,18.583,16.729
181804_uff_e=300.60_out,-4.7,3.365,1.693
181804_uff_e=300.60_out,-4.7,6.206,3.554
181804_uff_e=300.60_out,-4.7,6.556,4.037
181804_uff_e=300.60_out,-4.7,22.053,20.794
181811_uff_e=535.87_out,-5.6,0.0,0.0
181811_uff_e=535.87_out,-5.4,1.678,1.572
181811_uff_e=535.87_out,-5.4,6.387,2.507
181811_uff_e=535.87_out,-5.3,24.383,23.037
181811_uff_e=535.87_out,-5.3,5.628,3.641
181811_uff_e=535.87_out,-5.3,2.964,2.379
181811_uff_e=535.87_out,-5.2,5.74,2.742
181811_uff_e=535.87_out,-5.2,5.169,3.489
181811_uff_e=535.87_out,-5.2,21.197,18.836
181814_uff_e=2255.65_out,-5.9,0.0,0.0
181814_uff_e=2255.65_out,-5.8,5.55,2.141
181814_uff_e=2255.65_out,-5.5,14.158,10.569
181814_uff_e=2255.65_out,-5.5,5.737,2.203
181814_uff_e=2255.65_out,-5.4,15.401,11.491
181814_uff_e=2255.65_out,-5.3,25.902,22.385
181814_uff_e=2255.65_out,-5.3,13.594,9.211
181814_uff_e=2255.65_out,-5.3,5.62,2.277
181814_uff_e=2255.65_out,-5.3,26.94,23.608
181883_uff_e=379.50_out,-7.5,0.0,0.0
181883_uff_e=379.50_out,-7.4,8.747,5.365
181883_uff_e=379.50_out,-7.1,9.606,7.744
181883_uff_e=379.50_out,-7.0,7.35,1.739
181883_uff_e=379.50_out,-6.9,28.808,27.064
181883_uff_e=379.50_out,-6.7,2.144,1.81
181883_uff_e=379.50_out,-6.7,10.532,8.723
181883_uff_e=379.50_out,-6.6,4.54,2.285
181883_uff_e=379.50_out,-6.5,24.268,21.561
181994_uff_e=225.92_out,-7.1,0.0,0.0
181994_uff_e=225.92_out,-6.6,6.897,1.402
181994_uff_e=225.92_out,-6.5,6.813,1.853
181994_uff_e=225.92_out,-6.0,12.247,11.344
181994_uff_e=225.92_out,-5.9,23.618,21.626
181994_uff_e=225.92_out,-5.9,14.61,13.101
181994_uff_e=225.92_out,-5.9,13.625,11.373
181994_uff_e=225.92_out,-5.8,15.911,13.493
181994_uff_e=225.92_out,-5.8,24.523,22.425
182116_uff_e=662.96_out,-7.1,0.0,0.0
182116_uff_e=662.96_out,-6.9,5.803,2.159
182116_uff_e=662.96_out,-6.9,25.533,22.716
182116_uff_e=662.96_out,-6.9,5.087,2.106
182116_uff_e=662.96_out,-6.8,5.557,2.514
182116_uff_e=662.96_out,-6.7,6.374,1.716
182116_uff_e=662.96_out,-6.6,12.711,9.864
182116_uff_e=662.96_out,-6.5,4.244,2.83
182116_uff_e=662.96_out,-6.5,24.719,21.36
182145_uff_e=714.87_out,-6.5,0.0,0.0
182145_uff_e=714.87_out,-6.5,22.899,21.293
182145_uff_e=714.87_out,-6.5,20.74,17.29
182145_uff_e=714.87_out,-6.3,17.68,15.225
182145_uff_e=714.87_out,-6.1,18.079,15.429
182145_uff_e=714.87_out,-6.0,24.377,21.493
182145_uff_e=714.87_out,-6.0,21.007,17.645
182145_uff_e=714.87_out,-5.9,19.712,16.572
182145_uff_e=714.87_out,-5.8,23.88,21.325
182232_uff_e=238.72_out,-6.6,0.0,0.0
182232_uff_e=238.72_out,-6.4,4.46,2.667
182232_uff_e=238.72_out,-6.3,10.501,9.124
182232_uff_e=238.72_out,-6.3,22.418,21.587
182232_uff_e=238.72_out,-6.2,10.532,9.128
182232_uff_e=238.72_out,-6.2,7.052,1.798
182232_uff_e=238.72_out,-6.1,22.896,21.63
182232_uff_e=238.72_out,-6.1,24.81,22.467
182232_uff_e=238.72_out,-6.0,9.885,8.196
182244_uff_e=562.18_out,-6.8,0.0,0.0
182244_uff_e=562.18_out,-6.6,12.416,8.477
182244_uff_e=562.18_out,-6.6,12.219,8.799
182244_uff_e=562.18_out,-6.5,13.536,10.043
182244_uff_e=562.18_out,-6.4,10.589,7.274
182244_uff_e=562.18_out,-6.3,23.193,20.557
182244_uff_e=562.18_out,-6.2,5.143,2.397
182244_uff_e=562.18_out,-6.2,3.991,2.69
182244_uff_e=562.18_out,-6.1,10.783,7.847
182259_uff_e=200.86_out,-6.5,0.0,0.0
182259_uff_e=200.86_out,-6.4,24.416,23.026
182259_uff_e=200.86_out,-6.2,7.321,4.143
182259_uff_e=200.86_out,-6.1,24.857,23.121
182259_uff_e=200.86_out,-6.0,23.593,21.498
182259_uff_e=200.86_out,-6.0,22.637,21.863
182259_uff_e=200.86_out,-6.0,23.49,21.838
182259_uff_e=200.86_out,-5.9,22.686,21.678
182259_uff_e=200.86_out,-5.8,32.913,30.268
182362_uff_e=199.83_out,-7.1,0.0,0.0
182362_uff_e=199.83_out,-7.0,7.031,1.204
182362_uff_e=199.83_out,-6.9,5.657,3.088
182362_uff_e=199.83_out,-6.7,6.826,1.324
182362_uff_e=199.83_out,-6.7,2.617,1.402
182362_uff_e=199.83_out,-6.5,5.861,3.066
182362_uff_e=199.83_out,-6.4,24.101,22.606
182362_uff_e=199.83_out,-6.3,23.225,22.089
182362_uff_e=199.83_out,-6.3,6.018,3.558
182658_uff_e=376.64_out,-6.4,0.0,0.0
182658_uff_e=376.64_out,-6.3,3.657,1.449
182658_uff_e=376.64_out,-6.2,1.681,1.314
182658_uff_e=376.64_out,-5.9,4.288,1.826
182658_uff_e=376.64_out,-5.9,5.665,1.763
182658_uff_e=376.64_out,-5.8,3.143,2.509
182658_uff_e=376.64_out,-5.8,5.752,2.898
182658_uff_e=376.64_out,-5.8,4.666,1.787
182658_uff_e=376.64_out,-5.7,8.981,6.305
183116_uff_e=637.45_out,-6.0,0.0,0.0
183116_uff_e=637.45_out,-5.9,10.742,9.518
183116_uff_e=637.45_out,-5.9,3.264,2.167
183116_uff_e=637.45_out,-5.8,23.306,21.46
183116_uff_e=637.45_out,-5.8,3.239,2.021
183116_uff_e=637.45_out,-5.7,4.843,2.603
183116_uff_e=637.45_out,-5.7,13.32,10.553
183116_uff_e=637.45_out,-5.7,22.551,21.05
183116_uff_e=637.45_out,-5.6,4.666,2.119
184515_uff_e=751.34_out,-7.1,0.0,0.0
184515_uff_e=751.34_out,-7.1,3.384,2.291
184515_uff_e=751.34_out,-6.8,22.322,18.402
184515_uff_e=751.34_out,-6.8,23.016,19.324
184515_uff_e=751.34_out,-6.7,4.702,2.611
184515_uff_e=751.34_out,-6.6,22.873,18.92
184515_uff_e=751.34_out,-6.6,23.44,20.622
184515_uff_e=751.34_out,-6.6,32.72,29.583
184515_uff_e=751.34_out,-6.5,2.936,1.983
184959_uff_e=525.03_out,-6.7,0.0,0.0
184959_uff_e=525.03_out,-6.5,13.391,9.551
184959_uff_e=525.03_out,-6.4,5.06,3.456
184959_uff_e=525.03_out,-6.3,9.692,5.051
184959_uff_e=525.03_out,-6.2,25.151,22.767
184959_uff_e=525.03_out,-6.2,5.997,3.557
184959_uff_e=525.03_out,-6.2,23.619,22.008
184959_uff_e=525.03_out,-6.2,25.01,22.657
184959_uff_e=525.03_out,-6.1,5.783,3.482
185034_uff_e=415.57_out,-6.3,0.0,0.0
185034_uff_e=415.57_out,-6.2,21.306,19.006
185034_uff_e=415.57_out,-6.1,23.904,22.176
185034_uff_e=415.57_out,-6.0,22.121,19.636
185034_uff_e=415.57_out,-5.9,6.032,2.79
185034_uff_e=415.57_out,-5.9,22.693,20.164
185034_uff_e=415.57_out,-5.9,20.985,19.592
185034_uff_e=415.57_out,-5.8,9.389,3.834
185034_uff_e=415.57_out,-5.8,21.793,19.262
185071_uff_e=338.08_out,-5.0,0.0,0.0
185071_uff_e=338.08_out,-5.0,4.167,2.197
185071_uff_e=338.08_out,-4.7,2.457,1.571
185071_uff_e=338.08_out,-4.6,4.259,2.378
185071_uff_e=338.08_out,-4.6,2.808,1.738
185071_uff_e=338.08_out,-4.6,11.277,9.119
185071_uff_e=338.08_out,-4.5,11.729,10.187
185071_uff_e=338.08_out,-4.5,3.955,2.229
185071_uff_e=338.08_out,-4.4,14.558,13.366
185208_uff_e=217.13_out,-6.6,0.0,0.0
185208_uff_e=217.13_out,-6.5,23.087,21.157
185208_uff_e=217.13_out,-6.5,3.247,2.449
185208_uff_e=217.13_out,-6.5,5.484,3.165
185208_uff_e=217.13_out,-6.4,22.336,21.407
185208_uff_e=217.13_out,-6.3,22.972,22.014
185208_uff_e=217.13_out,-6.3,25.164,22.926
185208_uff_e=217.13_out,-6.3,23.167,21.583
185208_uff_e=217.13_out,-6.3,4.584,2.2
185465_uff_e=816.62_out,-7.3,0.0,0.0
185465_uff_e=816.62_out,-7.2,10.462,4.307
185465_uff_e=816.62_out,-7.1,25.889,22.934
185465_uff_e=816.62_out,-7.0,10.236,4.672
185465_uff_e=816.62_out,-6.9,22.403,18.913
185465_uff_e=816.62_out,-6.9,25.653,22.748
185465_uff_e=816.62_out,-6.8,5.782,3.35
185465_uff_e=816.62_out,-6.8,23.558,20.691
185465_uff_e=816.62_out,-6.7,9.893,5.102
185556_uff_e=618.65_out,-6.8,0.0,0.0
185556_uff_e=618.65_out,-6.5,24.643,21.448
185556_uff_e=618.65_out,-6.2,24.431,21.983
185556_uff_e=618.65_out,-6.2,12.803,9.704
185556_uff_e=618.65_out,-6.1,24.683,22.275
185556_uff_e=618.65_out,-6.0,6.624,3.317
185556_uff_e=618.65_out,-6.0,13.235,9.997
185556_uff_e=618.65_out,-5.8,4.901,2.645
185556_uff_e=618.65_out,-5.8,19.401,15.65
185611_uff_e=725.97_out,-7.5,0.0,0.0
185611_uff_e=725.97_out,-7.2,3.772,2.124
185611_uff_e=725.97_out,-7.1,8.983,6.539
185611_uff_e=725.97_out,-7.0,25.581,23.58
185611_uff_e=725.97_out,-6.9,26.162,22.837
185611_uff_e=725.97_out,-6.9,7.276,1.993
185611_uff_e=725.97_out,-6.8,26.337,23.559
185611_uff_e=725.97_out,-6.8,26.409,23.988
185611_uff_e=725.97_out,-6.7,26.146,23.217
185623_uff_e=586.10_out,-7.4,0.0,0.0
185623_uff_e=586.10_out,-7.3,24.807,23.044
185623_uff_e=586.10_out,-6.8,25.397,23.607
185623_uff_e=586.10_out,-6.7,6.453,3.36
185623_uff_e=586.10_out,-6.5,18.303,15.748
185623_uff_e=586.10_out,-6.5,26.088,23.705
185623_uff_e=586.10_out,-6.4,15.574,13.575
185623_uff_e=586.10_out,-6.4,23.534,20.647
185623_uff_e=586.10_out,-6.4,24.584,22.627
185914_uff_e=160.87_out,-6.3,0.0,0.0
185914_uff_e=160.87_out,-6.2,3.413,2.132
185914_uff_e=160.87_out,-6.2,1.799,1.432
185914_uff_e=160.87_out,-6.1,2.048,0.411
185914_uff_e=160.87_out,-6.0,22.724,21.269
185914_uff_e=160.87_out,-6.0,22.689,21.241
185914_uff_e=160.87_out,-6.0,6.752,1.914
185914_uff_e=160.87_out,-6.0,3.705,2.877
185914_uff_e=160.87_out,-5.9,23.003,21.241
185971_uff_e=587.01_out,-7.5,0.0,0.0
185971_uff_e=587.01_out,-6.9,10.642,7.371
185971_uff_e=587.01_out,-6.9,14.136,11.174
185971_uff_e=587.01_out,-6.6,10.791,7.143
185971_uff_e=587.01_out,-6.5,12.253,8.081
185971_uff_e=587.01_out,-6.5,25.988,22.571
185971_uff_e=587.01_out,-6.4,9.818,6.635
185971_uff_e=587.01_out,-6.4,24.92,22.445
185971_uff_e=587.01_out,-6.4,27.281,25.107
187808_uff_e=631.10_out,-6.7,0.0,0.0
187808_uff_e=631.10_out,-6.6,26.958,23.619
187808_uff_e=631.10_out,-6.5,24.649,22.065
187808_uff_e=631.10_out,-6.5,24.42,21.513
187808_uff_e=631.10_out,-6.5,24.691,21.881
187808_uff_e=631.10_out,-6.4,21.106,16.893
187808_uff_e=631.10_out,-6.4,3.219,1.773
187808_uff_e=631.10_out,-6.4,2.333,1.682
187808_uff_e=631.10_out,-6.4,31.66,27.582
188288_uff_e=300.66_out,-4.4,0.0,0.0
188288_uff_e=300.66_out,-4.3,2.641,1.93
188288_uff_e=300.66_out,-4.2,12.144,10.649
188288_uff_e=300.66_out,-4.1,2.514,0.923
188288_uff_e=300.66_out,-4.0,11.631,10.733
188288_uff_e=300.66_out,-4.0,4.127,2.253
188288_uff_e=300.66_out,-4.0,3.826,2.319
188288_uff_e=300.66_out,-4.0,11.839,10.652
188288_uff_e=300.66_out,-4.0,11.671,10.395
188297_uff_e=419.24_out,-6.6,0.0,0.0
188297_uff_e=419.24_out,-6.4,4.537,1.785
188297_uff_e=419.24_out,-6.3,3.847,2.293
188297_uff_e=419.24_out,-6.1,12.73,10.927
188297_uff_e=419.24_out,-6.0,3.601,2.299
188297_uff_e=419.24_out,-5.9,25.062,22.888
188297_uff_e=419.24_out,-5.9,20.605,19.08
188297_uff_e=419.24_out,-5.9,5.722,1.31
188297_uff_e=419.24_out,-5.8,14.818,12.17
188456_uff_e=470.22_out,-6.4,0.0,0.0
188456_uff_e=470.22_out,-6.2,24.804,22.786
188456_uff_e=470.22_out,-6.2,26.466,23.92
188456_uff_e=470.22_out,-6.0,3.421,1.564
188456_uff_e=470.22_out,-6.0,6.493,3.499
188456_uff_e=470.22_out,-5.9,5.776,3.568
188456_uff_e=470.22_out,-5.9,28.228,26.099
188456_uff_e=470.22_out,-5.9,9.536,7.312
188456_uff_e=470.22_out,-5.8,10.612,8.034
188458_uff_e=308.51_out,-6.8,0.0,0.0
188458_uff_e=308.51_out,-6.6,7.725,2.12
188458_uff_e=308.51_out,-6.5,8.062,4.729
188458_uff_e=308.51_out,-6.5,8.751,5.388
188458_uff_e=308.51_out,-6.5,6.161,3.822
188458_uff_e=308.51_out,-6.4,7.358,4.98
188458_uff_e=308.51_out,-6.3,6.001,3.512
188458_uff_e=308.51_out,-6.3,25.016,22.521
188458_uff_e=308.51_out,-6.2,19.899,16.46
189065_uff_e=617.27_out,-6.4,0.0,0.0
189065_uff_e=617.27_out,-6.3,2.123,1.167
189065_uff_e=617.27_out,-6.3,24.058,21.757
189065_uff_e=617.27_out,-6.2,24.321,21.958
189065_uff_e=617.27_out,-6.1,13.377,9.011
189065_uff_e=617.27_out,-5.9,7.274,1.562
189065_uff_e=617.27_out,-5.8,22.631,21.504
189065_uff_e=617.27_out,-5.8,23.776,21.693
189065_uff_e=617.27_out,-5.8,25.219,22.317
189377_uff_e=384.58_out,-5.0,0.0,0.0
189377_uff_e=384.58_out,-5.0,3.579,2.198
189377_uff_e=384.58_out,-4.9,4.22,1.905
189377_uff_e=384.58_out,-4.9,3.778,1.098
189377_uff_e=384.58_out,-4.7,3.365,2.286
189377_uff_e=384.58_out,-4.6,4.133,1.882
189377_uff_e=384.58_out,-4.6,4.533,1.736
189377_uff_e=384.58_out,-4.6,3.666,2.383
189377_uff_e=384.58_out,-4.6,3.902,1.978
193042_uff_e=501.10_out,-6.2,0.0,0.0
193042_uff_e=501.10_out,-6.2,3.707,0.028
193042_uff_e=501.10_out,-6.1,4.121,0.856
193042_uff_e=501.10_out,-6.0,5.411,2.274
193042_uff_e=501.10_out,-5.5,24.938,23.076
193042_uff_e=501.10_out,-5.5,24.858,22.814
193042_uff_e=501.10_out,-5.5,25.024,22.857
193042_uff_e=501.10_out,-5.5,24.761,22.384
193042_uff_e=501.10_out,-5.4,24.677,23.119
193405_uff_e=130.58_out,-5.3,0.0,0.0
193405_uff_e=130.58_out,-5.3,24.073,21.762
193405_uff_e=130.58_out,-5.2,19.102,14.865
193405_uff_e=130.58_out,-5.2,19.689,16.003
193405_uff_e=130.58_out,-5.1,4.994,3.447
193405_uff_e=130.58_out,-5.1,2.999,1.857
193405_uff_e=130.58_out,-5.0,24.426,22.286
193405_uff_e=130.58_out,-5.0,24.388,21.97
193405_uff_e=130.58_out,-5.0,18.828,15.301
193876_uff_e=519.69_out,-6.9,0.0,0.0
193876_uff_e=519.69_out,-6.9,28.037,24.645
193876_uff_e=519.69_out,-6.8,20.27,14.932
193876_uff_e=519.69_out,-6.7,25.849,23.006
193876_uff_e=519.69_out,-6.6,25.826,22.305
193876_uff_e=519.69_out,-6.6,10.23,5.403
193876_uff_e=519.69_out,-6.6,7.87,4.169
193876_uff_e=519.69_out,-6.6,28.888,25.075
193876_uff_e=519.69_out,-6.6,11.991,7.444
194140_uff_e=552.95_out,-6.8,0.0,0.0
194140_uff_e=552.95_out,-6.2,2.406,1.636
194140_uff_e=552.95_out,-5.9,4.808,1.585
194140_uff_e=552.95_out,-5.9,23.906,21.664
194140_uff_e=552.95_out,-5.9,3.677,1.56
194140_uff_e=552.95_out,-5.8,4.451,1.056
194140_uff_e=552.95_out,-5.7,3.957,1.954
194140_uff_e=552.95_out,-5.6,23.26,21.782
194140_uff_e=552.95_out,-5.4,3.428,1.261
196979_uff_e=414.51_out,-7.7,0.0,0.0
196979_uff_e=414.51_out,-7.6,14.978,12.646
196979_uff_e=414.51_out,-7.6,23.024,20.5
196979_uff_e=414.51_out,-7.3,22.836,21.044
196979_uff_e=414.51_out,-7.2,3.015,1.326
196979_uff_e=414.51_out,-7.1,31.175,29.026
196979_uff_e=414.51_out,-7.1,8.635,4.245
196979_uff_e=414.51_out,-7.0,8.498,3.451
196979_uff_e=414.51_out,-7.0,16.207,13.864
197001_uff_e=595.17_out,-7.0,0.0,0.0
197001_uff_e=595.17_out,-6.4,5.587,1.242
197001_uff_e=595.17_out,-6.4,23.427,22.351
197001_uff_e=595.17_out,-6.2,24.517,23.529
197001_uff_e=595.17_out,-6.1,25.52,23.124
197001_uff_e=595.17_out,-6.0,24.24,22.649
197001_uff_e=595.17_out,-6.0,25.97,24.545
197001_uff_e=595.17_out,-6.0,24.028,22.928
197001_uff_e=595.17_out,-5.9,27.02,22.925
197726_uff_e=864.31_out,-7.8,0.0,0.0
197726_uff_e=864.31_out,-7.8,9.052,0.239
197726_uff_e=864.31_out,-7.8,27.685,23.719
197726_uff_e=864.31_out,-7.7,26.624,23.651
197726_uff_e=864.31_out,-7.4,2.796,2.14
197726_uff_e=864.31_out,-7.4,5.299,2.681
197726_uff_e=864.31_out,-7.4,8.639,2.267
197726_uff_e=864.31_out,-7.4,8.655,2.733
197726_uff_e=864.31_out,-7.2,30.249,27.54
197810_uff_e=549.46_out,-7.5,0.0,0.0
197810_uff_e=549.46_out,-7.1,2.222,1.639
197810_uff_e=549.46_out,-7.1,3.642,2.269
197810_uff_e=549.46_out,-7.1,9.295,2.96
197810_uff_e=549.46_out,-7.0,1.318,1.299
197810_uff_e=549.46_out,-7.0,28.41,27.388
197810_uff_e=549.46_out,-7.0,23.533,22.867
197810_uff_e=549.46_out,-6.9,24.113,23.229
197810_uff_e=549.46_out,-6.9,23.637,21.395
198036_uff_e=2042.31_out,-6.9,0.0,0.0
198036_uff_e=2042.31_out,-6.8,2.441,1.677
198036_uff_e=2042.31_out,-6.4,26.791,22.525
198036_uff_e=2042.31_out,-6.3,25.349,22.596
198036_uff_e=2042.31_out,-5.9,24.354,21.765
198036_uff_e=2042.31_out,-5.9,24.742,22.521
198036_uff_e=2042.31_out,-5.9,7.038,3.467
198036_uff_e=2042.31_out,-5.8,25.246,22.685
198036_uff_e=2042.31_out,-5.8,24.754,22.319
198549_uff_e=455.37_out,-7.4,0.0,0.0
198549_uff_e=455.37_out,-7.3,9.943,4.593
198549_uff_e=455.37_out,-7.2,12.069,6.813
198549_uff_e=455.37_out,-7.0,5.367,2.248
198549_uff_e=455.37_out,-7.0,26.776,21.722
198549_uff_e=455.37_out,-6.9,7.94,2.902
198549_uff_e=455.37_out,-6.8,21.907,17.783
198549_uff_e=455.37_out,-6.8,8.474,3.469
198549_uff_e=455.37_out,-6.8,7.486,2.806
205586_uff_e=107.04_out,-5.2,0.0,0.0
205586_uff_e=107.04_out,-5.0,2.24,1.51
205586_uff_e=107.04_out,-5.0,5.205,3.155
205586_uff_e=107.04_out,-4.9,5.18,1.745
205586_uff_e=107.04_out,-4.8,5.039,0.935
205586_uff_e=107.04_out,-4.8,4.891,1.121
205586_uff_e=107.04_out,-4.8,3.773,2.522
205586_uff_e=107.04_out,-4.7,23.628,22.5
205586_uff_e=107.04_out,-4.6,9.723,8.745
216272_uff_e=556.08_out,-6.0,0.0,0.0
216272_uff_e=556.08_out,-5.8,10.462,9.017
216272_uff_e=556.08_out,-5.7,10.161,7.489
216272_uff_e=556.08_out,-5.7,2.019,0.875
216272_uff_e=556.08_out,-5.7,23.865,22.474
216272_uff_e=556.08_out,-5.6,10.904,8.245
216272_uff_e=556.08_out,-5.5,10.648,6.899
216272_uff_e=556.08_out,-5.5,15.855,12.191
216272_uff_e=556.08_out,-5.5,23.554,22.126
220338_uff_e=348.60_out,-6.4,0.0,0.0
220338_uff_e=348.60_out,-6.3,8.367,5.488
220338_uff_e=348.60_out,-6.2,24.694,22.77
220338_uff_e=348.60_out,-6.2,25.409,23.455
220338_uff_e=348.60_out,-6.1,25.085,23.16
220338_uff_e=348.60_out,-6.1,19.144,17.143
220338_uff_e=348.60_out,-6.1,6.971,4.117
220338_uff_e=348.60_out,-6.0,6.065,3.722
220338_uff_e=348.60_out,-6.0,6.843,3.85
220674_uff_e=110.13_out,-5.6,0.0,0.0
220674_uff_e=110.13_out,-5.4,5.407,2.795
220674_uff_e=110.13_out,-5.4,4.042,1.819
220674_uff_e=110.13_out,-5.1,23.614,21.934
220674_uff_e=110.13_out,-5.1,19.946,19.034
220674_uff_e=110.13_out,-5.0,24.782,23.422
220674_uff_e=110.13_out,-5.0,11.013,9.183
220674_uff_e=110.13_out,-5.0,23.302,21.982
220674_uff_e=110.13_out,-5.0,4.3,2.047
221062_uff_e=369.00_out,-7.4,0.0,0.0
221062_uff_e=369.00_out,-7.0,24.137,22.978
221062_uff_e=369.00_out,-7.0,24.362,22.33
221062_uff_e=369.00_out,-6.9,4.403,2.866
221062_uff_e=369.00_out,-6.8,5.687,3.733
221062_uff_e=369.00_out,-6.8,24.72,22.649
221062_uff_e=369.00_out,-6.8,24.012,21.71
221062_uff_e=369.00_out,-6.7,24.26,21.924
221062_uff_e=369.00_out,-6.7,24.513,22.214
221071_uff_e=302.32_out,-6.5,0.0,0.0
221071_uff_e=302.32_out,-6.4,24.996,23.148
221071_uff_e=302.32_out,-6.3,5.47,2.58
221071_uff_e=302.32_out,-6.3,23.826,22.498
221071_uff_e=302.32_out,-6.1,23.576,22.257
221071_uff_e=302.32_out,-6.1,24.898,23.361
221071_uff_e=302.32_out,-5.9,25.477,23.668
221071_uff_e=302.32_out,-5.8,5.696,2.634
221071_uff_e=302.32_out,-5.7,13.656,10.902
221118_uff_e=362.39_out,-7.0,0.0,0.0
221118_uff_e=362.39_out,-6.9,23.35,21.774
221118_uff_e=362.39_out,-6.8,6.954,4.018
221118_uff_e=362.39_out,-6.6,3.066,2.096
221118_uff_e=362.39_out,-6.5,24.62,22.993
221118_uff_e=362.39_out,-6.5,25.603,23.566
221118_uff_e=362.39_out,-6.4,23.185,21.889
221118_uff_e=362.39_out,-6.4,7.004,3.343
221118_uff_e=362.39_out,-6.4,8.404,5.027
222284_uff_e=593.22_out,-6.7,0.0,0.0
222284_uff_e=593.22_out,-6.7,8.55,3.746
222284_uff_e=593.22_out,-6.6,8.943,3.19
222284_uff_e=593.22_out,-6.6,23.497,21.468
222284_uff_e=593.22_out,-6.4,39.021,36.664
222284_uff_e=593.22_out,-6.3,4.716,2.025
222284_uff_e=593.22_out,-6.3,24.853,23.209
222284_uff_e=593.22_out,-6.3,37.793,35.244
222284_uff_e=593.22_out,-6.2,26.961,23.718
226520_uff_e=595.48_out,-6.5,0.0,0.0
226520_uff_e=595.48_out,-6.2,8.207,2.101
226520_uff_e=595.48_out,-6.1,24.194,21.785
226520_uff_e=595.48_out,-6.1,23.687,22.159
226520_uff_e=595.48_out,-6.1,8.322,2.892
226520_uff_e=595.48_out,-6.0,7.277,4.534
226520_uff_e=595.48_out,-6.0,28.086,27.002
226520_uff_e=595.48_out,-5.8,8.152,2.155
226520_uff_e=595.48_out,-5.8,5.914,3.86
227613_uff_e=724.43_out,-7.0,0.0,0.0
227613_uff_e=724.43_out,-6.9,6.3,3.009
227613_uff_e=724.43_out,-6.8,4.13,2.47
227613_uff_e=724.43_out,-6.8,4.841,2.439
227613_uff_e=724.43_out,-6.6,12.097,8.924
227613_uff_e=724.43_out,-6.4,11.956,8.684
227613_uff_e=724.43_out,-6.4,4.203,1.623
227613_uff_e=724.43_out,-6.3,5.614,2.702
227613_uff_e=724.43_out,-6.3,2.287,1.895
227829_uff_e=308.87_out,-6.4,0.0,0.0
227829_uff_e=308.87_out,-6.1,23.084,21.625
227829_uff_e=308.87_out,-6.0,23.593,22.269
227829_uff_e=308.87_out,-5.9,22.012,19.841
227829_uff_e=308.87_out,-5.6,19.004,16.439
227829_uff_e=308.87_out,-5.5,3.349,2.227
227829_uff_e=308.87_out,-5.5,21.017,19.29
227829_uff_e=308.87_out,-5.4,6.211,3.182
227829_uff_e=308.87_out,-5.4,23.38,21.16
227830_uff_e=705.79_out,-7.5,0.0,0.0
227830_uff_e=705.79_out,-7.1,3.706,2.005
227830_uff_e=705.79_out,-6.4,4.695,2.802
227830_uff_e=705.79_out,-6.4,23.526,22.05
227830_uff_e=705.79_out,-6.4,23.791,21.712
227830_uff_e=705.79_out,-6.3,23.356,21.622
227830_uff_e=705.79_out,-6.3,18.817,16.859
227830_uff_e=705.79_out,-6.3,12.44,9.514
227830_uff_e=705.79_out,-6.2,5.005,2.613
237619_uff_e=305.29_out,-6.5,0.0,0.0
237619_uff_e=305.29_out,-6.4,4.775,1.48
237619_uff_e=305.29_out,-6.4,23.997,22.643
237619_uff_e=305.29_out,-6.3,24.366,23.069
237619_uff_e=305.29_out,-6.3,5.541,2.898
237619_uff_e=305.29_out,-6.1,26.193,23.299
237619_uff_e=305.29_out,-6.1,23.914,22.764
237619_uff_e=305.29_out,-6.0,5.035,2.528
237619_uff_e=305.29_out,-6.0,4.556,2.534
242486_uff_e=433.95_out,-6.2,0.0,0.0
242486_uff_e=433.95_out,-6.1,8.88,3.414
242486_uff_e=433.95_out,-6.1,2.327,1.842
242486_uff_e=433.95_out,-6.1,8.965,1.938
242486_uff_e=433.95_out,-6.0,22.632,19.051
242486_uff_e=433.95_out,-6.0,3.917,2.229
242486_uff_e=433.95_out,-6.0,5.264,2.353
242486_uff_e=433.95_out,-5.9,3.756,1.914
242486_uff_e=433.95_out,-5.9,8.053,3.176
243760_uff_e=396.96_out,-6.4,0.0,0.0
243760_uff_e=396.96_out,-6.3,20.039,16.55
243760_uff_e=396.96_out,-6.2,18.993,16.905
243760_uff_e=396.96_out,-6.2,17.98,13.984
243760_uff_e=396.96_out,-6.1,7.246,4.655
243760_uff_e=396.96_out,-6.1,21.282,18.252
243760_uff_e=396.96_out,-6.0,20.911,17.75
243760_uff_e=396.96_out,-6.0,20.466,19.588
243760_uff_e=396.96_out,-5.9,8.234,2.059
244387_uff_e=416.08_out,-6.5,0.0,0.0
244387_uff_e=416.08_out,-6.4,24.184,22.147
244387_uff_e=416.08_out,-6.4,8.499,2.871
244387_uff_e=416.08_out,-6.3,24.53,22.533
244387_uff_e=416.08_out,-6.1,24.493,22.435
244387_uff_e=416.08_out,-6.0,9.219,3.954
244387_uff_e=416.08_out,-5.9,7.746,2.797
244387_uff_e=416.08_out,-5.9,3.812,1.671
244387_uff_e=416.08_out,-5.8,11.064,5.715
245005_uff_e=1433.89_out,-6.5,0.0,0.0
245005_uff_e=1433.89_out,-6.2,6.158,3.434
245005_uff_e=1433.89_out,-6.2,26.144,22.658
245005_uff_e=1433.89_out,-6.0,26.467,22.893
245005_uff_e=1433.89_out,-6.0,8.493,2.999
245005_uff_e=1433.89_out,-5.9,29.429,25.309
245005_uff_e=1433.89_out,-5.9,10.505,5.454
245005_uff_e=1433.89_out,-5.9,8.659,5.074
245005_uff_e=1433.89_out,-5.8,8.346,2.675
249887_uff_e=153.21_out,-5.5,0.0,0.0
249887_uff_e=153.21_out,-5.5,4.767,3.207
249887_uff_e=153.21_out,-5.3,2.498,1.531
249887_uff_e=153.21_out,-5.2,4.347,2.646
249887_uff_e=153.21_out,-5.2,5.163,3.448
249887_uff_e=153.21_out,-5.2,14.287,11.314
249887_uff_e=153.21_out,-5.2,22.857,21.925
249887_uff_e=153.21_out,-5.2,3.986,3.053
249887_uff_e=153.21_out,-5.2,11.609,10.833
251575_uff_e=477.29_out,-7.2,0.0,0.0
251575_uff_e=477.29_out,-7.0,24.109,21.775
251575_uff_e=477.29_out,-6.9,18.293,15.088
251575_uff_e=477.29_out,-6.8,22.655,20.317
251575_uff_e=477.29_out,-6.8,21.991,18.076
251575_uff_e=477.29_out,-6.6,21.2,18.576
251575_uff_e=477.29_out,-6.5,23.227,19.069
251575_uff_e=477.29_out,-6.4,36.159,33.772
251575_uff_e=477.29_out,-6.3,7.84,2.088
256420_uff_e=821.15_out,-6.0,0.0,0.0
256420_uff_e=821.15_out,-5.9,25.092,22.242
256420_uff_e=821.15_out,-5.8,24.571,21.789
256420_uff_e=821.15_out,-5.8,3.792,1.707
256420_uff_e=821.15_out,-5.7,24.831,22.208
256420_uff_e=821.15_out,-5.7,4.321,1.813
256420_uff_e=821.15_out,-5.7,24.702,21.557
256420_uff_e=821.15_out,-5.7,8.553,1.809
256420_uff_e=821.15_out,-5.7,8.36,2.74
257278_uff_e=536.33_out,-6.5,0.0,0.0
257278_uff_e=536.33_out,-6.3,13.014,11.068
257278_uff_e=536.33_out,-6.2,12.374,11.06
257278_uff_e=536.33_out,-6.1,4.284,1.291
257278_uff_e=536.33_out,-5.9,11.655,10.441
257278_uff_e=536.33_out,-5.9,4.354,1.929
257278_uff_e=536.33_out,-5.9,4.591,2.206
257278_uff_e=536.33_out,-5.8,11.902,9.91
257278_uff_e=536.33_out,-5.7,12.958,10.465
257279_uff_e=487.33_out,-6.4,0.0,0.0
257279_uff_e=487.33_out,-6.3,24.446,22.668
257279_uff_e=487.33_out,-6.3,5.116,1.946
257279_uff_e=487.33_out,-6.0,23.888,22.26
257279_uff_e=487.33_out,-6.0,4.352,2.71
257279_uff_e=487.33_out,-5.9,5.226,2.543
257279_uff_e=487.33_out,-5.9,20.596,19.603
257279_uff_e=487.33_out,-5.8,21.253,20.092
257279_uff_e=487.33_out,-5.8,4.627,2.821
258956_uff_e=508.74_out,-6.5,0.0,0.0
258956_uff_e=508.74_out,-6.3,25.432,23.4
258956_uff_e=508.74_out,-6.2,5.153,3.614
258956_uff_e=508.74_out,-6.0,6.163,2.779
258956_uff_e=508.74_out,-6.0,11.051,9.049
258956_uff_e=508.74_out,-5.9,11.688,10.01
258956_uff_e=508.74_out,-5.9,25.396,22.411
258956_uff_e=508.74_out,-5.8,4.376,2.367
258956_uff_e=508.74_out,-5.8,32.562,29.314
259846_uff_e=930.29_out,-7.1,0.0,0.0
259846_uff_e=930.29_out,-7.0,25.314,23.403
259846_uff_e=930.29_out,-6.9,25.817,23.751
259846_uff_e=930.29_out,-6.8,7.86,2.629
259846_uff_e=930.29_out,-6.8,9.305,3.86
259846_uff_e=930.29_out,-6.8,4.327,2.675
259846_uff_e=930.29_out,-6.6,26.711,23.116
259846_uff_e=930.29_out,-6.6,8.147,3.184
259846_uff_e=930.29_out,-6.6,25.715,23.143
260437_uff_e=2147.50_out,-7.1,0.0,0.0
260437_uff_e=2147.50_out,-6.6,2.221,1.924
260437_uff_e=2147.50_out,-6.6,25.379,22.755
260437_uff_e=2147.50_out,-6.6,7.977,2.961
260437_uff_e=2147.50_out,-6.5,4.019,2.622
260437_uff_e=2147.50_out,-6.4,8.61,3.84
260437_uff_e=2147.50_out,-6.4,8.507,3.387
260437_uff_e=2147.50_out,-6.4,7.779,2.357
260437_uff_e=2147.50_out,-6.4,37.807,34.027
260534_uff_e=789.49_out,-5.9,0.0,0.0
260534_uff_e=789.49_out,-5.7,26.855,23.658
260534_uff_e=789.49_out,-5.7,5.305,2.803
260534_uff_e=789.49_out,-5.6,25.577,21.719
260534_uff_e=789.49_out,-5.6,11.011,6.963
260534_uff_e=789.49_out,-5.6,17.53,15.42
260534_uff_e=789.49_out,-5.6,11.548,8.288
260534_uff_e=789.49_out,-5.5,25.884,23.93
260534_uff_e=789.49_out,-5.5,25.975,22.92
261491_uff_e=1402.81_out,-4.9,0.0,0.0
261491_uff_e=1402.81_out,-4.8,3.607,2.263
261491_uff_e=1402.81_out,-4.7,2.414,1.624
261491_uff_e=1402.81_out,-4.6,4.091,2.365
261491_uff_e=1402.81_out,-4.6,21.347,20.03
261491_uff_e=1402.81_out,-4.6,12.887,11.829
261491_uff_e=1402.81_out,-4.5,4.138,2.188
261491_uff_e=1402.81_out,-4.5,12.963,11.562
261491_uff_e=1402.81_out,-4.5,22.317,20.902
261618_uff_e=392.86_out,-6.4,0.0,0.0
261618_uff_e=392.86_out,-5.9,8.69,4.449
261618_uff_e=392.86_out,-5.8,23.117,20.721
261618_uff_e=392.86_out,-5.8,22.226,20.272
261618_uff_e=392.86_out,-5.8,23.346,21.015
261618_uff_e=392.86_out,-5.7,6.323,2.553
261618_uff_e=392.86_out,-5.6,23.572,22.028
261618_uff_e=392.86_out,-5.6,23.627,21.168
261618_uff_e=392.86_out,-5.6,6.555,4.035
265237_uff_e=2188.72_out,-8.3,0.0,0.0
265237_uff_e=2188.72_out,-8.2,3.756,2.681
265237_uff_e=2188.72_out,-8.1,9.045,2.079
265237_uff_e=2188.72_out,-8.1,4.113,2.552
265237_uff_e=2188.72_out,-8.0,22.448,18.023
265237_uff_e=2188.72_out,-8.0,25.69,22.288
265237_uff_e=2188.72_out,-7.9,8.806,2.041
265237_uff_e=2188.72_out,-7.8,24.35,22.561
265237_uff_e=2188.72_out,-7.7,4.072,2.664
265756_uff_e=2108.87_out,-6.7,0.0,0.0
265756_uff_e=2108.87_out,-6.7,8.345,1.446
265756_uff_e=2108.87_out,-6.6,3.97,2.075
265756_uff_e=2108.87_out,-6.5,2.966,1.435
265756_uff_e=2108.87_out,-6.3,3.583,1.753
265756_uff_e=2108.87_out,-6.3,5.646,3.027
265756_uff_e=2108.87_out,-6.3,8.236,1.449
265756_uff_e=2108.87_out,-6.2,8.411,3.063
265756_uff_e=2108.87_out,-6.2,9.107,2.251
266046_uff_e=500.63_out,-6.6,0.0,0.0
266046_uff_e=500.63_out,-6.3,5.361,1.623
266046_uff_e=500.63_out,-6.2,23.824,22.582
266046_uff_e=500.63_out,-6.1,24.991,22.88
266046_uff_e=500.63_out,-6.1,11.174,9.44
266046_uff_e=500.63_out,-6.0,25.484,23.748
266046_uff_e=500.63_out,-6.0,25.052,23.269
266046_uff_e=500.63_out,-5.9,6.679,2.619
266046_uff_e=500.63_out,-5.9,11.877,9.25
267247_uff_e=502.86_out,-6.8,0.0,0.0
267247_uff_e=502.86_out,-6.5,7.65,2.103
267247_uff_e=502.86_out,-6.4,24.014,22.615
267247_uff_e=502.86_out,-6.1,24.196,22.973
267247_uff_e=502.86_out,-6.1,25.757,23.997
267247_uff_e=502.86_out,-5.9,23.316,20.771
267247_uff_e=502.86_out,-5.8,23.758,21.094
267247_uff_e=502.86_out,-5.8,23.438,20.924
267247_uff_e=502.86_out,-5.8,24.321,21.847
267250_uff_e=893.85_out,-6.6,0.0,0.0
267250_uff_e=893.85_out,-6.6,25.222,21.982
267250_uff_e=893.85_out,-6.5,4.367,2.387
267250_uff_e=893.85_out,-6.4,8.191,3.175
267250_uff_e=893.85_out,-6.4,3.058,1.961
267250_uff_e=893.85_out,-6.4,27.963,24.342
267250_uff_e=893.85_out,-6.4,2.579,1.725
267250_uff_e=893.85_out,-6.4,9.534,5.044
267250_uff_e=893.85_out,-6.4,26.698,24.235
267436_uff_e=675.67_out,-6.7,0.0,0.0
267436_uff_e=675.67_out,-6.5,8.947,1.991
267436_uff_e=675.67_out,-6.4,5.537,3.369
267436_uff_e=675.67_out,-6.3,9.331,2.233
267436_uff_e=675.67_out,-6.3,24.047,20.597
267436_uff_e=675.67_out,-6.3,5.795,4.01
267436_uff_e=675.67_out,-6.3,9.767,2.27
267436_uff_e=675.67_out,-6.2,35.183,32.476
267436_uff_e=675.67_out,-6.2,22.766,21.037
275182_uff_e=937.99_out,-7.5,0.0,0.0
275182_uff_e=937.99_out,-7.4,12.547,6.277
275182_uff_e=937.99_out,-7.2,27.183,24.945
275182_uff_e=937.99_out,-7.0,10.208,5.849
275182_uff_e=937.99_out,-6.9,28.083,24.82
275182_uff_e=937.99_out,-6.9,28.307,24.597
275182_uff_e=937.99_out,-6.9,4.804,3.086
275182_uff_e=937.99_out,-6.9,6.814,2.138
275182_uff_e=937.99_out,-6.7,27.798,25.071
275196_uff_e=649.37_out,-6.3,0.0,0.0
275196_uff_e=649.37_out,-6.0,20.225,15.437
275196_uff_e=649.37_out,-5.9,21.167,17.869
275196_uff_e=649.37_out,-5.8,23.14,20.838
275196_uff_e=649.37_out,-5.8,19.141,17.062
275196_uff_e=649.37_out,-5.8,18.014,15.208
275196_uff_e=649.37_out,-5.8,22.449,20.546
275196_uff_e=649.37_out,-5.7,17.989,15.348
275196_uff_e=649.37_out,-5.7,18.782,16.743
275528_uff_e=386.84_out,-6.5,0.0,0.0
275528_uff_e=386.84_out,-6.5,21.766,19.987
275528_uff_e=386.84_out,-6.5,21.379,18.952
275528_uff_e=386.84_out,-6.3,23.753,22.065
275528_uff_e=386.84_out,-6.3,14.251,12.814
275528_uff_e=386.84_out,-6.2,24.934,23.068
275528_uff_e=386.84_out,-6.1,7.296,2.492
275528_uff_e=386.84_out,-6.0,25.238,23.093
275528_uff_e=386.84_out,-6.0,24.111,22.419
276389_uff_e=836.44_out,-6.1,0.0,0.0
276389_uff_e=836.44_out,-6.0,2.276,1.455
276389_uff_e=836.44_out,-5.9,24.96,22.857
276389_uff_e=836.44_out,-5.9,25.018,22.808
276389_uff_e=836.44_out,-5.8,10.788,5.878
276389_uff_e=836.44_out,-5.8,2.726,1.428
276389_uff_e=836.44_out,-5.8,5.172,2.302
276389_uff_e=836.44_out,-5.7,11.262,6.377
276389_uff_e=836.44_out,-5.7,10.607,7.189
279064_uff_e=471.25_out,-5.7,0.0,0.0
279064_uff_e=471.25_out,-5.7,16.881,13.967
279064_uff_e=471.25_out,-5.6,16.429,13.558
279064_uff_e=471.25_out,-5.6,12.984,11.003
279064_uff_e=471.25_out,-5.6,23.61,22.277
279064_uff_e=471.25_out,-5.6,24.006,21.844
279064_uff_e=471.25_out,-5.5,23.504,21.355
279064_uff_e=471.25_out,-5.5,12.732,10.913
279064_uff_e=471.25_out,-5.4,17.664,15.28
282529_uff_e=515.62_out,-7.2,0.0,0.0
282529_uff_e=515.62_out,-6.9,5.323,2.121
282529_uff_e=515.62_out,-6.8,4.83,2.167
282529_uff_e=515.62_out,-6.7,5.685,1.623
282529_uff_e=515.62_out,-6.5,3.735,1.835
282529_uff_e=515.62_out,-6.2,24.923,23.111
282529_uff_e=515.62_out,-6.1,22.938,22.03
282529_uff_e=515.62_out,-6.1,25.591,24.243
282529_uff_e=515.62_out,-5.9,4.583,2.561
289151_uff_e=534.45_out,-5.8,0.0,0.0
289151_uff_e=534.45_out,-5.8,3.971,1.045
289151_uff_e=534.45_out,-5.7,4.028,1.124
289151_uff_e=534.45_out,-5.6,2.322,1.184
289151_uff_e=534.45_out,-5.6,3.286,1.149
289151_uff_e=534.45_out,-5.6,3.721,1.199
289151_uff_e=534.45_out,-5.4,3.728,1.414
289151_uff_e=534.45_out,-5.4,3.277,1.343
289151_uff_e=534.45_out,-5.3,11.814,8.972
291096_uff_e=524.59_out,-6.9,0.0,0.0
291096_uff_e=524.59_out,-6.5,24.762,22.4
291096_uff_e=524.59_out,-6.5,4.415,2.427
291096_uff_e=524.59_out,-6.3,4.663,2.579
291096_uff_e=524.59_out,-6.2,5.074,1.749
291096_uff_e=524.59_out,-6.2,4.536,2.553
291096_uff_e=524.59_out,-6.2,4.806,1.833
291096_uff_e=524.59_out,-6.0,3.929,2.283
291096_uff_e=524.59_out,-6.0,23.254,21.782
294491_uff_e=4840.65_out,-7.0,0.0,0.0
294491_uff_e=4840.65_out,-6.9,13.417,9.149
294491_uff_e=4840.65_out,-6.7,7.207,2.263
294491_uff_e=4840.65_out,-6.5,13.241,8.971
294491_uff_e=4840.65_out,-6.3,18.706,15.56
294491_uff_e=4840.65_out,-6.3,13.292,10.178
294491_uff_e=4840.65_out,-6.2,24.389,23.04
294491_uff_e=4840.65_out,-6.2,22.326,20.41
294491_uff_e=4840.65_out,-6.2,25.01,23.357
312134_uff_e=672.02_out,-7.2,0.0,0.0
312134_uff_e=672.02_out,-7.1,4.38,1.82
312134_uff_e=672.02_out,-6.8,4.283,1.857
312134_uff_e=672.02_out,-6.1,4.997,1.729
312134_uff_e=672.02_out,-6.1,12.085,9.305
312134_uff_e=672.02_out,-6.0,4.599,2.009
312134_uff_e=672.02_out,-5.9,24.651,22.034
312134_uff_e=672.02_out,-5.8,12.802,8.562
312134_uff_e=672.02_out,-5.8,5.085,2.059
320372_uff_e=660.75_out,-7.2,0.0,0.0
320372_uff_e=660.75_out,-6.8,24.156,22.4
320372_uff_e=660.75_out,-6.7,21.637,19.515
320372_uff_e=660.75_out,-6.7,6.784,3.15
320372_uff_e=660.75_out,-6.5,6.187,2.956
320372_uff_e=660.75_out,-6.4,17.582,13.769
320372_uff_e=660.75_out,-6.3,15.468,11.191
320372_uff_e=660.75_out,-6.3,24.687,21.948
320372_uff_e=660.75_out,-6.2,23.949,22.221
325700_uff_e=623.89_out,-7.5,0.0,0.0
325700_uff_e=623.89_out,-7.4,21.748,19.654
325700_uff_e=623.89_out,-7.2,6.267,1.452
325700_uff_e=623.89_out,-7.2,6.742,3.163
325700_uff_e=623.89_out,-7.0,24.301,22.343
325700_uff_e=623.89_out,-7.0,21.806,19.735
325700_uff_e=623.89_out,-6.9,24.488,22.526
325700_uff_e=623.89_out,-6.9,24.699,22.016
325700_uff_e=623.89_out,-6.7,17.335,13.35
329983_uff_e=229.33_out,-5.1,0.0,0.0
329983_uff_e=229.33_out,-5.0,3.976,1.159
329983_uff_e=229.33_out,-4.9,3.743,2.38
329983_uff_e=229.33_out,-4.7,22.666,22.032
329983_uff_e=229.33_out,-4.7,22.665,21.721
329983_uff_e=229.33_out,-4.6,3.982,2.75
329983_uff_e=229.33_out,-4.6,3.653,2.616
329983_uff_e=229.33_out,-4.6,23.042,22.061
329983_uff_e=229.33_out,-4.6,4.535,2.506
330573_uff_e=126.95_out,-5.1,0.0,0.0
330573_uff_e=126.95_out,-5.1,3.577,2.323
330573_uff_e=126.95_out,-4.9,4.007,2.847
330573_uff_e=126.95_out,-4.8,2.553,1.674
330573_uff_e=126.95_out,-4.8,3.082,2.166
330573_uff_e=126.95_out,-4.8,3.687,2.586
330573_uff_e=126.95_out,-4.8,22.242,21.188
330573_uff_e=126.95_out,-4.8,4.51,1.666
330573_uff_e=126.95_out,-4.6,22.007,21.182
332427_uff_e=522.11_out,-6.5,0.0,0.0
332427_uff_e=522.11_out,-6.5,26.058,22.214
332427_uff_e=522.11_out,-6.3,21.536,17.961
332427_uff_e=522.11_out,-6.3,21.783,17.97
332427_uff_e=522.11_out,-6.2,20.275,17.442
332427_uff_e=522.11_out,-6.2,21.124,17.245
332427_uff_e=522.11_out,-6.1,19.526,15.3
332427_uff_e=522.11_out,-6.1,17.826,14.6
332427_uff_e=522.11_out,-6.0,26.738,22.528
333105_uff_e=395.67_out,-6.3,0.0,0.0
333105_uff_e=395.67_out,-5.9,2.843,1.094
333105_uff_e=395.67_out,-5.7,1.484,1.257
333105_uff_e=395.67_out,-5.6,23.13,21.167
333105_uff_e=395.67_out,-5.4,24.371,22.579
333105_uff_e=395.67_out,-5.3,23.274,21.811
333105_uff_e=395.67_out,-5.2,24.707,23.388
333105_uff_e=395.67_out,-5.2,4.55,2.577
333105_uff_e=395.67_out,-5.2,23.18,21.565
334704_uff_e=292.77_out,-6.5,0.0,0.0
334704_uff_e=292.77_out,-6.3,11.952,9.701
334704_uff_e=292.77_out,-6.1,11.835,10.823
334704_uff_e=292.77_out,-6.0,10.268,9.786
334704_uff_e=292.77_out,-6.0,25.681,23.02
334704_uff_e=292.77_out,-5.9,11.709,10.302
334704_uff_e=292.77_out,-5.9,6.776,1.56
334704_uff_e=292.77_out,-5.9,11.698,10.975
334704_uff_e=292.77_out,-5.8,25.897,22.642
336327_uff_e=323.96_out,-6.2,0.0,0.0
336327_uff_e=323.96_out,-6.0,4.069,3.418
336327_uff_e=323.96_out,-5.9,23.232,21.456
336327_uff_e=323.96_out,-5.9,5.839,2.971
336327_uff_e=323.96_out,-5.9,23.378,21.634
336327_uff_e=323.96_out,-5.8,5.918,3.66
336327_uff_e=323.96_out,-5.7,23.326,21.417
336327_uff_e=323.96_out,-5.7,18.018,16.115
336327_uff_e=323.96_out,-5.7,25.742,24.344
342737_uff_e=908.94_out,-6.7,0.0,0.0
342737_uff_e=908.94_out,-6.7,2.359,0.539
342737_uff_e=908.94_out,-6.6,9.662,0.898
342737_uff_e=908.94_out,-6.6,9.746,0.715
342737_uff_e=908.94_out,-6.5,23.165,19.748
342737_uff_e=908.94_out,-6.5,3.091,0.886
342737_uff_e=908.94_out,-6.5,9.493,0.998
342737_uff_e=908.94_out,-6.4,23.244,19.827
342737_uff_e=908.94_out,-6.4,1.974,0.647
343582_uff_e=223.09_out,-6.5,0.0,0.0
343582_uff_e=223.09_out,-6.4,23.564,22.579
343582_uff_e=223.09_out,-6.2,24.108,22.737
343582_uff_e=223.09_out,-6.1,23.86,22.816
343582_uff_e=223.09_out,-6.0,5.491,0.904
343582_uff_e=223.09_out,-6.0,20.356,18.215
343582_uff_e=223.09_out,-5.9,25.115,24.082
343582_uff_e=223.09_out,-5.8,22.49,20.479
343582_uff_e=223.09_out,-5.8,7.84,3.685
345501_uff_e=681.17_out,-6.6,0.0,0.0
345501_uff_e=681.17_out,-6.6,2.372,0.278
345501_uff_e=681.17_out,-6.5,24.555,22.831
345501_uff_e=681.17_out,-6.5,23.105,20.977
345501_uff_e=681.17_out,-6.4,24.524,22.857
345501_uff_e=681.17_out,-6.3,23.266,20.971
345501_uff_e=681.17_out,-6.1,24.952,21.945
345501_uff_e=681.17_out,-6.1,26.231,23.414
345501_uff_e=681.17_out,-6.1,26.21,23.266
345512_uff_e=512.38_out,-7.4,0.0,0.0
345512_uff_e=512.38_out,-6.9,25.305,23.416
345512_uff_e=512.38_out,-6.4,3.848,2.021
345512_uff_e=512.38_out,-6.3,3.875,2.479
345512_uff_e=512.38_out,-6.2,4.894,2.931
345512_uff_e=512.38_out,-6.2,25.612,22.865
345512_uff_e=512.38_out,-6.2,33.63,29.502
345512_uff_e=512.38_out,-6.2,26.07,22.941
345512_uff_e=512.38_out,-6.1,12.441,11.31
352542_uff_e=856.02_out,-6.9,0.0,0.0
352542_uff_e=856.02_out,-6.8,17.301,15.451
352542_uff_e=856.02_out,-6.7,9.587,7.21
352542_uff_e=856.02_out,-6.7,23.113,20.698
352542_uff_e=856.02_out,-6.7,9.594,6.819
352542_uff_e=856.02_out,-6.6,10.252,7.188
352542_uff_e=856.02_out,-6.6,5.828,1.707
352542_uff_e=856.02_out,-6.5,18.432,15.2
352542_uff_e=856.02_out,-6.4,3.938,1.756
353825_uff_e=469.62_out,-6.9,0.0,0.0
353825_uff_e=469.62_out,-6.8,24.696,23.302
353825_uff_e=469.62_out,-6.5,6.949,2.618
353825_uff_e=469.62_out,-6.3,6.749,3.548
353825_uff_e=469.62_out,-6.3,2.784,2.161
353825_uff_e=469.62_out,-6.2,5.535,3.196
353825_uff_e=469.62_out,-6.1,24.309,22.832
353825_uff_e=469.62_out,-6.1,6.207,3.289
353825_uff_e=469.62_out,-6.1,5.381,3.705
358901_uff_e=392.18_out,-5.3,0.0,0.0
358901_uff_e=392.18_out,-5.2,4.043,0.662
358901_uff_e=392.18_out,-5.0,25.704,23.258
358901_uff_e=392.18_out,-5.0,2.298,1.393
358901_uff_e=392.18_out,-5.0,6.247,1.681
358901_uff_e=392.18_out,-4.9,4.411,1.51
358901_uff_e=392.18_out,-4.9,7.0,1.625
358901_uff_e=392.18_out,-4.9,4.314,0.928
358901_uff_e=392.18_out,-4.9,1.884,0.959
360322_uff_e=301.99_out,-7.1,0.0,0.0
360322_uff_e=301.99_out,-7.0,6.835,3.107
360322_uff_e=301.99_out,-6.7,23.303,21.812
360322_uff_e=301.99_out,-6.7,24.071,23.187
360322_uff_e=301.99_out,-6.6,6.78,4.793
360322_uff_e=301.99_out,-6.5,23.922,22.883
360322_uff_e=301.99_out,-6.5,23.1,22.278
360322_uff_e=301.99_out,-6.5,24.671,22.787
360322_uff_e=301.99_out,-6.4,23.782,22.92
362568_uff_e=1040.69_out,-7.0,0.0,0.0
362568_uff_e=1040.69_out,-7.0,8.073,2.343
362568_uff_e=1040.69_out,-6.9,8.643,3.687
362568_uff_e=1040.69_out,-6.7,8.454,3.673
362568_uff_e=1040.69_out,-6.7,12.117,8.266
362568_uff_e=1040.69_out,-6.6,24.044,18.557
362568_uff_e=1040.69_out,-6.6,28.445,25.086
362568_uff_e=1040.69_out,-6.6,23.911,18.857
362568_uff_e=1040.69_out,-6.6,13.861,9.02
363275_uff_e=631.77_out,-6.7,0.0,0.0
363275_uff_e=631.77_out,-6.5,9.881,6.559
363275_uff_e=631.77_out,-6.5,11.391,8.019
363275_uff_e=631.77_out,-6.3,4.889,2.53
363275_uff_e=631.77_out,-6.2,11.873,9.49
363275_uff_e=631.77_out,-6.1,21.611,19.133
363275_uff_e=631.77_out,-6.1,23.305,21.052
363275_uff_e=631.77_out,-6.1,7.122,2.788
363275_uff_e=631.77_out,-6.1,22.858,19.913
369312_uff_e=120.53_out,-5.2,0.0,0.0
369312_uff_e=120.53_out,-5.2,4.79,2.64
369312_uff_e=120.53_out,-4.9,5.01,3.493
369312_uff_e=120.53_out,-4.8,3.332,2.083
369312_uff_e=120.53_out,-4.8,3.86,2.453
369312_uff_e=120.53_out,-4.8,5.342,3.133
369312_uff_e=120.53_out,-4.7,22.3,21.098
369312_uff_e=120.53_out,-4.7,4.737,2.865
369312_uff_e=120.53_out,-4.6,22.756,21.855
381152_uff_e=144.52_out,-5.6,0.0,0.0
381152_uff_e=144.52_out,-5.2,1.105,1.064
381152_uff_e=144.52_out,-5.2,3.964,1.201
381152_uff_e=144.52_out,-5.1,2.59,1.804
381152_uff_e=144.52_out,-4.9,5.068,2.358
381152_uff_e=144.52_out,-4.9,4.109,1.006
381152_uff_e=144.52_out,-4.9,3.577,2.27
381152_uff_e=144.52_out,-4.9,2.983,1.951
381152_uff_e=144.52_out,-4.8,4.51,1.641
390361_uff_e=443.84_out,-7.9,0.0,0.0
390361_uff_e=443.84_out,-7.6,6.803,2.468
390361_uff_e=443.84_out,-7.5,6.543,2.004
390361_uff_e=443.84_out,-7.2,2.195,1.852
390361_uff_e=443.84_out,-7.0,11.174,6.479
390361_uff_e=443.84_out,-6.9,25.213,23.279
390361_uff_e=443.84_out,-6.9,8.372,1.421
390361_uff_e=443.84_out,-6.9,26.428,23.211
390361_uff_e=443.84_out,-6.8,5.763,3.063
392421_uff_e=535.18_out,-7.3,0.0,0.0
392421_uff_e=535.18_out,-6.7,6.924,1.837
392421_uff_e=535.18_out,-6.5,23.999,20.767
392421_uff_e=535.18_out,-6.5,24.027,21.173
392421_uff_e=535.18_out,-6.4,10.547,6.705
392421_uff_e=535.18_out,-6.4,3.899,2.594
392421_uff_e=535.18_out,-6.3,6.75,2.251
392421_uff_e=535.18_out,-6.3,26.678,24.248
392421_uff_e=535.18_out,-6.2,7.045,2.108
394146_uff_e=294.51_out,-4.8,0.0,0.0
394146_uff_e=294.51_out,-4.7,4.137,1.486
394146_uff_e=294.51_out,-4.4,3.947,1.57
394146_uff_e=294.51_out,-4.4,2.733,1.891
394146_uff_e=294.51_out,-4.4,3.047,1.664
394146_uff_e=294.51_out,-4.4,3.812,1.633
394146_uff_e=294.51_out,-4.3,3.704,1.967
394146_uff_e=294.51_out,-4.3,22.475,21.716
394146_uff_e=294.51_out,-4.3,2.288,1.832
394162_uff_e=501.68_out,-6.1,0.0,0.0
394162_uff_e=501.68_out,-6.1,15.968,12.488
394162_uff_e=501.68_out,-5.9,10.046,7.197
394162_uff_e=501.68_out,-5.9,10.628,7.701
394162_uff_e=501.68_out,-5.7,23.03,20.455
394162_uff_e=501.68_out,-5.6,22.801,20.213
394162_uff_e=501.68_out,-5.6,23.979,22.414
394162_uff_e=501.68_out,-5.5,27.065,25.215
394162_uff_e=501.68_out,-5.5,16.085,12.727
394846_uff_e=492.62_out,-6.2,0.0,0.0
394846_uff_e=492.62_out,-6.1,24.278,21.494
394846_uff_e=492.62_out,-6.0,5.104,2.374
394846_uff_e=492.62_out,-5.9,24.741,22.905
394846_uff_e=492.62_out,-5.9,24.278,21.681
394846_uff_e=492.62_out,-5.9,6.763,4.518
394846_uff_e=492.62_out,-5.8,11.824,9.54
394846_uff_e=492.62_out,-5.7,23.454,21.016
394846_uff_e=492.62_out,-5.7,11.868,9.541
398937_uff_e=554.33_out,-6.6,0.0,0.0
398937_uff_e=554.33_out,-6.6,5.161,2.51
398937_uff_e=554.33_out,-6.4,23.5,21.989
398937_uff_e=554.33_out,-6.3,23.99,21.89
398937_uff_e=554.33_out,-6.2,11.693,9.705
398937_uff_e=554.33_out,-6.1,26.245,24.804
398937_uff_e=554.33_out,-6.1,5.263,2.908
398937_uff_e=554.33_out,-6.0,23.489,21.33
398937_uff_e=554.33_out,-5.9,10.345,8.281
420422_uff_e=566.05_out,-5.7,0.0,0.0
420422_uff_e=566.05_out,-5.5,24.509,21.343
420422_uff_e=566.05_out,-5.4,23.627,22.099
420422_uff_e=566.05_out,-5.4,7.666,2.854
420422_uff_e=566.05_out,-5.3,13.783,12.073
420422_uff_e=566.05_out,-5.3,7.401,2.762
420422_uff_e=566.05_out,-5.3,18.065,15.313
420422_uff_e=566.05_out,-5.3,19.359,17.5
420422_uff_e=566.05_out,-5.3,23.841,22.327
431734_uff_e=319.26_out,-5.1,0.0,0.0
431734_uff_e=319.26_out,-5.0,21.973,21.127
431734_uff_e=319.26_out,-4.8,10.811,9.845
431734_uff_e=319.26_out,-4.8,11.665,10.611
431734_uff_e=319.26_out,-4.7,3.751,2.331
431734_uff_e=319.26_out,-4.7,2.356,1.485
431734_uff_e=319.26_out,-4.6,11.28,10.106
431734_uff_e=319.26_out,-4.6,11.072,9.989
431734_uff_e=319.26_out,-4.6,2.777,1.865
439227_uff_e=63.10_out,-4.6,0.0,0.0
439227_uff_e=63.10_out,-4.4,10.567,9.472
439227_uff_e=63.10_out,-4.3,20.093,19.2
439227_uff_e=63.10_out,-4.3,3.657,2.834
439227_uff_e=63.10_out,-4.2,11.809,10.764
439227_uff_e=63.10_out,-4.2,11.376,10.331
439227_uff_e=63.10_out,-4.1,10.918,10.213
439227_uff_e=63.10_out,-4.0,11.706,10.997
439227_uff_e=63.10_out,-4.0,19.763,19.371
439246_uff_e=195.58_out,-6.7,0.0,0.0
439246_uff_e=195.58_out,-6.5,5.424,4.147
439246_uff_e=195.58_out,-6.5,6.564,3.167
439246_uff_e=195.58_out,-6.4,24.279,22.654
439246_uff_e=195.58_out,-6.3,23.809,22.655
439246_uff_e=195.58_out,-6.2,23.56,21.57
439246_uff_e=195.58_out,-6.2,23.892,22.858
439246_uff_e=195.58_out,-6.2,21.766,19.962
439246_uff_e=195.58_out,-6.2,7.177,1.868
439250_uff_e=102.36_out,-5.2,0.0,0.0
439250_uff_e=102.36_out,-5.1,4.484,1.575
439250_uff_e=102.36_out,-5.1,4.431,2.469
439250_uff_e=102.36_out,-5.0,1.918,0.983
439250_uff_e=102.36_out,-4.9,4.697,1.145
439250_uff_e=102.36_out,-4.8,3.118,1.495
439250_uff_e=102.36_out,-4.6,4.523,1.184
439250_uff_e=102.36_out,-4.5,23.082,22.037
439250_uff_e=102.36_out,-4.5,3.33,1.522
439263_uff_e=99.81_out,-5.0,0.0,0.0
439263_uff_e=99.81_out,-4.7,4.518,1.137
439263_uff_e=99.81_out,-4.6,4.178,2.483
439263_uff_e=99.81_out,-4.5,3.387,1.645
439263_uff_e=99.81_out,-4.4,24.731,23.35
439263_uff_e=99.81_out,-4.4,3.173,1.647
439263_uff_e=99.81_out,-4.4,10.536,9.087
439263_uff_e=99.81_out,-4.4,24.729,23.05
439263_uff_e=99.81_out,-4.3,3.914,2.094
439310_uff_e=213.91_out,-6.5,0.0,0.0
439310_uff_e=213.91_out,-6.2,7.214,4.049
439310_uff_e=213.91_out,-6.0,23.907,21.921
439310_uff_e=213.91_out,-6.0,3.124,2.172
439310_uff_e=213.91_out,-6.0,24.652,23.289
439310_uff_e=213.91_out,-5.9,13.372,11.279
439310_uff_e=213.91_out,-5.9,6.91,4.135
439310_uff_e=213.91_out,-5.8,2.959,2.716
439310_uff_e=213.91_out,-5.8,6.851,3.907
439329_uff_e=791.32_out,-6.6,0.0,0.0
439329_uff_e=791.32_out,-6.4,11.414,9.063
439329_uff_e=791.32_out,-6.3,24.127,22.53
439329_uff_e=791.32_out,-6.3,5.147,2.117
439329_uff_e=791.32_out,-6.2,12.764,9.617
439329_uff_e=791.32_out,-6.1,3.351,2.245
439329_uff_e=791.32_out,-6.1,9.696,7.489
439329_uff_e=791.32_out,-6.1,4.526,2.428
439329_uff_e=791.32_out,-6.0,5.092,2.667
439410_uff_e=126.19_out,-5.0,0.0,0.0
439410_uff_e=126.19_out,-5.0,2.481,1.698
439410_uff_e=126.19_out,-4.8,4.422,2.388
439410_uff_e=126.19_out,-4.7,3.21,1.789
439410_uff_e=126.19_out,-4.6,4.715,1.667
439410_uff_e=126.19_out,-4.5,23.84,22.292
439410_uff_e=126.19_out,-4.5,3.727,1.716
439410_uff_e=126.19_out,-4.4,22.579,21.426
439410_uff_e=126.19_out,-4.3,22.748,21.776
439501_uff_e=1007.70_out,-7.3,0.0,0.0
439501_uff_e=1007.70_out,-7.3,9.863,2.245
439501_uff_e=1007.70_out,-7.3,3.177,1.858
439501_uff_e=1007.70_out,-7.2,9.851,2.288
439501_uff_e=1007.70_out,-6.9,24.456,22.371
439501_uff_e=1007.70_out,-6.8,22.827,20.854
439501_uff_e=1007.70_out,-6.6,22.748,20.803
439501_uff_e=1007.70_out,-6.6,11.018,3.157
439501_uff_e=1007.70_out,-6.6,11.057,3.086
439514_uff_e=413.16_out,-6.6,0.0,0.0
439514_uff_e=413.16_out,-6.4,16.943,13.765
439514_uff_e=413.16_out,-6.3,12.0,9.187
439514_uff_e=413.16_out,-6.3,17.917,14.089
439514_uff_e=413.16_out,-6.2,21.374,19.746
439514_uff_e=413.16_out,-6.2,17.006,13.378
439514_uff_e=413.16_out,-6.1,17.099,14.539
439514_uff_e=413.16_out,-6.1,11.717,7.801
439514_uff_e=413.16_out,-6.1,16.857,14.092
439533_uff_e=238.20_out,-6.5,0.0,0.0
439533_uff_e=238.20_out,-6.4,2.729,2.031
439533_uff_e=238.20_out,-6.3,6.902,1.662
439533_uff_e=238.20_out,-6.3,10.568,7.593
439533_uff_e=238.20_out,-6.3,25.016,22.818
439533_uff_e=238.20_out,-6.2,22.704,21.493
439533_uff_e=238.20_out,-6.2,9.163,6.551
439533_uff_e=238.20_out,-6.1,22.582,21.291
439533_uff_e=238.20_out,-6.1,9.598,6.379
439551_uff_e=836.25_out,-6.6,0.0,0.0
439551_uff_e=836.25_out,-6.6,24.485,22.241
439551_uff_e=836.25_out,-6.3,24.385,22.999
439551_uff_e=836.25_out,-6.2,24.793,22.956
439551_uff_e=836.25_out,-6.2,24.409,22.964
439551_uff_e=836.25_out,-6.2,24.225,22.909
439551_uff_e=836.25_out,-6.2,23.889,20.591
439551_uff_e=836.25_out,-6.1,24.39,22.339
439551_uff_e=836.25_out,-6.0,25.194,23.684
439568_uff_e=467.95_out,-4.6,0.0,0.0
439568_uff_e=467.95_out,-4.5,2.935,1.465
439568_uff_e=467.95_out,-4.4,11.596,9.951
439568_uff_e=467.95_out,-4.4,2.196,1.364
439568_uff_e=467.95_out,-4.3,2.509,1.074
439568_uff_e=467.95_out,-4.3,11.605,9.932
439568_uff_e=467.95_out,-4.3,11.384,9.808
439568_uff_e=467.95_out,-4.3,3.016,1.401
439568_uff_e=467.95_out,-4.2,10.875,9.495
439569_uff_e=473.87_out,-4.5,0.0,0.0
439569_uff_e=473.87_out,-4.4,2.277,1.358
439569_uff_e=473.87_out,-4.4,11.85,10.572
439569_uff_e=473.87_out,-4.4,3.089,1.336
439569_uff_e=473.87_out,-4.3,2.906,1.614
439569_uff_e=473.87_out,-4.3,12.201,10.752
439569_uff_e=473.87_out,-4.3,12.175,10.861
439569_uff_e=473.87_out,-4.2,2.493,1.167
439569_uff_e=473.87_out,-4.2,12.439,11.032
439570_uff_e=108.72_out,-5.2,0.0,0.0
439570_uff_e=108.72_out,-5.2,4.752,2.684
439570_uff_e=108.72_out,-5.1,5.032,2.471
439570_uff_e=108.72_out,-5.0,2.143,1.456
439570_uff_e=108.72_out,-5.0,4.439,2.131
439570_uff_e=108.72_out,-4.9,3.37,2.22
439570_uff_e=108.72_out,-4.8,21.134,20.802
439570_uff_e=108.72_out,-4.7,3.155,1.837
439570_uff_e=108.72_out,-4.7,23.445,21.921
439592_uff_e=1389.94_out,-5.4,0.0,0.0
439592_uff_e=1389.94_out,-5.2,2.598,1.451
439592_uff_e=1389.94_out,-5.1,2.264,1.596
439592_uff_e=1389.94_out,-5.0,3.38,2.178
439592_uff_e=1389.94_out,-5.0,4.224,2.282
439592_uff_e=1389.94_out,-4.9,21.544,20.298
439592_uff_e=1389.94_out,-4.8,4.055,2.902
439592_uff_e=1389.94_out,-4.7,4.27,2.258
439592_uff_e=1389.94_out,-4.7,5.035,3.237
439612_uff_e=349.08_out,-5.8,0.0,0.0
439612_uff_e=349.08_out,-5.7,24.698,21.543
439612_uff_e=349.08_out,-5.6,2.154,1.588
439612_uff_e=349.08_out,-5.5,11.516,8.238
439612_uff_e=349.08_out,-5.5,3.924,2.016
439612_uff_e=349.08_out,-5.4,25.109,21.877
439612_uff_e=349.08_out,-5.4,24.328,21.843
439612_uff_e=349.08_out,-5.4,25.069,22.3
439612_uff_e=349.08_out,-5.4,3.18,2.061
439635_uff_e=820.48_out,-6.5,0.0,0.0
439635_uff_e=820.48_out,-6.3,25.188,22.705
439635_uff_e=820.48_out,-6.3,11.801,8.692
439635_uff_e=820.48_out,-6.3,2.845,2.216
439635_uff_e=820.48_out,-6.2,9.677,6.77
439635_uff_e=820.48_out,-6.2,9.786,6.751
439635_uff_e=820.48_out,-6.2,5.257,1.752
439635_uff_e=820.48_out,-6.2,9.987,7.955
439635_uff_e=820.48_out,-6.1,4.87,2.574
439653_uff_e=417.31_out,-6.7,0.0,0.0
439653_uff_e=417.31_out,-6.2,6.989,3.664
439653_uff_e=417.31_out,-6.1,21.94,18.594
439653_uff_e=417.31_out,-6.0,3.397,2.594
439653_uff_e=417.31_out,-6.0,20.357,17.236
439653_uff_e=417.31_out,-5.8,5.866,3.257
439653_uff_e=417.31_out,-5.8,20.315,17.41
439653_uff_e=417.31_out,-5.8,24.47,22.938
439653_uff_e=417.31_out,-5.8,19.476,17.347
439654_uff_e=436.72_out,-6.4,0.0,0.0
439654_uff_e=436.72_out,-6.4,22.402,20.846
439654_uff_e=436.72_out,-6.3,7.747,1.281
439654_uff_e=436.72_out,-6.3,7.995,1.677
439654_uff_e=436.72_out,-6.1,21.032,19.279
439654_uff_e=436.72_out,-6.1,25.087,23.867
439654_uff_e=436.72_out,-6.1,24.334,21.917
439654_uff_e=436.72_out,-6.1,23.729,20.978
439654_uff_e=436.72_out,-6.1,26.942,25.593
439696_uff_e=109.61_out,-5.2,0.0,0.0
439696_uff_e=109.61_out,-5.1,2.48,1.875
439696_uff_e=109.61_out,-5.1,2.338,1.49
439696_uff_e=109.61_out,-5.0,4.429,1.425
439696_uff_e=109.61_out,-4.8,4.903,2.971
439696_uff_e=109.61_out,-4.8,3.466,2.284
439696_uff_e=109.61_out,-4.6,4.697,2.783
439696_uff_e=109.61_out,-4.6,22.26,20.981
439696_uff_e=109.61_out,-4.4,11.679,10.296
439711_uff_e=438.84_out,-5.0,0.0,0.0
439711_uff_e=438.84_out,-4.9,3.261,0.902
439711_uff_e=438.84_out,-4.7,2.171,1.145
439711_uff_e=438.84_out,-4.6,13.19,11.899
439711_uff_e=438.84_out,-4.6,11.652,10.163
439711_uff_e=438.84_out,-4.5,11.65,10.227
439711_uff_e=438.84_out,-4.5,12.165,10.844
439711_uff_e=438.84_out,-4.4,2.939,1.554
439711_uff_e=438.84_out,-4.4,12.235,10.885
439733_uff_e=110.02_out,-5.3,0.0,0.0
439733_uff_e=110.02_out,-5.2,2.798,2.129
439733_uff_e=110.02_out,-5.0,2.165,1.569
439733_uff_e=110.02_out,-4.8,20.794,19.119
439733_uff_e=110.02_out,-4.8,3.309,2.182
439733_uff_e=110.02_out,-4.7,4.792,2.357
439733_uff_e=110.02_out,-4.6,4.659,2.698
439733_uff_e=110.02_out,-4.6,22.279,21.37
439733_uff_e=110.02_out,-4.6,4.532,1.658
439768_uff_e=539.89_out,-6.0,0.0,0.0
439768_uff_e=539.89_out,-6.0,4.094,3.115
439768_uff_e=539.89_out,-5.7,3.925,2.667
439768_uff_e=539.89_out,-5.7,3.469,2.443
439768_uff_e=539.89_out,-5.5,5.958,3.623
439768_uff_e=539.89_out,-5.5,11.32,10.004
439768_uff_e=539.89_out,-5.5,24.728,23.454
439768_uff_e=539.89_out,-5.5,12.265,10.908
439768_uff_e=539.89_out,-5.4,13.203,11.222
439770_uff_e=739.41_out,-7.0,0.0,0.0
439770_uff_e=739.41_out,-6.7,2.303,1.477
439770_uff_e=739.41_out,-6.6,23.199,18.733
439770_uff_e=739.41_out,-6.5,23.356,20.302
439770_uff_e=739.41_out,-6.4,4.752,2.614
439770_uff_e=739.41_out,-6.2,28.546,25.772
439770_uff_e=739.41_out,-6.1,23.881,20.12
439770_uff_e=739.41_out,-6.1,24.068,21.422
439770_uff_e=739.41_out,-6.0,7.851,1.742
439783_uff_e=748.49_out,-6.2,0.0,0.0
439783_uff_e=748.49_out,-6.0,5.163,2.429
439783_uff_e=748.49_out,-5.9,25.973,23.298
439783_uff_e=748.49_out,-5.8,5.77,2.257
439783_uff_e=748.49_out,-5.8,4.188,2.605
439783_uff_e=748.49_out,-5.7,10.999,7.827
439783_uff_e=748.49_out,-5.7,25.28,23.331
439783_uff_e=748.49_out,-5.7,12.149,9.371
439783_uff_e=748.49_out,-5.6,26.757,23.224
439784_uff_e=214.62_out,-6.4,0.0,0.0
439784_uff_e=214.62_out,-6.2,23.663,21.366
439784_uff_e=214.62_out,-6.1,23.75,20.982
439784_uff_e=214.62_out,-5.9,22.901,20.969
439784_uff_e=214.62_out,-5.9,7.052,3.863
439784_uff_e=214.62_out,-5.8,6.915,4.291
439784_uff_e=214.62_out,-5.8,26.984,25.735
439784_uff_e=214.62_out,-5.7,24.762,22.799
439784_uff_e=214.62_out,-5.7,22.029,21.063
439800_uff_e=2139.79_out,-4.8,0.0,0.0
439800_uff_e=2139.79_out,-4.6,2.797,1.147
439800_uff_e=2139.79_out,-4.5,2.623,1.72
439800_uff_e=2139.79_out,-4.5,11.617,10.386
439800_uff_e=2139.79_out,-4.4,3.182,1.736
439800_uff_e=2139.79_out,-4.4,12.772,11.314
439800_uff_e=2139.79_out,-4.4,12.023,10.991
439800_uff_e=2139.79_out,-4.3,2.592,1.339
439800_uff_e=2139.79_out,-4.2,26.175,25.147
439845_uff_e=245.08_out,-6.8,0.0,0.0
439845_uff_e=245.08_out,-6.6,22.899,22.134
439845_uff_e=245.08_out,-6.6,21.049,20.328
439845_uff_e=245.08_out,-6.5,21.891,20.34
439845_uff_e=245.08_out,-6.5,6.05,3.714
439845_uff_e=245.08_out,-6.4,23.813,21.649
439845_uff_e=245.08_out,-6.4,5.825,3.416
439845_uff_e=245.08_out,-6.4,2.485,1.803
439845_uff_e=245.08_out,-6.4,11.111,10.014
439937_uff_e=1162.18_out,-5.4,0.0,0.0
439937_uff_e=1162.18_out,-5.3,22.695,21.121
439937_uff_e=1162.18_out,-5.3,16.707,14.665
439937_uff_e=1162.18_out,-5.2,24.669,23.126
439937_uff_e=1162.18_out,-5.2,2.238,1.155
439937_uff_e=1162.18_out,-5.1,22.886,21.29
439937_uff_e=1162.18_out,-5.1,16.455,15.122
439937_uff_e=1162.18_out,-5.1,12.824,11.014
439937_uff_e=1162.18_out,-5.0,22.474,20.514
439972_uff_e=482.95_out,-6.7,0.0,0.0
439972_uff_e=482.95_out,-6.7,23.009,21.598
439972_uff_e=482.95_out,-6.6,23.576,21.751
439972_uff_e=482.95_out,-6.5,24.624,22.741
439972_uff_e=482.95_out,-6.1,24.658,21.941
439972_uff_e=482.95_out,-6.0,25.023,23.226
439972_uff_e=482.95_out,-6.0,22.311,17.876
439972_uff_e=482.95_out,-6.0,24.721,23.04
439972_uff_e=482.95_out,-5.9,5.224,3.144
439976_uff_e=492.01_out,-6.0,0.0,0.0
439976_uff_e=492.01_out,-6.0,21.586,17.51
439976_uff_e=492.01_out,-5.8,26.264,23.299
439976_uff_e=492.01_out,-5.7,25.906,23.006
439976_uff_e=492.01_out,-5.6,25.725,23.11
439976_uff_e=492.01_out,-5.6,4.859,2.734
439976_uff_e=492.01_out,-5.5,23.076,20.453
439976_uff_e=492.01_out,-5.5,25.126,22.827
439976_uff_e=492.01_out,-5.4,24.454,22.76
440047_uff_e=197.87_out,-7.1,0.0,0.0
440047_uff_e=197.87_out,-6.7,6.892,0.998
440047_uff_e=197.87_out,-6.3,5.897,4.007
440047_uff_e=197.87_out,-6.3,6.851,1.649
440047_uff_e=197.87_out,-6.2,24.085,22.461
440047_uff_e=197.87_out,-6.2,6.031,3.686
440047_uff_e=197.87_out,-6.0,5.723,3.889
440047_uff_e=197.87_out,-5.9,2.648,1.573
440047_uff_e=197.87_out,-5.9,23.164,21.737
440051_uff_e=860.67_out,-6.8,0.0,0.0
440051_uff_e=860.67_out,-6.6,24.908,23.37
440051_uff_e=860.67_out,-6.3,25.03,23.759
440051_uff_e=860.67_out,-6.3,26.12,24.629
440051_uff_e=860.67_out,-6.2,23.829,21.908
440051_uff_e=860.67_out,-6.2,24.685,23.261
440051_uff_e=860.67_out,-6.1,23.8,20.399
440051_uff_e=860.67_out,-6.1,24.477,23.299
440051_uff_e=860.67_out,-6.1,20.685,18.012
440073_uff_e=283.23_out,-7.1,0.0,0.0
440073_uff_e=283.23_out,-6.2,2.577,1.934
440073_uff_e=283.23_out,-6.1,25.166,22.736
440073_uff_e=283.23_out,-6.1,12.166,9.527
440073_uff_e=283.23_out,-6.0,10.834,7.916
440073_uff_e=283.23_out,-6.0,14.225,11.944
440073_uff_e=283.23_out,-6.0,5.649,2.967
440073_uff_e=283.23_out,-5.9,22.703,21.305
440073_uff_e=283.23_out,-5.9,10.191,7.576
440229_uff_e=502.69_out,-6.4,0.0,0.0
440229_uff_e=502.69_out,-6.4,23.972,21.089
440229_uff_e=502.69_out,-6.3,7.766,1.459
440229_uff_e=502.69_out,-6.2,24.972,24.105
440229_uff_e=502.69_out,-6.2,23.201,21.604
440229_uff_e=502.69_out,-6.1,22.53,19.804
440229_uff_e=502.69_out,-6.1,14.734,13.058
440229_uff_e=502.69_out,-6.1,23.583,22.227
440229_uff_e=502.69_out,-6.1,22.123,19.069
440453_uff_e=816.88_out,-7.4,0.0,0.0
440453_uff_e=816.88_out,-7.3,26.093,22.587
440453_uff_e=816.88_out,-7.3,7.872,5.878
440453_uff_e=816.88_out,-7.3,4.635,2.408
440453_uff_e=816.88_out,-7.2,26.563,24.562
440453_uff_e=816.88_out,-7.2,9.49,1.748
440453_uff_e=816.88_out,-7.2,22.578,19.372
440453_uff_e=816.88_out,-7.0,25.751,24.261
440453_uff_e=816.88_out,-7.0,8.983,1.783
440454_uff_e=1038.89_out,-8.2,0.0,0.0
440454_uff_e=1038.89_out,-8.1,6.683,3.629
440454_uff_e=1038.89_out,-8.1,22.212,18.361
440454_uff_e=1038.89_out,-8.1,1.993,1.668
440454_uff_e=1038.89_out,-7.8,26.44,22.734
440454_uff_e=1038.89_out,-7.8,26.06,22.188
440454_uff_e=1038.89_out,-7.6,27.555,24.912
440454_uff_e=1038.89_out,-7.6,31.857,28.629
440454_uff_e=1038.89_out,-7.6,13.648,6.684
440582_uff_e=460.24_out,-7.1,0.0,0.0
440582_uff_e=460.24_out,-6.8,22.2,19.633
440582_uff_e=460.24_out,-6.7,23.75,22.995
440582_uff_e=460.24_out,-6.6,7.708,1.421
440582_uff_e=460.24_out,-6.5,21.771,20.771
440582_uff_e=460.24_out,-6.5,20.781,19.308
440582_uff_e=460.24_out,-6.4,20.642,18.777
440582_uff_e=460.24_out,-6.4,13.929,11.972
440582_uff_e=460.24_out,-6.4,24.108,22.722
440583_uff_e=487.12_out,-7.7,0.0,0.0
440583_uff_e=487.12_out,-7.4,22.163,19.69
440583_uff_e=487.12_out,-7.1,18.855,15.584
440583_uff_e=487.12_out,-7.0,21.347,20.501
440583_uff_e=487.12_out,-6.9,26.083,24.351
440583_uff_e=487.12_out,-6.8,25.297,24.052
440583_uff_e=487.12_out,-6.7,23.065,20.576
440583_uff_e=487.12_out,-6.6,8.149,2.153
440583_uff_e=487.12_out,-6.6,19.438,18.056
440584_uff_e=348.12_out,-6.6,0.0,0.0
440584_uff_e=348.12_out,-6.4,24.039,23.039
440584_uff_e=348.12_out,-6.1,23.118,21.984
440584_uff_e=348.12_out,-6.0,24.478,22.609
440584_uff_e=348.12_out,-6.0,23.915,22.938
440584_uff_e=348.12_out,-6.0,20.17,18.114
440584_uff_e=348.12_out,-6.0,3.037,2.189
440584_uff_e=348.12_out,-5.9,4.62,3.642
440584_uff_e=348.12_out,-5.8,19.645,17.358
440585_uff_e=765.23_out,-8.4,0.0,0.0
440585_uff_e=765.23_out,-8.0,2.062,1.418
440585_uff_e=765.23_out,-7.8,27.994,25.862
440585_uff_e=765.23_out,-7.8,30.576,27.179
440585_uff_e=765.23_out,-7.8,27.682,24.985
440585_uff_e=765.23_out,-7.7,12.735,6.743
440585_uff_e=765.23_out,-7.7,29.264,26.266
440585_uff_e=765.23_out,-7.7,28.938,26.285
440585_uff_e=765.23_out,-7.7,27.557,23.097
440586_uff_e=436.01_out,-6.6,0.0,0.0
440586_uff_e=436.01_out,-6.4,19.486,16.059
440586_uff_e=436.01_out,-6.3,7.63,3.241
440586_uff_e=436.01_out,-6.3,19.75,15.807
440586_uff_e=436.01_out,-6.2,4.584,2.975
440586_uff_e=436.01_out,-6.2,7.257,3.234
440586_uff_e=436.01_out,-6.1,7.304,4.597
440586_uff_e=436.01_out,-5.9,33.517,31.357
440586_uff_e=436.01_out,-5.9,7.299,1.882
440587_uff_e=651.96_out,-7.2,0.0,0.0
440587_uff_e=651.96_out,-7.1,5.618,3.339
440587_uff_e=651.96_out,-7.0,23.904,20.308
440587_uff_e=651.96_out,-7.0,5.433,3.826
440587_uff_e=651.96_out,-6.9,6.545,2.542
440587_uff_e=651.96_out,-6.9,26.887,24.367
440587_uff_e=651.96_out,-6.8,8.817,3.503
440587_uff_e=651.96_out,-6.7,25.501,22.969
440587_uff_e=651.96_out,-6.7,4.002,2.127
440588_uff_e=732.23_out,-7.5,0.0,0.0
440588_uff_e=732.23_out,-7.2,24.783,22.546
440588_uff_e=732.23_out,-6.9,25.659,24.201
440588_uff_e=732.23_out,-6.8,3.873,1.846
440588_uff_e=732.23_out,-6.7,14.796,10.206
440588_uff_e=732.23_out,-6.7,25.223,23.164
440588_uff_e=732.23_out,-6.7,15.979,11.566
440588_uff_e=732.23_out,-6.7,11.323,7.36
440588_uff_e=732.23_out,-6.6,15.658,11.317
440589_uff_e=712.69_out,-7.6,0.0,0.0
440589_uff_e=712.69_out,-7.0,24.815,22.435
440589_uff_e=712.69_out,-6.8,24.213,22.754
440589_uff_e=712.69_out,-6.8,25.298,24.048
440589_uff_e=712.69_out,-6.8,14.765,10.275
440589_uff_e=712.69_out,-6.8,25.066,23.609
440589_uff_e=712.69_out,-6.7,19.144,14.781
440589_uff_e=712.69_out,-6.7,14.393,9.594
440589_uff_e=712.69_out,-6.6,11.805,8.52
440591_uff_e=352.11_out,-6.7,0.0,0.0
440591_uff_e=352.11_out,-6.3,23.885,22.82
440591_uff_e=352.11_out,-6.3,23.925,22.507
440591_uff_e=352.11_out,-6.1,7.075,2.042
440591_uff_e=352.11_out,-6.1,20.11,18.019
440591_uff_e=352.11_out,-6.0,20.975,19.143
440591_uff_e=352.11_out,-6.0,23.082,20.771
440591_uff_e=352.11_out,-6.0,3.073,2.066
440591_uff_e=352.11_out,-5.9,21.448,18.678
440595_uff_e=346.36_out,-6.8,0.0,0.0
440595_uff_e=346.36_out,-6.4,20.249,17.778
440595_uff_e=346.36_out,-6.3,19.968,16.234
440595_uff_e=346.36_out,-6.3,23.637,22.582
440595_uff_e=346.36_out,-6.2,24.304,22.454
440595_uff_e=346.36_out,-6.2,23.963,22.048
440595_uff_e=346.36_out,-6.1,23.176,22.027
440595_uff_e=346.36_out,-6.0,4.575,2.827
440595_uff_e=346.36_out,-5.9,24.46,22.864
440596_uff_e=630.45_out,-7.3,0.0,0.0
440596_uff_e=630.45_out,-7.2,22.884,20.883
440596_uff_e=630.45_out,-7.1,24.901,24.102
440596_uff_e=630.45_out,-7.1,23.073,19.854
440596_uff_e=630.45_out,-7.0,21.172,17.979
440596_uff_e=630.45_out,-6.9,2.762,1.815
440596_uff_e=630.45_out,-6.8,25.038,24.283
440596_uff_e=630.45_out,-6.8,26.668,24.439
440596_uff_e=630.45_out,-6.7,13.814,11.525
440631_uff_e=799.92_out,-7.5,0.0,0.0
440631_uff_e=799.92_out,-6.7,11.478,7.363
440631_uff_e=799.92_out,-6.6,7.684,1.838
440631_uff_e=799.92_out,-6.6,14.834,10.526
440631_uff_e=799.92_out,-6.6,12.935,10.025
440631_uff_e=799.92_out,-6.5,13.074,9.485
440631_uff_e=799.92_out,-6.5,4.067,1.902
440631_uff_e=799.92_out,-6.4,26.061,24.591
440631_uff_e=799.92_out,-6.4,11.858,9.624
440735_uff_e=202.52_out,-6.7,0.0,0.0
440735_uff_e=202.52_out,-6.6,23.326,21.553
440735_uff_e=202.52_out,-6.6,23.863,21.769
440735_uff_e=202.52_out,-6.5,6.761,3.059
440735_uff_e=202.52_out,-6.5,23.558,21.549
440735_uff_e=202.52_out,-6.4,6.969,2.443
440735_uff_e=202.52_out,-6.4,7.705,5.018
440735_uff_e=202.52_out,-6.4,21.013,17.932
440735_uff_e=202.52_out,-6.3,21.019,18.443
440832_uff_e=337.54_out,-6.4,0.0,0.0
440832_uff_e=337.54_out,-6.2,6.833,2.675
440832_uff_e=337.54_out,-6.2,6.428,3.929
440832_uff_e=337.54_out,-6.1,25.836,23.288
440832_uff_e=337.54_out,-6.1,5.251,3.985
440832_uff_e=337.54_out,-6.0,25.262,23.049
440832_uff_e=337.54_out,-6.0,10.053,6.881
440832_uff_e=337.54_out,-6.0,3.728,1.872
440832_uff_e=337.54_out,-5.9,24.524,23.071
440833_uff_e=287.93_out,-7.0,0.0,0.0
440833_uff_e=287.93_out,-6.2,14.131,11.715
440833_uff_e=287.93_out,-6.2,2.632,1.889
440833_uff_e=287.93_out,-6.1,11.655,8.746
440833_uff_e=287.93_out,-6.1,11.249,8.172
440833_uff_e=287.93_out,-5.9,22.654,21.239
440833_uff_e=287.93_out,-5.9,13.318,11.252
440833_uff_e=287.93_out,-5.8,4.755,2.462
440833_uff_e=287.93_out,-5.8,4.567,2.376
440834_uff_e=210.02_out,-6.5,0.0,0.0
440834_uff_e=210.02_out,-6.5,23.292,21.722
440834_uff_e=210.02_out,-6.3,7.202,1.602
440834_uff_e=210.02_out,-6.3,4.708,2.891
440834_uff_e=210.02_out,-6.3,22.878,21.238
440834_uff_e=210.02_out,-6.3,7.058,2.251
440834_uff_e=210.02_out,-6.3,11.399,9.934
440834_uff_e=210.02_out,-6.3,23.399,21.63
440834_uff_e=210.02_out,-6.2,10.606,9.047
440835_uff_e=244.86_out,-6.5,0.0,0.0
440835_uff_e=244.86_out,-6.3,11.483,9.964
440835_uff_e=244.86_out,-6.3,21.993,19.703
440835_uff_e=244.86_out,-6.2,11.898,8.864
440835_uff_e=244.86_out,-6.2,7.056,1.381
440835_uff_e=244.86_out,-6.2,5.289,2.788
440835_uff_e=244.86_out,-6.2,4.989,2.948
440835_uff_e=244.86_out,-6.1,7.388,2.489
440835_uff_e=244.86_out,-6.1,6.776,2.341
440904_uff_e=462.86_out,-7.5,0.0,0.0
440904_uff_e=462.86_out,-6.8,1.491,1.346
440904_uff_e=462.86_out,-6.5,4.455,2.149
440904_uff_e=462.86_out,-6.0,23.983,21.688
440904_uff_e=462.86_out,-6.0,5.047,3.09
440904_uff_e=462.86_out,-6.0,5.115,3.4
440904_uff_e=462.86_out,-6.0,12.419,9.789
440904_uff_e=462.86_out,-6.0,13.703,11.343
440904_uff_e=462.86_out,-6.0,22.811,21.415
440906_uff_e=517.92_out,-6.1,0.0,0.0
440906_uff_e=517.92_out,-6.1,19.5,16.259
440906_uff_e=517.92_out,-6.0,22.622,19.087
440906_uff_e=517.92_out,-6.0,4.167,2.322
440906_uff_e=517.92_out,-6.0,19.959,16.996
440906_uff_e=517.92_out,-5.9,21.787,18.886
440906_uff_e=517.92_out,-5.9,7.444,4.244
440906_uff_e=517.92_out,-5.9,22.268,18.233
440906_uff_e=517.92_out,-5.8,8.473,5.197
440909_uff_e=338.05_out,-6.2,0.0,0.0
440909_uff_e=338.05_out,-6.2,5.536,2.391
440909_uff_e=338.05_out,-6.2,5.395,2.005
440909_uff_e=338.05_out,-6.1,6.018,2.129
440909_uff_e=338.05_out,-6.1,5.373,2.599
440909_uff_e=338.05_out,-6.1,5.893,1.347
440909_uff_e=338.05_out,-6.0,24.793,23.057
440909_uff_e=338.05_out,-5.9,26.608,24.109
440909_uff_e=338.05_out,-5.9,24.411,22.743
440910_uff_e=849.54_out,-6.2,0.0,0.0
440910_uff_e=849.54_out,-6.1,24.227,22.436
440910_uff_e=849.54_out,-5.9,18.629,15.545
440910_uff_e=849.54_out,-5.8,9.05,5.805
440910_uff_e=849.54_out,-5.8,23.76,22.107
440910_uff_e=849.54_out,-5.8,22.961,20.084
440910_uff_e=849.54_out,-5.7,5.122,3.22
440910_uff_e=849.54_out,-5.7,6.91,2.497
440910_uff_e=849.54_out,-5.7,1.674,1.443
440911_uff_e=498.06_out,-6.9,0.0,0.0
440911_uff_e=498.06_out,-6.6,25.001,22.925
440911_uff_e=498.06_out,-6.4,4.187,2.099
440911_uff_e=498.06_out,-6.4,4.027,2.292
440911_uff_e=498.06_out,-6.3,25.08,22.737
440911_uff_e=498.06_out,-6.3,24.6,23.285
440911_uff_e=498.06_out,-6.2,24.551,22.695
440911_uff_e=498.06_out,-6.2,4.458,2.429
440911_uff_e=498.06_out,-6.2,28.379,25.079
440912_uff_e=612.88_out,-6.9,0.0,0.0
440912_uff_e=612.88_out,-6.7,2.754,1.815
440912_uff_e=612.88_out,-6.6,5.726,2.172
440912_uff_e=612.88_out,-6.6,24.591,22.757
440912_uff_e=612.88_out,-6.6,5.742,2.239
440912_uff_e=612.88_out,-6.5,5.575,2.81
440912_uff_e=612.88_out,-6.5,13.488,9.167
440912_uff_e=612.88_out,-6.4,11.523,8.896
440912_uff_e=612.88_out,-6.3,34.04,31.646
440913_uff_e=741.10_out,-6.0,0.0,0.0
440913_uff_e=741.10_out,-5.9,2.428,1.736
440913_uff_e=741.10_out,-5.8,26.273,24.088
440913_uff_e=741.10_out,-5.8,25.837,23.737
440913_uff_e=741.10_out,-5.8,25.993,23.886
440913_uff_e=741.10_out,-5.7,24.456,21.96
440913_uff_e=741.10_out,-5.7,23.099,20.538
440913_uff_e=741.10_out,-5.7,25.362,23.245
440913_uff_e=741.10_out,-5.7,25.824,23.717
440914_uff_e=684.92_out,-6.5,0.0,0.0
440914_uff_e=684.92_out,-6.2,13.156,9.359
440914_uff_e=684.92_out,-6.0,11.126,8.31
440914_uff_e=684.92_out,-6.0,24.383,22.906
440914_uff_e=684.92_out,-6.0,12.059,8.521
440914_uff_e=684.92_out,-5.9,2.581,1.929
440914_uff_e=684.92_out,-5.9,24.613,22.387
440914_uff_e=684.92_out,-5.9,9.309,6.279
440914_uff_e=684.92_out,-5.9,24.561,22.51
440915_uff_e=710.17_out,-6.1,0.0,0.0
440915_uff_e=710.17_out,-5.9,13.029,9.291
440915_uff_e=710.17_out,-5.7,24.408,22.869
440915_uff_e=710.17_out,-5.6,10.395,7.373
440915_uff_e=710.17_out,-5.6,25.242,23.114
440915_uff_e=710.17_out,-5.6,24.605,22.373
440915_uff_e=710.17_out,-5.6,12.954,9.748
440915_uff_e=710.17_out,-5.5,5.568,1.931
440915_uff_e=710.17_out,-5.5,24.512,22.488
440917_uff_e=102.37_out,-5.2,0.0,0.0
440917_uff_e=102.37_out,-5.1,1.994,0.946
440917_uff_e=102.37_out,-5.0,4.637,1.026
440917_uff_e=102.37_out,-5.0,4.397,2.431
440917_uff_e=102.37_out,-4.8,3.448,1.652
440917_uff_e=102.37_out,-4.7,4.394,1.517
440917_uff_e=102.37_out,-4.7,4.186,1.182
440917_uff_e=102.37_out,-4.5,22.931,21.629
440917_uff_e=102.37_out,-4.5,22.81,21.35
440927_uff_e=239.73_out,-6.9,0.0,0.0
440927_uff_e=239.73_out,-6.5,22.86,21.819
440927_uff_e=239.73_out,-6.4,22.877,21.901
440927_uff_e=239.73_out,-6.4,23.61,21.597
440927_uff_e=239.73_out,-6.3,5.569,3.224
440927_uff_e=239.73_out,-6.3,20.983,20.345
440927_uff_e=239.73_out,-6.2,11.072,9.978
440927_uff_e=239.73_out,-6.2,23.127,21.831
440927_uff_e=239.73_out,-6.2,5.645,3.362
440929_uff_e=788.97_out,-7.0,0.0,0.0
440929_uff_e=788.97_out,-6.8,7.098,0.778
440929_uff_e=788.97_out,-6.6,4.183,1.944
440929_uff_e=788.97_out,-6.6,24.982,21.684
440929_uff_e=788.97_out,-6.6,7.402,4.78
440929_uff_e=788.97_out,-6.5,7.56,2.406
440929_uff_e=788.97_out,-6.5,4.075,1.908
440929_uff_e=788.97_out,-6.5,3.83,2.458
440929_uff_e=788.97_out,-6.4,24.653,21.5
440933_uff_e=274.93_out,-4.2,0.0,0.0
440933_uff_e=274.93_out,-4.1,2.043,0.751
440933_uff_e=274.93_out,-4.1,11.062,10.22
440933_uff_e=274.93_out,-4.1,14.528,13.554
440933_uff_e=274.93_out,-4.1,10.507,9.51
440933_uff_e=274.93_out,-4.1,11.648,10.643
440933_uff_e=274.93_out,-4.0,3.852,2.216
440933_uff_e=274.93_out,-4.0,10.424,9.833
440933_uff_e=274.93_out,-4.0,15.074,13.962
440934_uff_e=177.76_out,-5.1,0.0,0.0
440934_uff_e=177.76_out,-5.1,23.722,22.345
440934_uff_e=177.76_out,-5.0,24.167,22.778
440934_uff_e=177.76_out,-5.0,24.172,21.879
440934_uff_e=177.76_out,-5.0,23.409,22.018
440934_uff_e=177.76_out,-4.9,13.847,12.04
440934_uff_e=177.76_out,-4.9,6.814,1.802
440934_uff_e=177.76_out,-4.8,23.985,22.541
440934_uff_e=177.76_out,-4.8,24.072,22.957
440966_uff_e=349.10_out,-4.9,0.0,0.0
440966_uff_e=349.10_out,-4.8,2.24,0.789
440966_uff_e=349.10_out,-4.7,2.376,0.72
440966_uff_e=349.10_out,-4.6,3.288,1.083
440966_uff_e=349.10_out,-4.6,3.07,0.911
440966_uff_e=349.10_out,-4.5,2.191,0.973
440966_uff_e=349.10_out,-4.4,2.744,1.234
440966_uff_e=349.10_out,-4.4,3.224,1.013
440966_uff_e=349.10_out,-4.4,2.861,1.284
440967_uff_e=714.35_out,-4.9,0.0,0.0
440967_uff_e=714.35_out,-4.8,3.181,0.817
440967_uff_e=714.35_out,-4.6,3.071,1.275
440967_uff_e=714.35_out,-4.6,2.494,0.949
440967_uff_e=714.35_out,-4.6,3.235,1.391
440967_uff_e=714.35_out,-4.5,2.432,0.925
440967_uff_e=714.35_out,-4.5,2.085,1.195
440967_uff_e=714.35_out,-4.5,2.891,1.117
440967_uff_e=714.35_out,-4.5,3.072,1.017
440968_uff_e=633.74_out,-4.9,0.0,0.0
440968_uff_e=633.74_out,-4.7,3.038,0.99
440968_uff_e=633.74_out,-4.7,2.673,0.942
440968_uff_e=633.74_out,-4.7,2.506,1.098
440968_uff_e=633.74_out,-4.6,3.381,1.272
440968_uff_e=633.74_out,-4.6,3.275,0.977
440968_uff_e=633.74_out,-4.5,2.797,1.378
440968_uff_e=633.74_out,-4.5,2.467,1.167
440968_uff_e=633.74_out,-4.4,2.313,1.051
441005_uff_e=238.42_out,-6.0,0.0,0.0
441005_uff_e=238.42_out,-6.0,24.805,22.573
441005_uff_e=238.42_out,-5.9,4.535,1.71
441005_uff_e=238.42_out,-5.9,3.671,1.373
441005_uff_e=238.42_out,-5.8,3.798,2.539
441005_uff_e=238.42_out,-5.8,4.152,1.203
441005_uff_e=238.42_out,-5.8,24.121,21.972
441005_uff_e=238.42_out,-5.8,3.607,1.315
441005_uff_e=238.42_out,-5.7,24.212,20.988
441063_uff_e=678.12_out,-8.2,0.0,0.0
441063_uff_e=678.12_out,-8.1,4.65,2.77
441063_uff_e=678.12_out,-7.9,3.632,2.359
441063_uff_e=678.12_out,-7.8,12.05,5.831
441063_uff_e=678.12_out,-7.7,25.324,22.633
441063_uff_e=678.12_out,-7.5,25.792,21.915
441063_uff_e=678.12_out,-7.5,25.617,22.472
441063_uff_e=678.12_out,-7.4,9.163,4.796
441063_uff_e=678.12_out,-7.4,7.837,4.218
441066_uff_e=415.60_out,-6.4,0.0,0.0
441066_uff_e=415.60_out,-6.3,19.157,15.893
441066_uff_e=415.60_out,-6.2,19.502,15.71
441066_uff_e=415.60_out,-6.1,7.539,4.164
441066_uff_e=415.60_out,-6.1,4.59,3.669
441066_uff_e=415.60_out,-6.0,23.708,21.476
441066_uff_e=415.60_out,-5.9,21.212,18.161
441066_uff_e=415.60_out,-5.9,33.311,31.2
441066_uff_e=415.60_out,-5.9,23.971,22.652
441067_uff_e=337.21_out,-6.8,0.0,0.0
441067_uff_e=337.21_out,-6.7,23.583,22.56
441067_uff_e=337.21_out,-6.7,24.228,22.459
441067_uff_e=337.21_out,-6.5,18.991,16.928
441067_uff_e=337.21_out,-6.3,1.432,1.128
441067_uff_e=337.21_out,-6.2,22.976,21.982
441067_uff_e=337.21_out,-6.0,23.865,22.899
441067_uff_e=337.21_out,-6.0,21.632,19.189
441067_uff_e=337.21_out,-6.0,6.818,1.624
441068_uff_e=392.71_out,-6.3,0.0,0.0
441068_uff_e=392.71_out,-6.3,23.002,20.837
441068_uff_e=392.71_out,-6.3,24.032,22.768
441068_uff_e=392.71_out,-6.2,23.837,23.054
441068_uff_e=392.71_out,-6.2,25.002,22.809
441068_uff_e=392.71_out,-6.1,25.031,23.357
441068_uff_e=392.71_out,-6.1,22.911,21.014
441068_uff_e=392.71_out,-6.1,22.753,20.723
441068_uff_e=392.71_out,-6.1,15.767,12.364
441069_uff_e=15440.53_out,-7.0,0.0,0.0
441069_uff_e=15440.53_out,-6.9,23.786,22.852
441069_uff_e=15440.53_out,-6.9,4.756,3.966
441069_uff_e=15440.53_out,-6.8,19.58,17.609
441069_uff_e=15440.53_out,-6.8,24.314,22.809
441069_uff_e=15440.53_out,-6.7,7.474,1.616
441069_uff_e=15440.53_out,-6.6,7.115,3.709
441069_uff_e=15440.53_out,-6.6,21.863,18.393
441069_uff_e=15440.53_out,-6.5,20.324,18.5
441070_uff_e=522.05_out,-5.0,0.0,0.0
441070_uff_e=522.05_out,-4.5,2.801,1.985
441070_uff_e=522.05_out,-4.5,12.677,11.434
441070_uff_e=522.05_out,-4.4,15.23,14.206
441070_uff_e=522.05_out,-4.4,23.266,21.977
441070_uff_e=522.05_out,-4.4,15.636,14.12
441070_uff_e=522.05_out,-4.4,4.268,3.281
441070_uff_e=522.05_out,-4.4,11.539,10.504
441070_uff_e=522.05_out,-4.3,24.029,22.46
441071_uff_e=784.29_out,-7.8,0.0,0.0
441071_uff_e=784.29_out,-7.5,4.714,1.901
441071_uff_e=784.29_out,-7.3,4.176,2.45
441071_uff_e=784.29_out,-7.0,13.105,10.46
441071_uff_e=784.29_out,-7.0,23.396,22.159
441071_uff_e=784.29_out,-6.8,1.896,1.539
441071_uff_e=784.29_out,-6.7,25.223,22.958
441071_uff_e=784.29_out,-6.6,35.333,31.703
441071_uff_e=784.29_out,-6.5,25.57,22.889
441072_uff_e=67.20_out,-4.2,0.0,0.0
441072_uff_e=67.20_out,-4.0,4.451,2.386
441072_uff_e=67.20_out,-4.0,22.173,20.894
441072_uff_e=67.20_out,-4.0,2.164,1.363
441072_uff_e=67.20_out,-3.9,4.169,1.379
441072_uff_e=67.20_out,-3.9,3.853,1.422
441072_uff_e=67.20_out,-3.9,3.98,3.146
441072_uff_e=67.20_out,-3.8,11.802,10.846
441072_uff_e=67.20_out,-3.8,21.958,21.097
441076_uff_e=442.11_out,-6.0,0.0,0.0
441076_uff_e=442.11_out,-5.9,4.066,2.543
441076_uff_e=442.11_out,-5.7,3.052,1.943
441076_uff_e=442.11_out,-5.7,22.705,20.544
441076_uff_e=442.11_out,-5.7,24.382,22.46
441076_uff_e=442.11_out,-5.6,4.3,2.518
441076_uff_e=442.11_out,-5.6,14.341,12.785
441076_uff_e=442.11_out,-5.5,11.366,9.356
441076_uff_e=442.11_out,-5.5,22.69,20.624
441082_uff_e=685.22_out,-7.2,0.0,0.0
441082_uff_e=685.22_out,-7.1,3.538,1.994
441082_uff_e=685.22_out,-7.0,8.319,1.801
441082_uff_e=685.22_out,-6.8,26.677,24.559
441082_uff_e=685.22_out,-6.8,3.089,2.075
441082_uff_e=685.22_out,-6.7,26.081,25.048
441082_uff_e=685.22_out,-6.6,8.159,1.736
441082_uff_e=685.22_out,-6.6,25.875,23.91
441082_uff_e=685.22_out,-6.5,10.036,3.717
441245_uff_e=1567.20_out,-5.2,0.0,0.0
441245_uff_e=1567.20_out,-5.0,4.691,1.74
441245_uff_e=1567.20_out,-4.9,4.403,1.851
441245_uff_e=1567.20_out,-4.8,4.374,1.9
441245_uff_e=1567.20_out,-4.6,22.846,21.315
441245_uff_e=1567.20_out,-4.5,4.237,1.66
441245_uff_e=1567.20_out,-4.5,4.091,1.926
441245_uff_e=1567.20_out,-4.5,3.296,1.871
441245_uff_e=1567.20_out,-4.5,3.581,1.94
441251_uff_e=518.80_out,-7.0,0.0,0.0
441251_uff_e=518.80_out,-6.9,25.376,23.303
441251_uff_e=518.80_out,-6.8,18.917,14.355
441251_uff_e=518.80_out,-6.8,23.782,21.968
441251_uff_e=518.80_out,-6.7,11.527,8.635
441251_uff_e=518.80_out,-6.6,10.643,6.021
441251_uff_e=518.80_out,-6.5,27.678,24.556
441251_uff_e=518.80_out,-6.5,25.898,23.94
441251_uff_e=518.80_out,-6.5,24.899,22.085
441257_uff_e=514.85_out,-6.8,0.0,0.0
441257_uff_e=514.85_out,-6.8,3.162,2.28
441257_uff_e=514.85_out,-6.5,8.66,2.861
441257_uff_e=514.85_out,-6.5,8.371,5.911
441257_uff_e=514.85_out,-6.4,8.584,3.135
441257_uff_e=514.85_out,-6.4,25.397,22.903
441257_uff_e=514.85_out,-6.4,25.557,22.195
441257_uff_e=514.85_out,-6.3,2.464,1.317
441257_uff_e=514.85_out,-6.3,26.244,23.503
441259_uff_e=563.90_out,-6.4,0.0,0.0
441259_uff_e=563.90_out,-6.3,8.133,3.173
441259_uff_e=563.90_out,-6.3,4.675,3.111
441259_uff_e=563.90_out,-6.3,25.192,22.549
441259_uff_e=563.90_out,-6.2,11.596,6.857
441259_uff_e=563.90_out,-6.1,3.346,2.385
441259_uff_e=563.90_out,-6.1,10.647,6.345
441259_uff_e=563.90_out,-6.0,4.748,2.48
441259_uff_e=563.90_out,-6.0,6.426,3.899
441293_uff_e=1048.89_out,-7.4,0.0,0.0
441293_uff_e=1048.89_out,-6.9,5.71,1.749
441293_uff_e=1048.89_out,-6.8,13.085,9.225
441293_uff_e=1048.89_out,-6.7,6.051,1.972
441293_uff_e=1048.89_out,-6.5,2.491,1.62
441293_uff_e=1048.89_out,-6.4,16.599,14.255
441293_uff_e=1048.89_out,-6.3,21.449,18.791
441293_uff_e=1048.89_out,-6.3,20.879,18.014
441293_uff_e=1048.89_out,-6.3,16.343,13.919
441294_uff_e=1120.16_out,-6.8,0.0,0.0
441294_uff_e=1120.16_out,-6.7,5.606,2.041
441294_uff_e=1120.16_out,-6.5,5.709,1.882
441294_uff_e=1120.16_out,-6.4,1.564,1.313
441294_uff_e=1120.16_out,-6.4,6.281,2.384
441294_uff_e=1120.16_out,-6.4,23.081,20.448
441294_uff_e=1120.16_out,-6.3,21.648,18.694
441294_uff_e=1120.16_out,-6.3,25.706,23.233
441294_uff_e=1120.16_out,-6.3,20.119,17.701
441295_uff_e=1186.82_out,-7.6,0.0,0.0
441295_uff_e=1186.82_out,-6.7,5.272,1.89
441295_uff_e=1186.82_out,-6.6,24.957,22.711
441295_uff_e=1186.82_out,-6.6,5.894,1.361
441295_uff_e=1186.82_out,-6.4,25.451,23.154
441295_uff_e=1186.82_out,-6.4,5.721,1.816
441295_uff_e=1186.82_out,-6.4,21.998,18.961
441295_uff_e=1186.82_out,-6.4,21.282,18.961
441295_uff_e=1186.82_out,-6.3,5.902,2.115
441296_uff_e=1126.48_out,-7.3,0.0,0.0
441296_uff_e=1126.48_out,-6.9,5.953,1.375
441296_uff_e=1126.48_out,-6.9,5.64,1.729
441296_uff_e=1126.48_out,-6.5,16.568,14.232
441296_uff_e=1126.48_out,-6.4,25.142,22.794
441296_uff_e=1126.48_out,-6.4,2.475,1.715
441296_uff_e=1126.48_out,-6.2,25.446,22.947
441296_uff_e=1126.48_out,-6.2,16.028,13.839
441296_uff_e=1126.48_out,-6.2,15.777,13.705
441381_uff_e=640.35_out,-7.1,0.0,0.0
441381_uff_e=640.35_out,-7.1,2.512,1.438
441381_uff_e=640.35_out,-7.1,13.521,7.833
441381_uff_e=640.35_out,-7.0,32.921,25.032
441381_uff_e=640.35_out,-6.9,14.885,9.737
441381_uff_e=640.35_out,-6.9,15.004,9.748
441381_uff_e=640.35_out,-6.8,14.293,9.463
441381_uff_e=640.35_out,-6.7,15.554,11.163
441381_uff_e=640.35_out,-6.7,14.788,9.876
441445_uff_e=1877.20_out,-5.4,0.0,0.0
441445_uff_e=1877.20_out,-5.3,19.286,15.547
441445_uff_e=1877.20_out,-5.3,23.455,22.399
441445_uff_e=1877.20_out,-5.1,22.942,22.193
441445_uff_e=1877.20_out,-5.1,11.943,10.797
441445_uff_e=1877.20_out,-5.0,11.318,9.837
441445_uff_e=1877.20_out,-5.0,18.752,16.395
441445_uff_e=1877.20_out,-5.0,22.504,21.73
441445_uff_e=1877.20_out,-5.0,22.784,21.806
441446_uff_e=202.70_out,-4.5,0.0,0.0
441446_uff_e=202.70_out,-4.4,24.365,21.826
441446_uff_e=202.70_out,-4.4,24.555,22.229
441446_uff_e=202.70_out,-4.4,23.937,21.596
441446_uff_e=202.70_out,-4.4,3.346,2.017
441446_uff_e=202.70_out,-4.3,24.329,22.996
441446_uff_e=202.70_out,-4.2,4.503,2.896
441446_uff_e=202.70_out,-4.2,23.967,22.77
441446_uff_e=202.70_out,-4.2,4.188,2.161
441451_uff_e=1812.91_out,-4.3,0.0,0.0
441451_uff_e=1812.91_out,-4.2,10.463,9.883
441451_uff_e=1812.91_out,-4.2,4.149,3.302
441451_uff_e=1812.91_out,-4.2,20.166,19.36
441451_uff_e=1812.91_out,-4.2,10.742,9.999
441451_uff_e=1812.91_out,-4.2,11.729,11.004
441451_uff_e=1812.91_out,-4.1,10.915,10.034
441451_uff_e=1812.91_out,-4.1,4.518,3.152
441451_uff_e=1812.91_out,-4.0,19.482,19.125
441457_uff_e=133.66_out,-4.7,0.0,0.0
441457_uff_e=133.66_out,-4.6,3.737,3.103
441457_uff_e=133.66_out,-4.6,2.34,2.147
441457_uff_e=133.66_out,-4.6,3.268,2.901
441457_uff_e=133.66_out,-4.6,23.421,21.949
441457_uff_e=133.66_out,-4.5,2.372,1.567
441457_uff_e=133.66_out,-4.4,3.418,2.453
441457_uff_e=133.66_out,-4.4,2.356,1.33
441457_uff_e=133.66_out,-4.4,11.394,10.454
441465_uff_e=374.99_out,-5.6,0.0,0.0
441465_uff_e=374.99_out,-5.5,8.582,5.098
441465_uff_e=374.99_out,-5.4,8.649,5.937
441465_uff_e=374.99_out,-5.3,7.851,6.021
441465_uff_e=374.99_out,-5.3,21.898,20.709
441465_uff_e=374.99_out,-5.3,18.113,14.855
441465_uff_e=374.99_out,-5.2,18.658,16.126
441465_uff_e=374.99_out,-5.2,31.42,28.552
441465_uff_e=374.99_out,-5.2,8.731,6.154
441466_uff_e=578.15_out,-5.5,0.0,0.0
441466_uff_e=578.15_out,-5.4,24.626,22.892
441466_uff_e=578.15_out,-5.4,3.057,1.933
441466_uff_e=578.15_out,-5.4,4.952,3.584
441466_uff_e=578.15_out,-5.4,20.852,18.598
441466_uff_e=578.15_out,-5.4,6.167,2.115
441466_uff_e=578.15_out,-5.3,6.192,2.903
441466_uff_e=578.15_out,-5.3,4.832,3.002
441466_uff_e=578.15_out,-5.2,2.277,1.783
441467_uff_e=367.75_out,-5.0,0.0,0.0
441467_uff_e=367.75_out,-4.8,13.122,11.454
441467_uff_e=367.75_out,-4.7,23.318,22.109
441467_uff_e=367.75_out,-4.7,24.427,22.832
441467_uff_e=367.75_out,-4.6,5.244,3.719
441467_uff_e=367.75_out,-4.5,4.803,3.671
441467_uff_e=367.75_out,-4.5,3.126,2.327
441467_uff_e=367.75_out,-4.5,19.186,17.662
441467_uff_e=367.75_out,-4.5,13.903,11.722
441473_uff_e=338.73_out,-5.9,0.0,0.0
441473_uff_e=338.73_out,-5.9,2.458,1.954
441473_uff_e=338.73_out,-5.9,12.539,9.911
441473_uff_e=338.73_out,-5.8,7.191,2.605
441473_uff_e=338.73_out,-5.8,23.723,22.158
441473_uff_e=338.73_out,-5.8,7.176,4.414
441473_uff_e=338.73_out,-5.8,12.316,8.372
441473_uff_e=338.73_out,-5.8,22.056,20.484
441473_uff_e=338.73_out,-5.7,21.825,20.183
441524_uff_e=689.57_out,-5.9,0.0,0.0
441524_uff_e=689.57_out,-5.6,22.5,20.67
441524_uff_e=689.57_out,-5.6,20.501,18.407
441524_uff_e=689.57_out,-5.3,29.305,27.969
441524_uff_e=689.57_out,-5.3,24.575,23.061
441524_uff_e=689.57_out,-5.2,24.229,22.93
441524_uff_e=689.57_out,-5.2,23.987,22.447
441524_uff_e=689.57_out,-5.2,5.242,3.506
441524_uff_e=689.57_out,-5.1,25.71,24.057
441537_uff_e=1347.76_out,-6.3,0.0,0.0
441537_uff_e=1347.76_out,-6.3,3.124,2.536
441537_uff_e=1347.76_out,-6.2,21.777,16.989
441537_uff_e=1347.76_out,-6.2,4.601,2.969
441537_uff_e=1347.76_out,-6.2,24.906,22.436
441537_uff_e=1347.76_out,-6.2,4.059,3.171
441537_uff_e=1347.76_out,-6.2,25.372,22.91
441537_uff_e=1347.76_out,-6.1,5.338,3.709
441537_uff_e=1347.76_out,-6.0,2.726,2.064
441551_uff_e=425.51_out,-4.5,0.0,0.0
441551_uff_e=425.51_out,-4.5,35.996,34.801
441551_uff_e=425.51_out,-4.4,26.672,24.78
441551_uff_e=425.51_out,-4.3,8.406,0.941
441551_uff_e=425.51_out,-4.3,28.409,25.319
441551_uff_e=425.51_out,-4.3,24.646,22.667
441551_uff_e=425.51_out,-4.3,36.739,34.793
441551_uff_e=425.51_out,-4.3,34.398,31.705
441551_uff_e=425.51_out,-4.2,35.206,34.051
441581_uff_e=320.14_out,-5.8,0.0,0.0
441581_uff_e=320.14_out,-5.5,6.833,2.038
441581_uff_e=320.14_out,-5.4,2.549,1.221
441581_uff_e=320.14_out,-5.4,6.634,2.936
441581_uff_e=320.14_out,-5.4,15.399,13.974
441581_uff_e=320.14_out,-5.4,14.374,12.823
441581_uff_e=320.14_out,-5.3,22.675,20.461
441581_uff_e=320.14_out,-5.3,15.175,13.762
441581_uff_e=320.14_out,-5.3,6.646,4.365
441582_uff_e=613.41_out,-6.4,0.0,0.0
441582_uff_e=613.41_out,-6.4,20.335,17.488
441582_uff_e=613.41_out,-6.3,26.104,24.132
441582_uff_e=613.41_out,-6.3,27.076,25.097
441582_uff_e=613.41_out,-6.3,21.09,19.556
441582_uff_e=613.41_out,-6.2,25.616,23.596
441582_uff_e=613.41_out,-6.1,25.985,23.471
441582_uff_e=613.41_out,-5.9,24.4,22.535
441582_uff_e=613.41_out,-5.8,25.235,23.401
441584_uff_e=610.25_out,-6.4,0.0,0.0
441584_uff_e=610.25_out,-6.0,3.855,2.028
441584_uff_e=610.25_out,-5.7,24.153,22.422
441584_uff_e=610.25_out,-5.6,21.155,19.438
441584_uff_e=610.25_out,-5.5,6.366,1.959
441584_uff_e=610.25_out,-5.5,23.518,21.143
441584_uff_e=610.25_out,-5.4,23.651,21.989
441584_uff_e=610.25_out,-5.3,39.312,37.353
441584_uff_e=610.25_out,-5.3,32.832,30.816
441589_uff_e=494.04_out,-6.5,0.0,0.0
441589_uff_e=494.04_out,-6.2,24.867,22.981
441589_uff_e=494.04_out,-6.2,4.413,2.436
441589_uff_e=494.04_out,-6.1,10.287,9.013
441589_uff_e=494.04_out,-6.0,10.558,9.292
441589_uff_e=494.04_out,-6.0,5.525,1.574
441589_uff_e=494.04_out,-5.9,4.391,3.423
441589_uff_e=494.04_out,-5.8,25.555,22.847
441589_uff_e=494.04_out,-5.8,2.659,2.104
441590_uff_e=588.57_out,-7.2,0.0,0.0
441590_uff_e=588.57_out,-6.7,13.424,10.515
441590_uff_e=588.57_out,-6.7,14.245,11.192
441590_uff_e=588.57_out,-6.6,26.483,23.183
441590_uff_e=588.57_out,-6.5,11.875,7.843
441590_uff_e=588.57_out,-6.5,24.446,22.747
441590_uff_e=588.57_out,-6.4,26.701,23.183
441590_uff_e=588.57_out,-6.3,6.358,4.324
441590_uff_e=588.57_out,-6.2,25.832,24.089
441591_uff_e=500.46_out,-6.4,0.0,0.0
441591_uff_e=500.46_out,-6.3,6.169,3.236
441591_uff_e=500.46_out,-6.1,13.423,10.219
441591_uff_e=500.46_out,-6.0,22.587,20.91
441591_uff_e=500.46_out,-6.0,11.636,8.74
441591_uff_e=500.46_out,-5.9,11.501,8.244
441591_uff_e=500.46_out,-5.7,18.478,17.122
441591_uff_e=500.46_out,-5.7,12.304,9.838
441591_uff_e=500.46_out,-5.6,11.853,8.556
441592_uff_e=2165.83_out,-6.5,0.0,0.0
441592_uff_e=2165.83_out,-6.2,24.38,22.12
441592_uff_e=2165.83_out,-6.2,23.384,20.857
441592_uff_e=2165.83_out,-6.2,23.619,20.387
441592_uff_e=2165.83_out,-6.1,21.223,19.609
441592_uff_e=2165.83_out,-6.1,24.128,22.045
441592_uff_e=2165.83_out,-6.0,6.283,1.678
441592_uff_e=2165.83_out,-5.9,22.04,19.939
441592_uff_e=2165.83_out,-5.9,23.639,20.597
441593_uff_e=661.82_out,-6.4,0.0,0.0
441593_uff_e=661.82_out,-6.4,23.422,21.183
441593_uff_e=661.82_out,-6.4,21.832,20.289
441593_uff_e=661.82_out,-5.9,3.584,2.56
441593_uff_e=661.82_out,-5.8,6.252,2.539
441593_uff_e=661.82_out,-5.8,23.143,21.232
441593_uff_e=661.82_out,-5.7,22.291,21.008
441593_uff_e=661.82_out,-5.7,22.224,20.386
441593_uff_e=661.82_out,-5.7,6.087,1.666
441647_uff_e=201.57_out,-6.8,0.0,0.0
441647_uff_e=201.57_out,-6.5,2.59,0.872
441647_uff_e=201.57_out,-6.5,5.965,4.171
441647_uff_e=201.57_out,-6.4,6.427,4.31
441647_uff_e=201.57_out,-6.4,22.973,22.127
441647_uff_e=201.57_out,-6.4,24.207,22.71
441647_uff_e=201.57_out,-6.3,6.763,3.548
441647_uff_e=201.57_out,-6.1,23.813,22.532
441647_uff_e=201.57_out,-6.1,22.757,21.489
441663_uff_e=377.05_out,-7.7,0.0,0.0
441663_uff_e=377.05_out,-7.6,10.668,2.174
441663_uff_e=377.05_out,-7.4,10.694,2.964
441663_uff_e=377.05_out,-7.3,2.414,1.352
441663_uff_e=377.05_out,-7.3,5.37,4.087
441663_uff_e=377.05_out,-7.1,9.302,6.657
441663_uff_e=377.05_out,-7.1,25.856,22.584
441663_uff_e=377.05_out,-7.1,31.4,27.989
441663_uff_e=377.05_out,-7.0,4.371,3.455
441667_uff_e=567.65_out,-6.7,0.0,0.0
441667_uff_e=567.65_out,-6.7,24.515,22.253
441667_uff_e=567.65_out,-6.6,12.456,9.23
441667_uff_e=567.65_out,-6.6,25.122,23.621
441667_uff_e=567.65_out,-6.5,24.557,22.94
441667_uff_e=567.65_out,-6.5,25.176,23.469
441667_uff_e=567.65_out,-6.4,12.086,8.302
441667_uff_e=567.65_out,-6.3,7.085,5.193
441667_uff_e=567.65_out,-6.3,6.408,2.552
441674_uff_e=739.55_out,-7.5,0.0,0.0
441674_uff_e=739.55_out,-7.4,6.813,1.995
441674_uff_e=739.55_out,-7.3,5.142,1.672
441674_uff_e=739.55_out,-7.3,13.814,8.955
441674_uff_e=739.55_out,-7.3,11.887,5.296
441674_uff_e=739.55_out,-7.3,4.731,2.145
441674_uff_e=739.55_out,-7.2,5.191,1.949
441674_uff_e=739.55_out,-7.2,25.624,21.386
441674_uff_e=739.55_out,-7.1,25.789,22.742
441675_uff_e=812.00_out,-7.4,0.0,0.0
441675_uff_e=812.00_out,-7.0,8.201,2.032
441675_uff_e=812.00_out,-7.0,8.133,2.293
441675_uff_e=812.00_out,-7.0,25.533,23.497
441675_uff_e=812.00_out,-6.9,9.12,2.236
441675_uff_e=812.00_out,-6.9,26.104,24.065
441675_uff_e=812.00_out,-6.9,3.347,1.634
441675_uff_e=812.00_out,-6.9,4.583,2.47
441675_uff_e=812.00_out,-6.8,25.858,22.904
441676_uff_e=869.29_out,-6.8,0.0,0.0
441676_uff_e=869.29_out,-6.8,7.828,1.89
441676_uff_e=869.29_out,-6.6,25.907,23.298
441676_uff_e=869.29_out,-6.5,24.429,21.261
441676_uff_e=869.29_out,-6.4,26.747,23.467
441676_uff_e=869.29_out,-6.2,7.149,1.63
441676_uff_e=869.29_out,-6.2,7.518,1.602
441676_uff_e=869.29_out,-6.2,26.651,23.507
441676_uff_e=869.29_out,-6.1,38.594,35.668
441677_uff_e=783.26_out,-7.3,0.0,0.0
441677_uff_e=783.26_out,-7.0,8.21,1.862
441677_uff_e=783.26_out,-6.9,8.817,2.063
441677_uff_e=783.26_out,-6.8,8.269,2.09
441677_uff_e=783.26_out,-6.8,9.57,2.785
441677_uff_e=783.26_out,-6.7,26.16,22.782
441677_uff_e=783.26_out,-6.7,26.012,22.738
441677_uff_e=783.26_out,-6.6,9.63,4.825
441677_uff_e=783.26_out,-6.5,5.247,2.554
441678_uff_e=776.77_out,-7.3,0.0,0.0
441678_uff_e=776.77_out,-7.3,24.821,22.604
441678_uff_e=776.77_out,-7.2,7.18,4.461
441678_uff_e=776.77_out,-7.2,26.202,23.391
441678_uff_e=776.77_out,-7.1,24.204,22.425
441678_uff_e=776.77_out,-7.1,26.136,23.376
441678_uff_e=776.77_out,-7.0,24.997,22.895
441678_uff_e=776.77_out,-7.0,27.893,24.733
441678_uff_e=776.77_out,-7.0,5.13,3.176
441679_uff_e=845.12_out,-7.4,0.0,0.0
441679_uff_e=845.12_out,-7.3,8.476,1.733
441679_uff_e=845.12_out,-7.3,3.666,1.406
441679_uff_e=845.12_out,-7.2,25.159,21.991
441679_uff_e=845.12_out,-7.2,7.832,2.044
441679_uff_e=845.12_out,-7.1,8.639,1.535
441679_uff_e=845.12_out,-7.0,2.647,1.435
441679_uff_e=845.12_out,-7.0,3.212,1.258
441679_uff_e=845.12_out,-6.9,26.727,22.678
441680_uff_e=906.96_out,-7.9,0.0,0.0
441680_uff_e=906.96_out,-7.9,4.152,1.64
441680_uff_e=906.96_out,-7.7,10.362,3.449
441680_uff_e=906.96_out,-7.6,9.864,4.487
441680_uff_e=906.96_out,-7.3,37.456,34.317
441680_uff_e=906.96_out,-7.3,9.367,3.425
441680_uff_e=906.96_out,-7.2,9.783,3.667
441680_uff_e=906.96_out,-7.1,23.331,20.458
441680_uff_e=906.96_out,-7.1,10.376,3.42
441683_uff_e=1115.79_out,-7.3,0.0,0.0
441683_uff_e=1115.79_out,-7.1,10.206,2.4
441683_uff_e=1115.79_out,-6.9,9.806,2.255
441683_uff_e=1115.79_out,-6.9,26.279,22.171
441683_uff_e=1115.79_out,-6.8,10.952,3.362
441683_uff_e=1115.79_out,-6.8,9.791,2.16
441683_uff_e=1115.79_out,-6.6,23.301,20.397
441683_uff_e=1115.79_out,-6.6,25.971,22.004
441683_uff_e=1115.79_out,-6.5,26.158,23.642
441684_uff_e=939.94_out,-7.4,0.0,0.0
441684_uff_e=939.94_out,-7.1,26.143,23.259
441684_uff_e=939.94_out,-7.0,22.504,19.772
441684_uff_e=939.94_out,-7.0,25.324,23.047
441684_uff_e=939.94_out,-6.9,23.708,20.097
441684_uff_e=939.94_out,-6.9,27.503,24.086
441684_uff_e=939.94_out,-6.7,11.021,7.357
441684_uff_e=939.94_out,-6.7,25.036,23.304
441684_uff_e=939.94_out,-6.7,25.881,22.584
441685_uff_e=2464.12_out,-6.6,0.0,0.0
441685_uff_e=2464.12_out,-6.6,27.337,22.637
441685_uff_e=2464.12_out,-6.4,20.625,16.714
441685_uff_e=2464.12_out,-6.3,27.369,23.171
441685_uff_e=2464.12_out,-6.3,8.454,1.888
441685_uff_e=2464.12_out,-6.2,19.259,14.495
441685_uff_e=2464.12_out,-6.2,17.09,14.422
441685_uff_e=2464.12_out,-6.2,28.414,23.722
441685_uff_e=2464.12_out,-6.2,19.547,16.257
441686_uff_e=944.70_out,-7.9,0.0,0.0
441686_uff_e=944.70_out,-7.6,26.005,23.29
441686_uff_e=944.70_out,-7.5,1.62,1.244
441686_uff_e=944.70_out,-7.3,8.195,2.396
441686_uff_e=944.70_out,-7.3,8.217,2.591
441686_uff_e=944.70_out,-7.3,3.671,1.838
441686_uff_e=944.70_out,-7.3,39.756,37.482
441686_uff_e=944.70_out,-7.2,27.389,25.214
441686_uff_e=944.70_out,-7.1,27.81,25.53
441687_uff_e=908.19_out,-8.3,0.0,0.0
441687_uff_e=908.19_out,-8.3,25.671,23.338
441687_uff_e=908.19_out,-8.0,26.444,23.935
441687_uff_e=908.19_out,-7.9,25.163,23.217
441687_uff_e=908.19_out,-7.7,7.743,2.481
441687_uff_e=908.19_out,-7.6,3.471,1.48
441687_uff_e=908.19_out,-7.6,14.201,10.966
441687_uff_e=908.19_out,-7.3,25.92,23.544
441687_uff_e=908.19_out,-7.3,26.054,22.756
441688_uff_e=680.68_out,-7.4,0.0,0.0
441688_uff_e=680.68_out,-7.0,8.834,2.401
441688_uff_e=680.68_out,-6.9,25.604,21.853
441688_uff_e=680.68_out,-6.9,27.345,23.317
441688_uff_e=680.68_out,-6.9,8.698,2.233
441688_uff_e=680.68_out,-6.9,1.927,0.99
441688_uff_e=680.68_out,-6.8,21.757,18.927
441688_uff_e=680.68_out,-6.8,5.721,2.036
441688_uff_e=680.68_out,-6.8,26.275,22.887
441699_uff_e=575.08_out,-7.0,0.0,0.0
441699_uff_e=575.08_out,-6.9,23.309,21.04
441699_uff_e=575.08_out,-6.8,24.968,23.43
441699_uff_e=575.08_out,-6.8,25.035,23.805
441699_uff_e=575.08_out,-6.8,1.455,1.174
441699_uff_e=575.08_out,-6.6,24.037,21.974
441699_uff_e=575.08_out,-6.6,24.874,23.381
441699_uff_e=575.08_out,-6.6,24.444,22.578
441699_uff_e=575.08_out,-6.5,24.044,21.849
441701_uff_e=207.48_out,-6.5,0.0,0.0
441701_uff_e=207.48_out,-6.5,2.741,1.434
441701_uff_e=207.48_out,-6.5,24.396,22.081
441701_uff_e=207.48_out,-6.4,25.712,23.317
441701_uff_e=207.48_out,-6.4,7.253,1.672
441701_uff_e=207.48_out,-6.4,7.082,1.638
441701_uff_e=207.48_out,-6.4,23.55,22.384
441701_uff_e=207.48_out,-6.3,26.081,23.504
441701_uff_e=207.48_out,-6.3,24.777,23.236
441704_uff_e=1318.45_out,-6.1,0.0,0.0
441704_uff_e=1318.45_out,-5.8,11.522,8.064
441704_uff_e=1318.45_out,-5.7,5.977,2.253
441704_uff_e=1318.45_out,-5.7,6.359,2.037
441704_uff_e=1318.45_out,-5.4,25.389,22.744
441704_uff_e=1318.45_out,-5.3,25.953,23.316
441704_uff_e=1318.45_out,-5.3,5.039,2.482
441704_uff_e=1318.45_out,-5.3,4.321,1.843
441704_uff_e=1318.45_out,-5.3,26.106,23.413
441705_uff_e=1476.77_out,-6.7,0.0,0.0
441705_uff_e=1476.77_out,-6.3,9.801,5.89
441705_uff_e=1476.77_out,-6.2,25.483,21.511
441705_uff_e=1476.77_out,-6.2,7.046,3.723
441705_uff_e=1476.77_out,-6.2,10.92,5.88
441705_uff_e=1476.77_out,-6.1,7.402,3.981
441705_uff_e=1476.77_out,-6.0,6.683,4.198
441705_uff_e=1476.77_out,-6.0,8.064,2.719
441705_uff_e=1476.77_out,-6.0,28.673,24.335
441706_uff_e=853.23_out,-6.8,0.0,0.0
441706_uff_e=853.23_out,-6.7,13.939,12.044
441706_uff_e=853.23_out,-6.5,4.782,2.644
441706_uff_e=853.23_out,-6.5,25.069,23.148
441706_uff_e=853.23_out,-6.4,14.429,12.212
441706_uff_e=853.23_out,-6.3,14.556,12.358
441706_uff_e=853.23_out,-6.2,5.864,2.508
441706_uff_e=853.23_out,-6.2,12.514,9.572
441706_uff_e=853.23_out,-6.2,5.802,2.387
441707_uff_e=1647.17_out,-7.4,0.0,0.0
441707_uff_e=1647.17_out,-7.3,9.184,3.466
441707_uff_e=1647.17_out,-7.2,6.037,2.533
441707_uff_e=1647.17_out,-7.1,6.609,3.172
441707_uff_e=1647.17_out,-7.0,10.657,4.364
441707_uff_e=1647.17_out,-6.9,5.807,2.454
441707_uff_e=1647.17_out,-6.9,6.002,2.416
441707_uff_e=1647.17_out,-6.9,8.525,3.021
441707_uff_e=1647.17_out,-6.8,24.974,23.175
441708_uff_e=1406.12_out,-7.0,0.0,0.0
441708_uff_e=1406.12_out,-6.6,12.893,9.171
441708_uff_e=1406.12_out,-6.6,13.074,9.123
441708_uff_e=1406.12_out,-6.5,12.804,9.187
441708_uff_e=1406.12_out,-6.5,7.222,3.942
441708_uff_e=1406.12_out,-6.5,12.467,8.496
441708_uff_e=1406.12_out,-6.4,13.485,7.794
441708_uff_e=1406.12_out,-6.4,15.59,10.237
441708_uff_e=1406.12_out,-6.3,6.231,3.022
441709_uff_e=710.03_out,-7.6,0.0,0.0
441709_uff_e=710.03_out,-7.0,5.582,2.021
441709_uff_e=710.03_out,-7.0,24.694,22.405
441709_uff_e=710.03_out,-6.8,24.663,22.467
441709_uff_e=710.03_out,-6.7,24.421,22.618
441709_uff_e=710.03_out,-6.7,10.702,7.23
441709_uff_e=710.03_out,-6.6,4.96,2.574
441709_uff_e=710.03_out,-6.5,11.062,9.261
441709_uff_e=710.03_out,-6.5,24.122,21.829
441710_uff_e=1516.84_out,-6.9,0.0,0.0
441710_uff_e=1516.84_out,-6.6,18.019,10.802
441710_uff_e=1516.84_out,-6.6,16.623,12.69
441710_uff_e=1516.84_out,-6.6,12.89,7.06
441710_uff_e=1516.84_out,-6.6,24.003,20.687
441710_uff_e=1516.84_out,-6.5,10.183,3.957
441710_uff_e=1516.84_out,-6.4,16.297,12.445
441710_uff_e=1516.84_out,-6.4,24.082,18.428
441710_uff_e=1516.84_out,-6.4,24.583,18.056
441711_uff_e=1641.57_out,-7.1,0.0,0.0
441711_uff_e=1641.57_out,-7.0,27.076,23.874
441711_uff_e=1641.57_out,-7.0,2.154,1.138
441711_uff_e=1641.57_out,-6.9,29.193,24.352
441711_uff_e=1641.57_out,-6.7,2.662,1.164
441711_uff_e=1641.57_out,-6.6,28.676,24.846
441711_uff_e=1641.57_out,-6.6,12.08,7.286
441711_uff_e=1641.57_out,-6.6,6.211,2.652
441711_uff_e=1641.57_out,-6.5,6.737,3.017
441716_uff_e=1015.03_out,-6.7,0.0,0.0
441716_uff_e=1015.03_out,-6.7,13.916,10.33
441716_uff_e=1015.03_out,-6.4,4.92,2.212
441716_uff_e=1015.03_out,-6.3,5.333,3.198
441716_uff_e=1015.03_out,-6.2,12.756,10.387
441716_uff_e=1015.03_out,-6.2,15.132,11.669
441716_uff_e=1015.03_out,-6.0,24.911,23.137
441716_uff_e=1015.03_out,-6.0,24.143,21.94
441716_uff_e=1015.03_out,-5.9,12.891,10.116
441717_uff_e=1530.20_out,-6.5,0.0,0.0
441717_uff_e=1530.20_out,-6.5,7.382,3.6
441717_uff_e=1530.20_out,-6.3,6.063,2.768
441717_uff_e=1530.20_out,-6.3,7.33,4.012
441717_uff_e=1530.20_out,-6.2,26.231,23.07
441717_uff_e=1530.20_out,-6.2,6.56,2.544
441717_uff_e=1530.20_out,-6.2,27.214,24.001
441717_uff_e=1530.20_out,-6.2,8.365,2.684
441717_uff_e=1530.20_out,-6.2,7.224,3.956
441720_uff_e=1294.72_out,-6.2,0.0,0.0
441720_uff_e=1294.72_out,-6.2,7.04,1.995
441720_uff_e=1294.72_out,-6.1,25.129,23.077
441720_uff_e=1294.72_out,-6.1,23.751,20.674
441720_uff_e=1294.72_out,-6.0,36.167,34.382
441720_uff_e=1294.72_out,-5.9,24.699,22.664
441720_uff_e=1294.72_out,-5.9,25.641,22.959
441720_uff_e=1294.72_out,-5.9,2.649,1.946
441720_uff_e=1294.72_out,-5.8,26.09,23.254
441721_uff_e=868.48_out,-7.1,0.0,0.0
441721_uff_e=868.48_out,-6.9,5.802,2.774
441721_uff_e=868.48_out,-6.8,25.384,23.269
441721_uff_e=868.48_out,-6.6,4.682,2.445
441721_uff_e=868.48_out,-6.6,14.311,12.259
441721_uff_e=868.48_out,-6.6,12.131,9.533
441721_uff_e=868.48_out,-6.5,11.362,8.734
441721_uff_e=868.48_out,-6.5,25.123,22.739
441721_uff_e=868.48_out,-6.5,6.184,3.077
441722_uff_e=1792.82_out,-7.1,0.0,0.0
441722_uff_e=1792.82_out,-6.7,27.101,23.791
441722_uff_e=1792.82_out,-6.7,27.612,24.907
441722_uff_e=1792.82_out,-6.7,2.386,1.134
441722_uff_e=1792.82_out,-6.5,6.064,3.243
441722_uff_e=1792.82_out,-6.5,25.768,22.346
441722_uff_e=1792.82_out,-6.4,25.613,22.072
441722_uff_e=1792.82_out,-6.4,7.639,3.416
441722_uff_e=1792.82_out,-6.4,27.353,24.055
441724_uff_e=1356.64_out,-6.5,0.0,0.0
441724_uff_e=1356.64_out,-6.2,4.704,2.356
441724_uff_e=1356.64_out,-6.0,15.775,12.341
441724_uff_e=1356.64_out,-5.6,10.873,7.568
441724_uff_e=1356.64_out,-5.5,25.739,23.331
441724_uff_e=1356.64_out,-5.5,12.799,9.577
441724_uff_e=1356.64_out,-5.4,9.54,6.423
441724_uff_e=1356.64_out,-5.4,24.975,21.837
441724_uff_e=1356.64_out,-5.4,31.541,28.921
441725_uff_e=1275.75_out,-6.0,0.0,0.0
441725_uff_e=1275.75_out,-6.0,5.23,2.045
441725_uff_e=1275.75_out,-5.9,11.252,8.149
441725_uff_e=1275.75_out,-5.7,25.42,22.944
441725_uff_e=1275.75_out,-5.6,16.766,13.523
441725_uff_e=1275.75_out,-5.6,10.948,7.036
441725_uff_e=1275.75_out,-5.6,25.499,23.133
441725_uff_e=1275.75_out,-5.5,13.132,9.216
441725_uff_e=1275.75_out,-5.4,30.782,27.85
441726_uff_e=1322.53_out,-6.7,0.0,0.0
441726_uff_e=1322.53_out,-6.6,9.149,4.623
441726_uff_e=1322.53_out,-6.5,6.402,3.482
441726_uff_e=1322.53_out,-6.4,4.598,2.532
441726_uff_e=1322.53_out,-6.4,25.562,23.337
441726_uff_e=1322.53_out,-6.4,8.162,2.861
441726_uff_e=1322.53_out,-6.1,8.753,5.73
441726_uff_e=1322.53_out,-6.1,17.299,12.626
441726_uff_e=1322.53_out,-6.1,26.404,22.931
441727_uff_e=1468.83_out,-6.1,0.0,0.0
441727_uff_e=1468.83_out,-5.8,16.57,13.234
441727_uff_e=1468.83_out,-5.7,11.06,7.922
441727_uff_e=1468.83_out,-5.6,9.982,6.901
441727_uff_e=1468.83_out,-5.4,26.011,23.292
441727_uff_e=1468.83_out,-5.4,25.061,22.313
441727_uff_e=1468.83_out,-5.2,24.681,22.216
441727_uff_e=1468.83_out,-5.2,11.467,8.28
441727_uff_e=1468.83_out,-5.2,16.387,12.232
441728_uff_e=1495.51_out,-6.6,0.0,0.0
441728_uff_e=1495.51_out,-5.9,12.655,8.6
441728_uff_e=1495.51_out,-5.7,12.069,7.913
441728_uff_e=1495.51_out,-5.6,27.492,24.009
441728_uff_e=1495.51_out,-5.6,26.697,23.949
441728_uff_e=1495.51_out,-5.5,25.72,22.824
441728_uff_e=1495.51_out,-5.5,25.484,22.796
441728_uff_e=1495.51_out,-5.4,13.043,10.051
441728_uff_e=1495.51_out,-5.4,15.578,12.538
441729_uff_e=1041.27_out,-6.8,0.0,0.0
441729_uff_e=1041.27_out,-6.5,13.525,10.562
441729_uff_e=1041.27_out,-6.4,13.96,11.651
441729_uff_e=1041.27_out,-6.3,2.55,1.706
441729_uff_e=1041.27_out,-6.2,28.036,26.32
441729_uff_e=1041.27_out,-6.2,24.457,22.642
441729_uff_e=1041.27_out,-6.2,9.09,5.952
441729_uff_e=1041.27_out,-6.2,6.284,3.892
441729_uff_e=1041.27_out,-6.1,24.517,23.03
441730_uff_e=1758.39_out,-7.5,0.0,0.0
441730_uff_e=1758.39_out,-6.9,27.477,24.122
441730_uff_e=1758.39_out,-6.9,3.491,1.926
441730_uff_e=1758.39_out,-6.8,8.669,2.247
441730_uff_e=1758.39_out,-6.8,2.287,1.551
441730_uff_e=1758.39_out,-6.8,27.497,24.304
441730_uff_e=1758.39_out,-6.8,8.76,3.159
441730_uff_e=1758.39_out,-6.8,27.114,23.748
441730_uff_e=1758.39_out,-6.7,27.55,24.129
441732_uff_e=1348.05_out,-6.2,0.0,0.0
441732_uff_e=1348.05_out,-6.1,4.368,2.654
441732_uff_e=1348.05_out,-6.1,2.06,1.258
441732_uff_e=1348.05_out,-6.1,3.929,2.274
441732_uff_e=1348.05_out,-6.1,27.503,24.123
441732_uff_e=1348.05_out,-6.0,25.643,23.274
441732_uff_e=1348.05_out,-6.0,10.335,5.949
441732_uff_e=1348.05_out,-6.0,9.996,5.998
441732_uff_e=1348.05_out,-6.0,12.951,8.914
441733_uff_e=1510.61_out,-7.3,0.0,0.0
441733_uff_e=1510.61_out,-7.1,2.143,1.235
441733_uff_e=1510.61_out,-7.0,8.144,2.678
441733_uff_e=1510.61_out,-7.0,2.24,1.296
441733_uff_e=1510.61_out,-6.9,10.348,5.518
441733_uff_e=1510.61_out,-6.7,24.816,22.325
441733_uff_e=1510.61_out,-6.7,26.345,22.574
441733_uff_e=1510.61_out,-6.6,7.523,3.155
441733_uff_e=1510.61_out,-6.6,10.626,6.596
441736_uff_e=975.93_out,-6.9,0.0,0.0
441736_uff_e=975.93_out,-6.7,5.185,1.728
441736_uff_e=975.93_out,-6.7,11.973,8.933
441736_uff_e=975.93_out,-6.7,10.464,7.925
441736_uff_e=975.93_out,-6.6,22.332,19.933
441736_uff_e=975.93_out,-6.6,5.268,1.935
441736_uff_e=975.93_out,-6.5,5.029,2.668
441736_uff_e=975.93_out,-6.5,11.834,9.677
441736_uff_e=975.93_out,-6.5,17.783,16.541
441737_uff_e=1524.32_out,-6.8,0.0,0.0
441737_uff_e=1524.32_out,-6.4,6.232,3.404
441737_uff_e=1524.32_out,-6.3,25.87,23.101
441737_uff_e=1524.32_out,-6.2,29.278,25.238
441737_uff_e=1524.32_out,-6.1,8.759,4.764
441737_uff_e=1524.32_out,-6.0,29.806,25.678
441737_uff_e=1524.32_out,-6.0,7.953,2.626
441737_uff_e=1524.32_out,-6.0,29.859,25.742
441737_uff_e=1524.32_out,-6.0,8.935,5.72
441738_uff_e=739.03_out,-6.8,0.0,0.0
441738_uff_e=739.03_out,-6.5,24.743,22.64
441738_uff_e=739.03_out,-6.5,11.899,10.108
441738_uff_e=739.03_out,-6.4,26.271,23.857
441738_uff_e=739.03_out,-6.4,25.545,23.516
441738_uff_e=739.03_out,-6.4,14.873,11.594
441738_uff_e=739.03_out,-6.4,24.551,23.056
441738_uff_e=739.03_out,-6.3,24.607,23.239
441738_uff_e=739.03_out,-6.3,10.603,6.818
441739_uff_e=2303.79_out,-6.8,0.0,0.0
441739_uff_e=2303.79_out,-6.6,23.381,20.922
441739_uff_e=2303.79_out,-6.6,3.081,1.92
441739_uff_e=2303.79_out,-6.5,23.687,22.034
441739_uff_e=2303.79_out,-6.5,21.194,19.333
441739_uff_e=2303.79_out,-6.4,8.463,4.099
441739_uff_e=2303.79_out,-6.4,25.319,22.652
441739_uff_e=2303.79_out,-6.4,8.361,4.379
441739_uff_e=2303.79_out,-6.4,7.417,4.145
441740_uff_e=1340.69_out,-6.4,0.0,0.0
441740_uff_e=1340.69_out,-6.2,9.574,4.652
441740_uff_e=1340.69_out,-6.1,25.466,22.324
441740_uff_e=1340.69_out,-6.0,6.357,2.87
441740_uff_e=1340.69_out,-6.0,13.381,8.205
441740_uff_e=1340.69_out,-6.0,26.375,22.877
441740_uff_e=1340.69_out,-5.8,6.263,3.156
441740_uff_e=1340.69_out,-5.8,13.103,7.912
441740_uff_e=1340.69_out,-5.8,26.976,23.893
441741_uff_e=1453.69_out,-6.4,0.0,0.0
441741_uff_e=1453.69_out,-6.2,25.73,20.83
441741_uff_e=1453.69_out,-6.1,24.957,21.258
441741_uff_e=1453.69_out,-6.0,11.411,7.267
441741_uff_e=1453.69_out,-5.9,10.485,5.203
441741_uff_e=1453.69_out,-5.9,10.286,3.607
441741_uff_e=1453.69_out,-5.7,4.928,3.203
441741_uff_e=1453.69_out,-5.6,29.391,25.729
441741_uff_e=1453.69_out,-5.6,25.616,22.595
441742_uff_e=1241.09_out,-6.5,0.0,0.0
441742_uff_e=1241.09_out,-6.5,9.805,6.884
441742_uff_e=1241.09_out,-6.4,5.534,2.428
441742_uff_e=1241.09_out,-6.3,4.943,3.207
441742_uff_e=1241.09_out,-6.3,3.446,1.855
441742_uff_e=1241.09_out,-6.3,11.638,8.531
441742_uff_e=1241.09_out,-6.2,25.415,23.579
441742_uff_e=1241.09_out,-6.1,25.049,23.428
441742_uff_e=1241.09_out,-6.1,10.584,7.843
441743_uff_e=1423.01_out,-6.8,0.0,0.0
441743_uff_e=1423.01_out,-6.8,8.155,2.599
441743_uff_e=1423.01_out,-6.8,24.47,20.629
441743_uff_e=1423.01_out,-6.7,9.997,5.153
441743_uff_e=1423.01_out,-6.7,24.499,20.748
441743_uff_e=1423.01_out,-6.7,12.247,7.248
441743_uff_e=1423.01_out,-6.6,8.056,2.304
441743_uff_e=1423.01_out,-6.6,8.389,3.955
441743_uff_e=1423.01_out,-6.6,24.918,21.285
441744_uff_e=512.62_out,-7.2,0.0,0.0
441744_uff_e=512.62_out,-7.1,2.625,1.953
441744_uff_e=512.62_out,-6.9,4.957,2.418
441744_uff_e=512.62_out,-6.8,6.062,2.56
441744_uff_e=512.62_out,-6.6,3.762,1.961
441744_uff_e=512.62_out,-6.3,28.692,26.47
441744_uff_e=512.62_out,-6.3,24.517,22.788
441744_uff_e=512.62_out,-6.3,24.81,22.455
441744_uff_e=512.62_out,-6.2,24.09,22.498
441745_uff_e=1666.54_out,-7.3,0.0,0.0
441745_uff_e=1666.54_out,-6.9,6.831,3.05
441745_uff_e=1666.54_out,-6.7,6.564,2.963
441745_uff_e=1666.54_out,-6.5,28.719,24.937
441745_uff_e=1666.54_out,-6.3,13.113,7.338
441745_uff_e=1666.54_out,-6.3,7.105,3.695
441745_uff_e=1666.54_out,-6.3,26.305,23.947
441745_uff_e=1666.54_out,-6.2,6.766,3.006
441745_uff_e=1666.54_out,-6.2,26.896,23.477
441746_uff_e=1480.72_out,-6.0,0.0,0.0
441746_uff_e=1480.72_out,-5.7,11.496,7.648
441746_uff_e=1480.72_out,-5.6,5.509,2.086
441746_uff_e=1480.72_out,-5.5,13.542,9.681
441746_uff_e=1480.72_out,-5.4,25.855,23.324
441746_uff_e=1480.72_out,-5.3,10.904,6.648
441746_uff_e=1480.72_out,-5.3,25.251,23.025
441746_uff_e=1480.72_out,-5.3,12.481,8.102
441746_uff_e=1480.72_out,-5.3,24.938,22.805
441747_uff_e=1417.43_out,-6.4,0.0,0.0
441747_uff_e=1417.43_out,-6.4,6.234,3.452
441747_uff_e=1417.43_out,-6.2,25.723,22.039
441747_uff_e=1417.43_out,-6.0,12.176,6.814
441747_uff_e=1417.43_out,-6.0,10.242,5.579
441747_uff_e=1417.43_out,-6.0,24.771,21.27
441747_uff_e=1417.43_out,-6.0,29.327,26.255
441747_uff_e=1417.43_out,-6.0,4.445,2.9
441747_uff_e=1417.43_out,-5.9,13.507,8.416
441748_uff_e=1670.74_out,-7.4,0.0,0.0
441748_uff_e=1670.74_out,-7.0,6.778,2.957
441748_uff_e=1670.74_out,-6.8,2.011,1.471
441748_uff_e=1670.74_out,-6.7,6.6,3.113
441748_uff_e=1670.74_out,-6.6,28.64,24.768
441748_uff_e=1670.74_out,-6.5,8.684,3.075
441748_uff_e=1670.74_out,-6.5,9.337,5.823
441748_uff_e=1670.74_out,-6.5,6.786,3.014
441748_uff_e=1670.74_out,-6.4,25.787,23.072
441749_uff_e=965.69_out,-6.3,0.0,0.0
441749_uff_e=965.69_out,-6.3,4.787,2.321
441749_uff_e=965.69_out,-6.3,23.026,20.954
441749_uff_e=965.69_out,-6.3,5.565,2.573
441749_uff_e=965.69_out,-6.2,17.136,13.785
441749_uff_e=965.69_out,-6.2,5.458,3.017
441749_uff_e=965.69_out,-6.1,5.376,2.49
441749_uff_e=965.69_out,-6.1,5.299,1.855
441749_uff_e=965.69_out,-6.1,25.259,23.054
441752_uff_e=1439.44_out,-6.4,0.0,0.0
441752_uff_e=1439.44_out,-6.3,26.023,21.33
441752_uff_e=1439.44_out,-6.2,26.198,23.449
441752_uff_e=1439.44_out,-6.2,25.215,22.486
441752_uff_e=1439.44_out,-6.1,26.086,21.378
441752_uff_e=1439.44_out,-6.1,25.854,21.277
441752_uff_e=1439.44_out,-6.1,7.993,4.475
441752_uff_e=1439.44_out,-6.1,25.578,22.934
441752_uff_e=1439.44_out,-6.1,25.042,22.248
441753_uff_e=1117.04_out,-6.7,0.0,0.0
441753_uff_e=1117.04_out,-6.6,25.452,22.833
441753_uff_e=1117.04_out,-6.2,23.502,20.149
441753_uff_e=1117.04_out,-6.2,25.938,23.384
441753_uff_e=1117.04_out,-6.2,7.017,2.389
441753_uff_e=1117.04_out,-6.1,21.189,18.28
441753_uff_e=1117.04_out,-6.1,25.952,24.384
441753_uff_e=1117.04_out,-6.1,26.486,23.108
441753_uff_e=1117.04_out,-6.0,10.147,6.935
441757_uff_e=942.71_out,-7.6,0.0,0.0
441757_uff_e=942.71_out,-7.6,24.479,22.479
441757_uff_e=942.71_out,-6.9,4.209,2.364
441757_uff_e=942.71_out,-6.8,6.214,1.886
441757_uff_e=942.71_out,-6.8,25.497,22.341
441757_uff_e=942.71_out,-6.7,10.279,7.315
441757_uff_e=942.71_out,-6.7,14.267,10.819
441757_uff_e=942.71_out,-6.7,24.793,23.028
441757_uff_e=942.71_out,-6.5,6.573,2.564
441760_uff_e=2766.74_out,-9.6,0.0,0.0
441760_uff_e=2766.74_out,-9.0,10.733,6.663
441760_uff_e=2766.74_out,-9.0,27.027,22.555
441760_uff_e=2766.74_out,-8.7,9.083,1.679
441760_uff_e=2766.74_out,-8.7,9.224,2.208
441760_uff_e=2766.74_out,-8.7,9.131,5.407
441760_uff_e=2766.74_out,-8.7,26.695,23.106
441760_uff_e=2766.74_out,-8.6,9.153,2.267
441760_uff_e=2766.74_out,-8.6,9.166,1.48
441761_uff_e=1190.99_out,-6.4,0.0,0.0
441761_uff_e=1190.99_out,-6.2,12.463,10.226
441761_uff_e=1190.99_out,-6.2,11.605,8.625
441761_uff_e=1190.99_out,-6.0,13.057,10.905
441761_uff_e=1190.99_out,-6.0,25.011,23.302
441761_uff_e=1190.99_out,-5.9,5.79,2.889
441761_uff_e=1190.99_out,-5.8,25.494,23.643
441761_uff_e=1190.99_out,-5.7,3.402,1.81
441761_uff_e=1190.99_out,-5.7,24.872,22.912
441762_uff_e=703.35_out,-7.2,0.0,0.0
441762_uff_e=703.35_out,-7.0,5.388,1.752
441762_uff_e=703.35_out,-6.7,14.724,11.889
441762_uff_e=703.35_out,-6.7,5.621,1.94
441762_uff_e=703.35_out,-6.6,4.079,1.934
441762_uff_e=703.35_out,-6.6,22.76,20.708
441762_uff_e=703.35_out,-6.5,4.012,2.69
441762_uff_e=703.35_out,-6.4,22.684,20.878
441762_uff_e=703.35_out,-6.4,5.065,2.362
441763_uff_e=1310.49_out,-6.3,0.0,0.0
441763_uff_e=1310.49_out,-5.9,11.635,8.378
441763_uff_e=1310.49_out,-5.8,24.974,22.563
441763_uff_e=1310.49_out,-5.7,4.6,2.244
441763_uff_e=1310.49_out,-5.6,5.623,2.627
441763_uff_e=1310.49_out,-5.6,6.571,2.156
441763_uff_e=1310.49_out,-5.5,15.81,10.454
441763_uff_e=1310.49_out,-5.5,27.462,24.723
441763_uff_e=1310.49_out,-5.5,26.1,23.247
441764_uff_e=475.09_out,-8.3,0.0,0.0
441764_uff_e=475.09_out,-7.8,23.636,22.071
441764_uff_e=475.09_out,-7.8,24.829,21.89
441764_uff_e=475.09_out,-7.6,10.459,1.851
441764_uff_e=475.09_out,-7.6,24.004,21.434
441764_uff_e=475.09_out,-7.5,27.666,23.981
441764_uff_e=475.09_out,-7.5,24.578,21.32
441764_uff_e=475.09_out,-7.4,9.969,1.995
441764_uff_e=475.09_out,-7.3,32.405,29.392
441765_uff_e=862.03_out,-7.0,0.0,0.0
441765_uff_e=862.03_out,-6.8,9.128,2.469
441765_uff_e=862.03_out,-6.8,7.11,3.767
441765_uff_e=862.03_out,-6.8,25.84,21.648
441765_uff_e=862.03_out,-6.7,22.617,18.664
441765_uff_e=862.03_out,-6.7,25.941,21.638
441765_uff_e=862.03_out,-6.7,26.885,22.853
441765_uff_e=862.03_out,-6.7,9.118,2.588
441765_uff_e=862.03_out,-6.6,8.935,2.423
441767_uff_e=363.19_out,-7.6,0.0,0.0
441767_uff_e=363.19_out,-7.4,27.916,24.384
441767_uff_e=363.19_out,-7.4,25.432,21.365
441767_uff_e=363.19_out,-7.4,23.946,19.761
441767_uff_e=363.19_out,-7.4,6.858,2.404
441767_uff_e=363.19_out,-7.4,7.685,2.401
441767_uff_e=363.19_out,-7.4,24.372,19.785
441767_uff_e=363.19_out,-7.3,24.451,18.518
441767_uff_e=363.19_out,-7.3,27.588,24.267
441772_uff_e=673.55_out,-7.1,0.0,0.0
441772_uff_e=673.55_out,-7.1,8.661,2.444
441772_uff_e=673.55_out,-7.0,27.125,23.609
441772_uff_e=673.55_out,-6.8,9.683,3.999
441772_uff_e=673.55_out,-6.8,9.845,2.143
441772_uff_e=673.55_out,-6.8,9.675,6.924
441772_uff_e=673.55_out,-6.7,21.939,17.506
441772_uff_e=673.55_out,-6.7,25.227,21.033
441772_uff_e=673.55_out,-6.7,9.173,3.008
441775_uff_e=343.72_out,-6.8,0.0,0.0
441775_uff_e=343.72_out,-6.6,24.316,22.147
441775_uff_e=343.72_out,-6.6,24.012,22.961
441775_uff_e=343.72_out,-6.5,7.122,1.642
441775_uff_e=343.72_out,-6.5,24.035,22.74
441775_uff_e=343.72_out,-6.4,23.392,22.422
441775_uff_e=343.72_out,-6.4,14.954,13.55
441775_uff_e=343.72_out,-6.4,10.474,9.494
441775_uff_e=343.72_out,-6.4,23.712,22.247
441777_uff_e=437.92_out,-6.7,0.0,0.0
441777_uff_e=437.92_out,-6.6,2.101,0.971
441777_uff_e=437.92_out,-6.2,24.721,22.424
441777_uff_e=437.92_out,-6.0,13.954,9.592
441777_uff_e=437.92_out,-6.0,13.642,8.928
441777_uff_e=437.92_out,-5.9,3.936,2.053
441777_uff_e=437.92_out,-5.9,4.018,2.181
441777_uff_e=437.92_out,-5.9,22.257,21.456
441777_uff_e=437.92_out,-5.8,23.544,21.353
441784_uff_e=707.79_out,-6.6,0.0,0.0
441784_uff_e=707.79_out,-6.4,25.639,22.994
441784_uff_e=707.79_out,-6.3,10.707,7.111
441784_uff_e=707.79_out,-6.2,6.989,2.199
441784_uff_e=707.79_out,-6.1,14.106,11.799
441784_uff_e=707.79_out,-6.1,12.112,8.546
441784_uff_e=707.79_out,-6.1,8.787,5.376
441784_uff_e=707.79_out,-6.1,9.492,6.537
441784_uff_e=707.79_out,-6.1,25.121,23.26
441788_uff_e=752.12_out,-7.2,0.0,0.0
441788_uff_e=752.12_out,-7.1,17.609,15.13
441788_uff_e=752.12_out,-6.9,12.904,10.257
441788_uff_e=752.12_out,-6.7,13.175,9.596
441788_uff_e=752.12_out,-6.6,22.071,20.238
441788_uff_e=752.12_out,-6.6,10.381,6.871
441788_uff_e=752.12_out,-6.5,13.65,10.287
441788_uff_e=752.12_out,-6.5,22.581,20.036
441788_uff_e=752.12_out,-6.5,9.707,6.888
441789_uff_e=959.53_out,-7.5,0.0,0.0
441789_uff_e=959.53_out,-7.4,23.562,20.409
441789_uff_e=959.53_out,-7.4,2.564,1.9
441789_uff_e=959.53_out,-7.3,9.499,2.255
441789_uff_e=959.53_out,-7.2,3.722,2.058
441789_uff_e=959.53_out,-7.1,1.898,1.119
441789_uff_e=959.53_out,-7.1,9.822,3.003
441789_uff_e=959.53_out,-7.0,9.64,4.514
441789_uff_e=959.53_out,-7.0,2.021,1.702
441790_uff_e=717.30_out,-6.9,0.0,0.0
441790_uff_e=717.30_out,-6.5,10.838,7.137
441790_uff_e=717.30_out,-6.4,25.516,22.935
441790_uff_e=717.30_out,-6.2,14.015,11.587
441790_uff_e=717.30_out,-6.2,9.75,7.721
441790_uff_e=717.30_out,-6.1,8.075,4.489
441790_uff_e=717.30_out,-6.0,14.143,9.706
441790_uff_e=717.30_out,-6.0,7.607,5.246
441790_uff_e=717.30_out,-6.0,25.316,22.549
441791_uff_e=674.36_out,-6.9,0.0,0.0
441791_uff_e=674.36_out,-6.9,18.457,15.884
441791_uff_e=674.36_out,-6.8,22.837,20.363
441791_uff_e=674.36_out,-6.6,18.459,16.114
441791_uff_e=674.36_out,-6.5,17.771,15.66
441791_uff_e=674.36_out,-6.5,23.379,20.843
441791_uff_e=674.36_out,-6.3,18.433,16.122
441791_uff_e=674.36_out,-6.3,23.097,20.832
441791_uff_e=674.36_out,-6.2,30.504,27.836
441792_uff_e=468.84_out,-7.0,0.0,0.0
441792_uff_e=468.84_out,-6.9,5.227,2.16
441792_uff_e=468.84_out,-6.9,22.846,20.59
441792_uff_e=468.84_out,-6.8,5.853,1.542
441792_uff_e=468.84_out,-6.8,12.573,9.059
441792_uff_e=468.84_out,-6.7,9.918,7.298
441792_uff_e=468.84_out,-6.6,12.222,9.688
441792_uff_e=468.84_out,-6.5,12.043,8.689
441792_uff_e=468.84_out,-6.4,5.538,2.485
441793_uff_e=602.18_out,-7.1,0.0,0.0
441793_uff_e=602.18_out,-7.1,21.979,20.008
441793_uff_e=602.18_out,-6.9,15.702,13.45
441793_uff_e=602.18_out,-6.8,4.914,3.199
441793_uff_e=602.18_out,-6.5,16.891,15.025
441793_uff_e=602.18_out,-6.5,22.977,21.215
441793_uff_e=602.18_out,-6.5,17.767,15.598
441793_uff_e=602.18_out,-6.4,17.104,14.839
441793_uff_e=602.18_out,-6.3,16.295,14.563
441794_uff_e=765.02_out,-6.8,0.0,0.0
441794_uff_e=765.02_out,-6.6,8.137,3.445
441794_uff_e=765.02_out,-6.5,9.228,6.542
441794_uff_e=765.02_out,-6.5,16.698,13.903
441794_uff_e=765.02_out,-6.4,25.178,22.517
441794_uff_e=765.02_out,-6.4,6.717,2.823
441794_uff_e=765.02_out,-6.3,23.097,20.558
441794_uff_e=765.02_out,-6.3,6.514,3.45
441794_uff_e=765.02_out,-6.3,7.256,2.907
441796_uff_e=727.72_out,-7.0,0.0,0.0
441796_uff_e=727.72_out,-6.8,9.231,6.311
441796_uff_e=727.72_out,-6.7,16.34,13.645
441796_uff_e=727.72_out,-6.5,25.341,22.71
441796_uff_e=727.72_out,-6.5,6.708,3.691
441796_uff_e=727.72_out,-6.5,12.034,9.758
441796_uff_e=727.72_out,-6.4,6.992,2.529
441796_uff_e=727.72_out,-6.4,8.425,3.526
441796_uff_e=727.72_out,-6.3,11.162,7.816
441797_uff_e=680.65_out,-7.2,0.0,0.0
441797_uff_e=680.65_out,-7.1,23.032,20.797
441797_uff_e=680.65_out,-7.0,18.037,15.471
441797_uff_e=680.65_out,-6.8,9.884,7.229
441797_uff_e=680.65_out,-6.6,10.535,6.998
441797_uff_e=680.65_out,-6.5,17.246,13.948
441797_uff_e=680.65_out,-6.4,5.285,2.043
441797_uff_e=680.65_out,-6.4,13.739,10.155
441797_uff_e=680.65_out,-6.4,3.631,1.958
441801_uff_e=2500.59_out,-7.2,0.0,0.0
441801_uff_e=2500.59_out,-7.0,4.712,2.304
441801_uff_e=2500.59_out,-7.0,24.625,22.091
441801_uff_e=2500.59_out,-7.0,26.334,22.841
441801_uff_e=2500.59_out,-7.0,24.683,20.824
441801_uff_e=2500.59_out,-6.9,8.256,3.227
441801_uff_e=2500.59_out,-6.8,6.953,2.565
441801_uff_e=2500.59_out,-6.7,26.125,23.458
441801_uff_e=2500.59_out,-6.7,8.613,4.006
441802_uff_e=740.19_out,-6.6,0.0,0.0
441802_uff_e=740.19_out,-6.4,9.501,5.951
441802_uff_e=740.19_out,-6.4,7.415,1.583
441802_uff_e=740.19_out,-6.3,7.411,1.772
441802_uff_e=740.19_out,-6.2,26.358,23.073
441802_uff_e=740.19_out,-6.2,20.373,16.297
441802_uff_e=740.19_out,-6.2,23.63,20.029
441802_uff_e=740.19_out,-6.2,23.987,21.799
441802_uff_e=740.19_out,-6.1,11.26,7.654
441803_uff_e=709.72_out,-6.5,0.0,0.0
441803_uff_e=709.72_out,-6.4,24.195,21.224
441803_uff_e=709.72_out,-6.3,24.232,21.278
441803_uff_e=709.72_out,-6.2,18.597,15.724
441803_uff_e=709.72_out,-6.1,17.327,14.76
441803_uff_e=709.72_out,-6.1,2.416,1.89
441803_uff_e=709.72_out,-6.1,23.696,21.448
441803_uff_e=709.72_out,-6.0,24.745,21.592
441803_uff_e=709.72_out,-6.0,22.645,20.942
441805_uff_e=2425.35_out,-8.1,0.0,0.0
441805_uff_e=2425.35_out,-7.9,25.753,22.449
441805_uff_e=2425.35_out,-7.9,24.581,22.057
441805_uff_e=2425.35_out,-7.7,4.969,3.09
441805_uff_e=2425.35_out,-7.7,22.256,18.869
441805_uff_e=2425.35_out,-7.4,7.326,2.621
441805_uff_e=2425.35_out,-7.3,4.112,2.539
441805_uff_e=2425.35_out,-7.3,8.396,3.158
441805_uff_e=2425.35_out,-7.2,25.769,23.55
441807_uff_e=657.64_out,-7.2,0.0,0.0
441807_uff_e=657.64_out,-7.1,12.5,10.272
441807_uff_e=657.64_out,-6.8,4.501,2.115
441807_uff_e=657.64_out,-6.6,22.188,20.277
441807_uff_e=657.64_out,-6.6,13.584,11.21
441807_uff_e=657.64_out,-6.6,4.195,2.016
441807_uff_e=657.64_out,-6.5,11.262,8.872
441807_uff_e=657.64_out,-6.5,10.618,8.741
441807_uff_e=657.64_out,-6.4,12.118,9.865
441808_uff_e=717.93_out,-6.8,0.0,0.0
441808_uff_e=717.93_out,-6.8,8.468,5.133
441808_uff_e=717.93_out,-6.6,7.496,1.893
441808_uff_e=717.93_out,-6.5,8.268,5.159
441808_uff_e=717.93_out,-6.4,18.516,15.846
441808_uff_e=717.93_out,-6.4,28.029,24.201
441808_uff_e=717.93_out,-6.4,14.493,10.405
441808_uff_e=717.93_out,-6.3,24.978,22.098
441808_uff_e=717.93_out,-6.2,7.818,2.618
441809_uff_e=746.42_out,-6.8,0.0,0.0
441809_uff_e=746.42_out,-6.6,9.866,6.654
441809_uff_e=746.42_out,-6.4,13.897,11.296
441809_uff_e=746.42_out,-6.4,1.646,1.146
441809_uff_e=746.42_out,-6.3,9.44,5.476
441809_uff_e=746.42_out,-6.3,10.824,7.692
441809_uff_e=746.42_out,-6.3,12.419,8.964
441809_uff_e=746.42_out,-6.2,25.735,23.009
441809_uff_e=746.42_out,-6.1,8.569,5.176
441812_uff_e=2419.76_out,-7.9,0.0,0.0
441812_uff_e=2419.76_out,-7.8,25.723,22.37
441812_uff_e=2419.76_out,-7.7,10.145,6.663
441812_uff_e=2419.76_out,-7.6,8.207,3.659
441812_uff_e=2419.76_out,-7.5,6.83,3.723
441812_uff_e=2419.76_out,-7.4,25.159,22.367
441812_uff_e=2419.76_out,-7.3,3.388,2.173
441812_uff_e=2419.76_out,-7.0,5.314,2.768
441812_uff_e=2419.76_out,-6.9,11.397,8.875
441813_uff_e=887.93_out,-7.1,0.0,0.0
441813_uff_e=887.93_out,-6.7,9.177,2.719
441813_uff_e=887.93_out,-6.6,25.02,22.233
441813_uff_e=887.93_out,-6.6,23.374,21.064
441813_uff_e=887.93_out,-6.5,3.82,2.311
441813_uff_e=887.93_out,-6.3,8.238,2.414
441813_uff_e=887.93_out,-6.2,23.983,21.222
441813_uff_e=887.93_out,-6.2,25.151,22.506
441813_uff_e=887.93_out,-6.1,7.94,2.08
441818_uff_e=958.34_out,-6.9,0.0,0.0
441818_uff_e=958.34_out,-6.7,25.415,23.399
441818_uff_e=958.34_out,-6.6,2.491,1.657
441818_uff_e=958.34_out,-6.5,3.947,2.263
441818_uff_e=958.34_out,-6.3,6.713,3.533
441818_uff_e=958.34_out,-6.3,26.223,23.8
441818_uff_e=958.34_out,-6.3,24.215,19.575
441818_uff_e=958.34_out,-6.2,9.163,3.128
441818_uff_e=958.34_out,-6.2,26.695,24.248
441819_uff_e=904.57_out,-7.2,0.0,0.0
441819_uff_e=904.57_out,-7.0,2.754,1.747
441819_uff_e=904.57_out,-6.8,26.412,23.835
441819_uff_e=904.57_out,-6.5,1.978,1.718
441819_uff_e=904.57_out,-6.5,3.051,1.924
441819_uff_e=904.57_out,-6.5,26.866,23.792
441819_uff_e=904.57_out,-6.4,25.621,23.678
441819_uff_e=904.57_out,-6.4,26.1,23.328
441819_uff_e=904.57_out,-6.4,8.05,2.377
441820_uff_e=844.39_out,-6.8,0.0,0.0
441820_uff_e=844.39_out,-6.6,2.946,1.753
441820_uff_e=844.39_out,-6.4,25.444,23.204
441820_uff_e=844.39_out,-6.3,26.376,23.64
441820_uff_e=844.39_out,-6.3,27.322,24.302
441820_uff_e=844.39_out,-6.3,2.91,2.026
441820_uff_e=844.39_out,-6.3,26.673,23.942
441820_uff_e=844.39_out,-6.3,25.073,22.932
441820_uff_e=844.39_out,-6.2,7.931,2.129
441822_uff_e=996.06_out,-7.0,0.0,0.0
441822_uff_e=996.06_out,-6.9,25.131,23.329
441822_uff_e=996.06_out,-6.8,24.971,21.069
441822_uff_e=996.06_out,-6.7,24.658,21.085
441822_uff_e=996.06_out,-6.7,6.487,3.876
441822_uff_e=996.06_out,-6.7,25.724,22.409
441822_uff_e=996.06_out,-6.7,24.799,21.399
441822_uff_e=996.06_out,-6.7,1.236,1.04
441822_uff_e=996.06_out,-6.6,25.936,23.242
441824_uff_e=982.96_out,-7.5,0.0,0.0
441824_uff_e=982.96_out,-7.3,8.51,1.838
441824_uff_e=982.96_out,-7.3,7.162,3.343
441824_uff_e=982.96_out,-7.2,3.165,1.934
441824_uff_e=982.96_out,-7.2,25.363,21.716
441824_uff_e=982.96_out,-7.0,23.275,19.285
441824_uff_e=982.96_out,-7.0,23.571,20.208
441824_uff_e=982.96_out,-6.9,9.297,2.502
441824_uff_e=982.96_out,-6.9,26.847,23.733
441826_uff_e=758.70_out,-6.8,0.0,0.0
441826_uff_e=758.70_out,-6.6,23.204,20.608
441826_uff_e=758.70_out,-6.4,25.6,22.846
441826_uff_e=758.70_out,-6.4,5.96,3.118
441826_uff_e=758.70_out,-6.3,24.603,21.948
441826_uff_e=758.70_out,-6.3,5.058,2.901
441826_uff_e=758.70_out,-6.2,25.735,23.005
441826_uff_e=758.70_out,-6.1,6.206,3.492
441826_uff_e=758.70_out,-6.1,23.417,21.009
441828_uff_e=775.23_out,-6.7,0.0,0.0
441828_uff_e=775.23_out,-6.0,25.594,23.778
441828_uff_e=775.23_out,-5.9,23.932,20.713
441828_uff_e=775.23_out,-5.9,24.894,22.422
441828_uff_e=775.23_out,-5.8,11.28,5.639
441828_uff_e=775.23_out,-5.8,7.698,4.997
441828_uff_e=775.23_out,-5.8,23.796,21.594
441828_uff_e=775.23_out,-5.8,8.294,2.32
441828_uff_e=775.23_out,-5.7,8.78,2.127
441830_uff_e=782.29_out,-6.9,0.0,0.0
441830_uff_e=782.29_out,-6.4,26.035,23.661
441830_uff_e=782.29_out,-6.3,25.559,22.863
441830_uff_e=782.29_out,-6.3,3.563,2.122
441830_uff_e=782.29_out,-6.2,2.287,1.576
441830_uff_e=782.29_out,-6.2,23.726,21.211
441830_uff_e=782.29_out,-6.2,23.487,18.756
441830_uff_e=782.29_out,-6.1,2.727,1.855
441830_uff_e=782.29_out,-6.1,6.106,2.937
441831_uff_e=623.28_out,-7.6,0.0,0.0
441831_uff_e=623.28_out,-6.9,2.195,1.572
441831_uff_e=623.28_out,-6.8,22.526,18.284
441831_uff_e=623.28_out,-6.8,8.057,1.996
441831_uff_e=623.28_out,-6.6,4.361,3.061
441831_uff_e=623.28_out,-6.6,27.356,23.169
441831_uff_e=623.28_out,-6.5,8.692,2.377
441831_uff_e=623.28_out,-6.5,7.673,1.634
441831_uff_e=623.28_out,-6.5,8.29,2.127
441832_uff_e=2073.09_out,-6.5,0.0,0.0
441832_uff_e=2073.09_out,-6.4,26.022,23.168
441832_uff_e=2073.09_out,-6.3,25.531,24.088
441832_uff_e=2073.09_out,-6.3,25.557,24.107
441832_uff_e=2073.09_out,-6.2,26.058,23.887
441832_uff_e=2073.09_out,-6.2,29.212,26.357
441832_uff_e=2073.09_out,-6.0,25.985,24.072
441832_uff_e=2073.09_out,-6.0,5.578,2.642
441832_uff_e=2073.09_out,-6.0,26.062,23.859
441833_uff_e=808.09_out,-7.0,0.0,0.0
441833_uff_e=808.09_out,-6.8,23.326,18.884
441833_uff_e=808.09_out,-6.5,3.343,1.819
441833_uff_e=808.09_out,-6.4,23.365,20.335
441833_uff_e=808.09_out,-6.4,7.739,1.622
441833_uff_e=808.09_out,-6.3,4.953,2.707
441833_uff_e=808.09_out,-6.3,2.507,1.734
441833_uff_e=808.09_out,-6.3,8.052,1.878
441833_uff_e=808.09_out,-6.2,28.664,25.742
441835_uff_e=629.40_out,-7.5,0.0,0.0
441835_uff_e=629.40_out,-7.5,6.009,2.834
441835_uff_e=629.40_out,-7.3,24.785,23.34
441835_uff_e=629.40_out,-7.1,10.608,8.964
441835_uff_e=629.40_out,-6.9,17.824,14.846
441835_uff_e=629.40_out,-6.9,24.725,22.389
441835_uff_e=629.40_out,-6.8,13.412,10.482
441835_uff_e=629.40_out,-6.8,10.152,8.311
441835_uff_e=629.40_out,-6.7,25.296,23.331
441836_uff_e=780.76_out,-7.1,0.0,0.0
441836_uff_e=780.76_out,-6.5,8.165,2.314
441836_uff_e=780.76_out,-6.3,24.291,22.562
441836_uff_e=780.76_out,-6.2,23.762,20.392
441836_uff_e=780.76_out,-6.2,2.993,1.398
441836_uff_e=780.76_out,-6.2,26.023,24.127
441836_uff_e=780.76_out,-6.1,24.908,22.181
441836_uff_e=780.76_out,-6.1,3.282,2.224
441836_uff_e=780.76_out,-6.1,23.754,21.556
441837_uff_e=620.40_out,-6.6,0.0,0.0
441837_uff_e=620.40_out,-6.6,4.263,2.584
441837_uff_e=620.40_out,-6.5,23.44,20.11
441837_uff_e=620.40_out,-6.5,9.488,4.167
441837_uff_e=620.40_out,-6.4,23.545,19.965
441837_uff_e=620.40_out,-6.4,36.079,33.793
441837_uff_e=620.40_out,-6.4,8.773,3.769
441837_uff_e=620.40_out,-6.2,2.07,1.465
441837_uff_e=620.40_out,-6.2,8.067,3.679
441838_uff_e=1006.27_out,-7.8,0.0,0.0
441838_uff_e=1006.27_out,-7.7,1.679,1.089
441838_uff_e=1006.27_out,-7.6,10.273,1.923
441838_uff_e=1006.27_out,-7.5,5.845,3.965
441838_uff_e=1006.27_out,-7.5,10.7,2.395
441838_uff_e=1006.27_out,-7.5,24.245,19.524
441838_uff_e=1006.27_out,-7.3,26.768,24.361
441838_uff_e=1006.27_out,-7.1,10.463,2.1
441838_uff_e=1006.27_out,-7.1,10.619,2.305
441839_uff_e=384.34_out,-6.6,0.0,0.0
441839_uff_e=384.34_out,-6.6,2.739,0.964
441839_uff_e=384.34_out,-6.5,1.861,0.443
441839_uff_e=384.34_out,-6.5,3.288,0.992
441839_uff_e=384.34_out,-6.3,24.754,22.607
441839_uff_e=384.34_out,-6.1,26.026,23.707
441839_uff_e=384.34_out,-6.0,26.039,23.719
441839_uff_e=384.34_out,-5.9,23.322,22.044
441839_uff_e=384.34_out,-5.9,25.051,22.702
441840_uff_e=2226.93_out,-7.7,0.0,0.0
441840_uff_e=2226.93_out,-7.6,12.488,5.451
441840_uff_e=2226.93_out,-7.6,29.027,25.321
441840_uff_e=2226.93_out,-7.6,30.858,27.235
441840_uff_e=2226.93_out,-7.5,28.676,25.476
441840_uff_e=2226.93_out,-7.5,28.085,25.415
441840_uff_e=2226.93_out,-7.4,31.227,27.503
441840_uff_e=2226.93_out,-7.3,28.575,23.934
441840_uff_e=2226.93_out,-7.3,12.455,5.198
441842_uff_e=898.34_out,-7.4,0.0,0.0
441842_uff_e=898.34_out,-7.4,6.335,3.709
441842_uff_e=898.34_out,-7.4,24.28,19.818
441842_uff_e=898.34_out,-7.1,23.655,21.602
441842_uff_e=898.34_out,-7.0,5.91,3.444
441842_uff_e=898.34_out,-6.8,2.388,1.546
441842_uff_e=898.34_out,-6.8,26.406,22.94
441842_uff_e=898.34_out,-6.8,23.877,21.048
441842_uff_e=898.34_out,-6.7,10.244,1.713
441843_uff_e=918.46_out,-7.5,0.0,0.0
441843_uff_e=918.46_out,-7.3,6.473,3.686
441843_uff_e=918.46_out,-7.1,9.516,3.774
441843_uff_e=918.46_out,-7.1,22.89,17.991
441843_uff_e=918.46_out,-7.0,22.586,19.824
441843_uff_e=918.46_out,-7.0,5.653,3.36
441843_uff_e=918.46_out,-7.0,23.45,19.532
441843_uff_e=918.46_out,-7.0,2.168,1.621
441843_uff_e=918.46_out,-6.9,22.543,20.474
441844_uff_e=877.22_out,-8.1,0.0,0.0
441844_uff_e=877.22_out,-7.9,26.982,22.717
441844_uff_e=877.22_out,-7.6,22.605,20.562
441844_uff_e=877.22_out,-7.6,24.201,22.173
441844_uff_e=877.22_out,-7.4,24.78,22.839
441844_uff_e=877.22_out,-7.3,26.581,22.515
441844_uff_e=877.22_out,-7.3,10.887,2.372
441844_uff_e=877.22_out,-7.2,10.612,6.064
441844_uff_e=877.22_out,-7.2,26.642,22.508
441845_uff_e=2353.20_out,-8.1,0.0,0.0
441845_uff_e=2353.20_out,-8.0,10.022,6.897
441845_uff_e=2353.20_out,-8.0,25.169,21.495
441845_uff_e=2353.20_out,-8.0,10.511,7.1
441845_uff_e=2353.20_out,-7.8,18.555,14.561
441845_uff_e=2353.20_out,-7.8,25.868,21.929
441845_uff_e=2353.20_out,-7.7,2.17,1.526
441845_uff_e=2353.20_out,-7.6,26.155,22.269
441845_uff_e=2353.20_out,-7.5,32.276,29.881
441848_uff_e=1007.36_out,-7.6,0.0,0.0
441848_uff_e=1007.36_out,-7.6,25.648,21.463
441848_uff_e=1007.36_out,-7.5,6.664,3.769
441848_uff_e=1007.36_out,-7.4,22.452,19.548
441848_uff_e=1007.36_out,-7.3,13.951,8.756
441848_uff_e=1007.36_out,-7.3,2.825,1.887
441848_uff_e=1007.36_out,-7.3,13.138,8.372
441848_uff_e=1007.36_out,-7.2,25.764,21.353
441848_uff_e=1007.36_out,-7.2,28.173,24.782
441849_uff_e=905.88_out,-8.3,0.0,0.0
441849_uff_e=905.88_out,-7.9,9.291,2.247
441849_uff_e=905.88_out,-7.7,27.497,23.971
441849_uff_e=905.88_out,-7.3,24.188,18.356
441849_uff_e=905.88_out,-7.2,23.681,21.588
441849_uff_e=905.88_out,-7.2,24.983,22.87
441849_uff_e=905.88_out,-7.1,27.238,23.659
441849_uff_e=905.88_out,-7.1,24.656,22.515
441849_uff_e=905.88_out,-7.1,10.083,2.934
441851_uff_e=2376.95_out,-7.0,0.0,0.0
441851_uff_e=2376.95_out,-7.0,23.332,18.361
441851_uff_e=2376.95_out,-6.9,1.801,1.322
441851_uff_e=2376.95_out,-6.8,6.293,3.593
441851_uff_e=2376.95_out,-6.6,10.508,2.322
441851_uff_e=2376.95_out,-6.6,36.338,32.278
441851_uff_e=2376.95_out,-6.5,23.322,17.514
441851_uff_e=2376.95_out,-6.4,2.144,1.727
441851_uff_e=2376.95_out,-6.4,10.769,1.953
441852_uff_e=890.43_out,-7.9,0.0,0.0
441852_uff_e=890.43_out,-7.7,5.197,3.487
441852_uff_e=890.43_out,-7.7,1.22,0.963
441852_uff_e=890.43_out,-7.6,23.279,21.477
441852_uff_e=890.43_out,-7.4,24.338,20.091
441852_uff_e=890.43_out,-7.3,2.663,2.027
441852_uff_e=890.43_out,-7.1,24.01,19.948
441852_uff_e=890.43_out,-7.1,10.664,2.536
441852_uff_e=890.43_out,-7.1,10.045,2.047
441853_uff_e=951.30_out,-7.3,0.0,0.0
441853_uff_e=951.30_out,-7.1,9.114,2.105
441853_uff_e=951.30_out,-7.0,23.668,21.441
441853_uff_e=951.30_out,-6.9,25.206,21.334
441853_uff_e=951.30_out,-6.9,2.758,1.88
441853_uff_e=951.30_out,-6.8,25.019,22.355
441853_uff_e=951.30_out,-6.8,9.347,2.945
441853_uff_e=951.30_out,-6.8,24.735,21.75
441853_uff_e=951.30_out,-6.8,24.178,21.323
441854_uff_e=936.08_out,-7.4,0.0,0.0
441854_uff_e=936.08_out,-7.3,22.961,17.775
441854_uff_e=936.08_out,-7.3,6.292,4.048
441854_uff_e=936.08_out,-7.2,22.205,20.37
441854_uff_e=936.08_out,-6.9,23.694,18.95
441854_uff_e=936.08_out,-6.8,24.778,22.624
441854_uff_e=936.08_out,-6.8,9.394,6.619
441854_uff_e=936.08_out,-6.8,29.78,27.375
441854_uff_e=936.08_out,-6.7,22.811,20.786
441856_uff_e=1134.02_out,-7.7,0.0,0.0
441856_uff_e=1134.02_out,-7.7,1.867,0.887
441856_uff_e=1134.02_out,-7.4,8.035,5.269
441856_uff_e=1134.02_out,-7.4,13.541,2.29
441856_uff_e=1134.02_out,-7.3,2.146,1.57
441856_uff_e=1134.02_out,-7.3,14.379,6.101
441856_uff_e=1134.02_out,-7.3,10.578,7.47
441856_uff_e=1134.02_out,-7.1,7.633,5.089
441856_uff_e=1134.02_out,-7.1,13.267,2.074
441857_uff_e=1024.25_out,-7.8,0.0,0.0
441857_uff_e=1024.25_out,-7.4,2.205,1.211
441857_uff_e=1024.25_out,-7.3,2.976,1.667
441857_uff_e=1024.25_out,-7.3,10.629,1.761
441857_uff_e=1024.25_out,-7.2,6.464,4.464
441857_uff_e=1024.25_out,-7.1,21.1,16.966
441857_uff_e=1024.25_out,-7.1,27.744,25.048
441857_uff_e=1024.25_out,-7.0,4.537,2.529
441857_uff_e=1024.25_out,-7.0,22.079,18.454
441858_uff_e=2396.91_out,-8.5,0.0,0.0
441858_uff_e=2396.91_out,-7.9,22.232,20.086
441858_uff_e=2396.91_out,-7.9,1.598,1.385
441858_uff_e=2396.91_out,-7.9,25.314,21.803
441858_uff_e=2396.91_out,-7.8,10.969,5.852
441858_uff_e=2396.91_out,-7.8,25.569,22.571
441858_uff_e=2396.91_out,-7.7,26.557,22.324
441858_uff_e=2396.91_out,-7.6,20.815,17.457
441858_uff_e=2396.91_out,-7.6,24.254,18.307
441860_uff_e=864.77_out,-7.4,0.0,0.0
441860_uff_e=864.77_out,-7.2,1.918,1.384
441860_uff_e=864.77_out,-7.2,5.73,3.685
441860_uff_e=864.77_out,-7.1,10.438,1.757
441860_uff_e=864.77_out,-7.0,2.337,1.602
441860_uff_e=864.77_out,-7.0,23.442,21.535
441860_uff_e=864.77_out,-6.9,26.16,22.527
441860_uff_e=864.77_out,-6.9,24.226,19.907
441860_uff_e=864.77_out,-6.9,25.655,22.366
441861_uff_e=2397.61_out,-8.8,0.0,0.0
441861_uff_e=2397.61_out,-8.3,22.234,20.121
441861_uff_e=2397.61_out,-8.1,11.023,5.868
441861_uff_e=2397.61_out,-8.0,25.222,21.719
441861_uff_e=2397.61_out,-7.9,10.237,2.489
441861_uff_e=2397.61_out,-7.8,24.332,18.482
441861_uff_e=2397.61_out,-7.7,25.48,22.502
441861_uff_e=2397.61_out,-7.5,24.001,21.689
441861_uff_e=2397.61_out,-7.5,32.307,30.003
441862_uff_e=2433.35_out,-9.4,0.0,0.0
441862_uff_e=2433.35_out,-8.4,24.302,18.567
441862_uff_e=2433.35_out,-8.1,25.712,22.24
441862_uff_e=2433.35_out,-8.0,10.655,3.471
441862_uff_e=2433.35_out,-7.8,13.106,5.926
441862_uff_e=2433.35_out,-7.8,2.793,2.161
441862_uff_e=2433.35_out,-7.8,26.092,22.716
441862_uff_e=2433.35_out,-7.7,23.016,20.483
441862_uff_e=2433.35_out,-7.7,5.631,2.893
441863_uff_e=836.99_out,-7.3,0.0,0.0
441863_uff_e=836.99_out,-7.1,10.53,3.484
441863_uff_e=836.99_out,-7.0,25.99,21.983
441863_uff_e=836.99_out,-6.9,26.667,23.231
441863_uff_e=836.99_out,-6.9,10.958,3.458
441863_uff_e=836.99_out,-6.8,11.895,3.883
441863_uff_e=836.99_out,-6.8,8.592,4.949
441863_uff_e=836.99_out,-6.8,26.558,23.072
441863_uff_e=836.99_out,-6.7,23.773,21.419
441864_uff_e=891.24_out,-7.1,0.0,0.0
441864_uff_e=891.24_out,-7.0,25.391,22.504
441864_uff_e=891.24_out,-6.9,27.063,22.864
441864_uff_e=891.24_out,-6.8,26.494,23.156
441864_uff_e=891.24_out,-6.8,12.638,10.195
441864_uff_e=891.24_out,-6.7,11.024,3.175
441864_uff_e=891.24_out,-6.7,26.637,22.539
441864_uff_e=891.24_out,-6.6,26.366,22.659
441864_uff_e=891.24_out,-6.6,24.506,22.52
441865_uff_e=924.13_out,-7.8,0.0,0.0
441865_uff_e=924.13_out,-7.6,25.372,21.692
441865_uff_e=924.13_out,-7.5,9.949,2.733
441865_uff_e=924.13_out,-7.5,1.87,1.387
441865_uff_e=924.13_out,-7.3,23.418,18.796
441865_uff_e=924.13_out,-7.2,23.677,19.645
441865_uff_e=924.13_out,-7.1,22.16,19.058
441865_uff_e=924.13_out,-6.9,6.342,2.752
441865_uff_e=924.13_out,-6.9,6.333,3.243
441866_uff_e=855.64_out,-7.5,0.0,0.0
441866_uff_e=855.64_out,-7.3,12.345,6.594
441866_uff_e=855.64_out,-7.3,12.115,6.26
441866_uff_e=855.64_out,-7.2,26.064,22.497
441866_uff_e=855.64_out,-7.2,23.391,18.411
441866_uff_e=855.64_out,-7.2,22.694,19.23
441866_uff_e=855.64_out,-7.1,25.74,22.025
441866_uff_e=855.64_out,-7.0,26.343,23.283
441866_uff_e=855.64_out,-7.0,24.257,21.578
441867_uff_e=991.08_out,-7.6,0.0,0.0
441867_uff_e=991.08_out,-7.6,24.85,21.038
441867_uff_e=991.08_out,-7.5,23.561,18.9
441867_uff_e=991.08_out,-7.4,23.779,19.26
441867_uff_e=991.08_out,-7.3,24.028,21.821
441867_uff_e=991.08_out,-7.2,23.757,19.189
441867_uff_e=991.08_out,-7.1,10.701,3.226
441867_uff_e=991.08_out,-7.1,21.758,17.971
441867_uff_e=991.08_out,-7.0,21.58,17.48
441868_uff_e=883.27_out,-7.9,0.0,0.0
441868_uff_e=883.27_out,-7.6,25.214,21.426
441868_uff_e=883.27_out,-7.3,23.323,18.658
441868_uff_e=883.27_out,-7.2,21.803,18.801
441868_uff_e=883.27_out,-7.2,23.53,19.466
441868_uff_e=883.27_out,-7.1,10.135,2.706
441868_uff_e=883.27_out,-7.0,6.196,3.333
441868_uff_e=883.27_out,-6.9,24.149,22.119
441868_uff_e=883.27_out,-6.9,24.545,21.782
441869_uff_e=957.46_out,-7.5,0.0,0.0
441869_uff_e=957.46_out,-7.3,24.839,22.433
441869_uff_e=957.46_out,-7.0,25.525,21.417
441869_uff_e=957.46_out,-7.0,4.643,2.934
441869_uff_e=957.46_out,-6.8,25.093,20.932
441869_uff_e=957.46_out,-6.8,24.227,21.837
441869_uff_e=957.46_out,-6.8,9.649,4.117
441869_uff_e=957.46_out,-6.7,5.711,3.519
441869_uff_e=957.46_out,-6.5,6.08,2.997
441870_uff_e=1015.06_out,-8.6,0.0,0.0
441870_uff_e=1015.06_out,-8.3,1.808,1.458
441870_uff_e=1015.06_out,-8.3,11.593,8.125
441870_uff_e=1015.06_out,-8.3,25.396,20.044
441870_uff_e=1015.06_out,-8.2,25.422,20.704
441870_uff_e=1015.06_out,-7.9,22.458,19.774
441870_uff_e=1015.06_out,-7.9,13.344,8.184
441870_uff_e=1015.06_out,-7.8,23.115,16.913
441870_uff_e=1015.06_out,-7.8,13.497,3.38
441871_uff_e=924.77_out,-7.7,0.0,0.0
441871_uff_e=924.77_out,-7.4,6.389,4.088
441871_uff_e=924.77_out,-7.3,24.939,22.931
441871_uff_e=924.77_out,-7.3,10.857,2.79
441871_uff_e=924.77_out,-7.3,4.445,2.277
441871_uff_e=924.77_out,-7.3,33.286,29.782
441871_uff_e=924.77_out,-7.2,5.777,3.494
441871_uff_e=924.77_out,-7.2,14.607,11.801
441871_uff_e=924.77_out,-7.2,29.9,26.672
441874_uff_e=845.03_out,-8.3,0.0,0.0
441874_uff_e=845.03_out,-8.0,23.885,21.992
441874_uff_e=845.03_out,-8.0,26.435,22.612
441874_uff_e=845.03_out,-7.6,10.288,5.692
441874_uff_e=845.03_out,-7.5,22.266,20.241
441874_uff_e=845.03_out,-7.5,24.444,22.39
441874_uff_e=845.03_out,-7.5,24.411,20.636
441874_uff_e=845.03_out,-7.3,25.52,21.48
441874_uff_e=845.03_out,-7.3,27.558,23.318
441875_uff_e=914.81_out,-7.1,0.0,0.0
441875_uff_e=914.81_out,-7.0,27.277,23.429
441875_uff_e=914.81_out,-6.9,24.958,21.929
441875_uff_e=914.81_out,-6.9,10.274,3.764
441875_uff_e=914.81_out,-6.9,6.487,3.946
441875_uff_e=914.81_out,-6.8,5.656,3.446
441875_uff_e=914.81_out,-6.7,9.392,4.049
441875_uff_e=914.81_out,-6.6,10.288,1.745
441875_uff_e=914.81_out,-6.6,5.76,3.537
441876_uff_e=900.87_out,-8.3,0.0,0.0
441876_uff_e=900.87_out,-8.1,7.229,5.646
441876_uff_e=900.87_out,-8.1,5.361,4.022
441876_uff_e=900.87_out,-8.0,5.495,4.295
441876_uff_e=900.87_out,-7.9,30.984,26.128
441876_uff_e=900.87_out,-7.8,24.352,18.768
441876_uff_e=900.87_out,-7.8,7.11,5.504
441876_uff_e=900.87_out,-7.8,28.226,25.248
441876_uff_e=900.87_out,-7.8,3.761,2.198
441880_uff_e=931.82_out,-7.7,0.0,0.0
441880_uff_e=931.82_out,-7.6,4.049,2.125
441880_uff_e=931.82_out,-7.5,8.898,1.763
441880_uff_e=931.82_out,-7.5,21.607,19.573
441880_uff_e=931.82_out,-7.3,37.383,35.225
441880_uff_e=931.82_out,-7.3,3.847,2.511
441880_uff_e=931.82_out,-7.2,28.263,25.821
441880_uff_e=931.82_out,-7.2,9.642,2.545
441880_uff_e=931.82_out,-7.1,24.321,20.692
441881_uff_e=811.21_out,-8.0,0.0,0.0
441881_uff_e=811.21_out,-7.7,3.791,2.068
441881_uff_e=811.21_out,-7.5,4.411,3.024
441881_uff_e=811.21_out,-7.4,25.6,22.694
441881_uff_e=811.21_out,-7.4,24.827,21.581
441881_uff_e=811.21_out,-7.2,35.777,34.034
441881_uff_e=811.21_out,-7.2,37.34,34.458
441881_uff_e=811.21_out,-7.1,37.589,34.128
441881_uff_e=811.21_out,-7.1,23.705,21.062
441883_uff_e=1107.24_out,-8.1,0.0,0.0
441883_uff_e=1107.24_out,-7.8,25.624,21.838
441883_uff_e=1107.24_out,-7.7,2.547,1.979
441883_uff_e=1107.24_out,-7.7,3.039,2.039
441883_uff_e=1107.24_out,-7.6,5.613,3.743
441883_uff_e=1107.24_out,-7.6,10.887,1.906
441883_uff_e=1107.24_out,-7.6,3.878,2.422
441883_uff_e=1107.24_out,-7.4,3.152,1.848
441883_uff_e=1107.24_out,-7.4,8.651,5.371
441886_uff_e=892.20_out,-8.1,0.0,0.0
441886_uff_e=892.20_out,-7.6,9.658,2.032
441886_uff_e=892.20_out,-7.3,25.088,24.096
441886_uff_e=892.20_out,-7.2,9.205,2.176
441886_uff_e=892.20_out,-7.2,24.718,23.719
441886_uff_e=892.20_out,-7.2,26.028,23.766
441886_uff_e=892.20_out,-7.1,38.025,35.342
441886_uff_e=892.20_out,-7.0,10.717,3.227
441886_uff_e=892.20_out,-7.0,37.23,35.399
441887_uff_e=729.61_out,-8.0,0.0,0.0
441887_uff_e=729.61_out,-7.7,9.204,2.075
441887_uff_e=729.61_out,-7.5,3.666,1.852
441887_uff_e=729.61_out,-7.5,9.602,1.872
441887_uff_e=729.61_out,-7.2,25.194,24.147
441887_uff_e=729.61_out,-7.2,24.758,23.734
441887_uff_e=729.61_out,-7.2,37.966,35.192
441887_uff_e=729.61_out,-7.1,4.407,2.937
441887_uff_e=729.61_out,-7.1,22.987,20.566
441893_uff_e=773.21_out,-7.7,0.0,0.0
441893_uff_e=773.21_out,-7.7,9.083,1.818
441893_uff_e=773.21_out,-7.4,4.388,2.244
441893_uff_e=773.21_out,-7.3,9.398,1.903
441893_uff_e=773.21_out,-7.3,26.392,22.393
441893_uff_e=773.21_out,-7.3,21.917,20.045
441893_uff_e=773.21_out,-7.2,24.457,21.025
441893_uff_e=773.21_out,-7.2,27.04,25.029
441893_uff_e=773.21_out,-7.2,35.064,32.033
441898_uff_e=1079.28_out,-8.1,0.0,0.0
441898_uff_e=1079.28_out,-8.0,3.846,2.043
441898_uff_e=1079.28_out,-7.9,10.905,3.148
441898_uff_e=1079.28_out,-7.7,8.888,5.795
441898_uff_e=1079.28_out,-7.7,2.907,1.875
441898_uff_e=1079.28_out,-7.6,11.509,3.041
441898_uff_e=1079.28_out,-7.4,25.349,21.018
441898_uff_e=1079.28_out,-7.3,3.064,2.379
441898_uff_e=1079.28_out,-7.3,23.926,22.153
441900_uff_e=754.20_out,-7.6,0.0,0.0
441900_uff_e=754.20_out,-7.6,4.07,1.941
441900_uff_e=754.20_out,-7.4,9.61,2.33
441900_uff_e=754.20_out,-7.3,25.139,22.108
441900_uff_e=754.20_out,-7.3,9.419,1.774
441900_uff_e=754.20_out,-7.3,9.132,1.732
441900_uff_e=754.20_out,-7.2,4.931,2.854
441900_uff_e=754.20_out,-7.2,8.961,1.617
441900_uff_e=754.20_out,-7.2,25.727,23.138
441902_uff_e=2331.28_out,-8.2,0.0,0.0
441902_uff_e=2331.28_out,-7.9,2.044,1.086
441902_uff_e=2331.28_out,-7.7,25.302,21.908
441902_uff_e=2331.28_out,-7.6,25.329,23.141
441902_uff_e=2331.28_out,-7.5,4.358,2.816
441902_uff_e=2331.28_out,-7.4,2.408,1.131
441902_uff_e=2331.28_out,-7.4,21.135,19.403
441902_uff_e=2331.28_out,-7.4,5.708,3.657
441902_uff_e=2331.28_out,-7.4,11.247,3.292
441913_uff_e=3938.37_out,-9.3,0.0,0.0
441913_uff_e=3938.37_out,-8.8,10.312,3.943
441913_uff_e=3938.37_out,-8.5,10.834,3.07
441913_uff_e=3938.37_out,-8.4,7.087,3.304
441913_uff_e=3938.37_out,-8.2,11.016,3.909
441913_uff_e=3938.37_out,-8.0,10.64,3.32
441913_uff_e=3938.37_out,-8.0,5.478,3.706
441913_uff_e=3938.37_out,-7.9,5.176,3.756
441913_uff_e=3938.37_out,-7.8,28.865,24.856
441928_uff_e=896.31_out,-7.8,0.0,0.0
441928_uff_e=896.31_out,-7.6,2.525,1.636
441928_uff_e=896.31_out,-7.6,6.068,3.464
441928_uff_e=896.31_out,-7.3,10.74,2.48
441928_uff_e=896.31_out,-7.1,10.784,2.596
441928_uff_e=896.31_out,-7.0,28.259,24.974
441928_uff_e=896.31_out,-7.0,27.863,25.09
441928_uff_e=896.31_out,-7.0,10.836,2.037
441928_uff_e=896.31_out,-6.9,28.52,26.276
441931_uff_e=1019.75_out,-7.7,0.0,0.0
441931_uff_e=1019.75_out,-7.5,8.243,5.404
441931_uff_e=1019.75_out,-7.5,7.965,5.086
441931_uff_e=1019.75_out,-7.3,8.086,5.896
441931_uff_e=1019.75_out,-7.2,43.171,37.287
441931_uff_e=1019.75_out,-7.2,10.071,6.787
441931_uff_e=1019.75_out,-7.2,28.64,25.851
441931_uff_e=1019.75_out,-7.2,12.418,8.075
441931_uff_e=1019.75_out,-7.2,30.972,28.14
441936_uff_e=1056.67_out,-7.7,0.0,0.0
441936_uff_e=1056.67_out,-7.5,26.203,23.54
441936_uff_e=1056.67_out,-7.5,3.987,2.287
441936_uff_e=1056.67_out,-7.4,25.546,23.252
441936_uff_e=1056.67_out,-7.3,7.562,2.73
441936_uff_e=1056.67_out,-7.2,7.822,1.788
441936_uff_e=1056.67_out,-7.2,26.312,23.938
441936_uff_e=1056.67_out,-7.1,3.879,2.297
441936_uff_e=1056.67_out,-7.1,7.917,1.58
441939_uff_e=1186.68_out,-7.7,0.0,0.0
441939_uff_e=1186.68_out,-7.7,23.825,20.988
441939_uff_e=1186.68_out,-7.4,24.661,19.676
441939_uff_e=1186.68_out,-7.3,23.63,19.655
441939_uff_e=1186.68_out,-7.0,6.065,3.829
441939_uff_e=1186.68_out,-6.9,29.736,24.292
441939_uff_e=1186.68_out,-6.9,22.569,18.599
441939_uff_e=1186.68_out,-6.8,12.984,8.194
441939_uff_e=1186.68_out,-6.8,20.292,16.268
441942_uff_e=785.96_out,-7.7,0.0,0.0
441942_uff_e=785.96_out,-7.5,2.517,1.747
441942_uff_e=785.96_out,-7.3,25.524,23.376
441942_uff_e=785.96_out,-7.2,9.555,3.248
441942_uff_e=785.96_out,-7.2,5.934,3.282
441942_uff_e=785.96_out,-7.0,6.488,3.359
441942_uff_e=785.96_out,-6.9,34.782,31.774
441942_uff_e=785.96_out,-6.9,25.422,23.6
441942_uff_e=785.96_out,-6.9,26.31,23.561
441958_uff_e=337.79_out,-6.2,0.0,0.0
441958_uff_e=337.79_out,-6.2,2.179,1.071
441958_uff_e=337.79_out,-6.1,23.86,22.682
441958_uff_e=337.79_out,-6.0,3.569,2.178
441958_uff_e=337.79_out,-5.9,2.814,1.933
441958_uff_e=337.79_out,-5.9,26.303,23.018
441958_uff_e=337.79_out,-5.7,6.97,1.387
441958_uff_e=337.79_out,-5.7,23.537,21.861
441958_uff_e=337.79_out,-5.7,22.395,21.863
441959_uff_e=363.06_out,-6.6,0.0,0.0
441959_uff_e=363.06_out,-6.2,8.95,3.83
441959_uff_e=363.06_out,-6.1,2.85,2.142
441959_uff_e=363.06_out,-6.1,1.414,1.339
441959_uff_e=363.06_out,-5.8,13.598,9.789
441959_uff_e=363.06_out,-5.8,25.149,22.741
441959_uff_e=363.06_out,-5.8,8.993,4.457
441959_uff_e=363.06_out,-5.8,5.6,3.182
441959_uff_e=363.06_out,-5.7,16.854,14.971
441960_uff_e=413.43_out,-6.3,0.0,0.0
441960_uff_e=413.43_out,-6.2,21.799,19.359
441960_uff_e=413.43_out,-6.1,21.21,19.676
441960_uff_e=413.43_out,-6.1,24.484,22.718
441960_uff_e=413.43_out,-6.0,6.395,1.21
441960_uff_e=413.43_out,-5.9,6.696,1.336
441960_uff_e=413.43_out,-5.9,21.465,18.716
441960_uff_e=413.43_out,-5.8,5.177,2.512
441960_uff_e=413.43_out,-5.7,32.848,31.325
441961_uff_e=249.65_out,-6.7,0.0,0.0
441961_uff_e=249.65_out,-6.5,25.56,23.331
441961_uff_e=249.65_out,-6.5,24.869,22.638
441961_uff_e=249.65_out,-6.3,18.463,15.695
441961_uff_e=249.65_out,-6.3,26.178,23.579
441961_uff_e=249.65_out,-6.3,2.004,1.505
441961_uff_e=249.65_out,-6.1,9.785,7.028
441961_uff_e=249.65_out,-6.1,26.423,24.011
441961_uff_e=249.65_out,-6.0,27.922,24.401
441966_uff_e=575.12_out,-7.2,0.0,0.0
441966_uff_e=575.12_out,-7.2,19.835,17.594
441966_uff_e=575.12_out,-7.0,19.671,17.337
441966_uff_e=575.12_out,-6.9,2.568,1.062
441966_uff_e=575.12_out,-6.8,22.802,20.983
441966_uff_e=575.12_out,-6.6,12.431,6.134
441966_uff_e=575.12_out,-6.6,20.333,18.326
441966_uff_e=575.12_out,-6.6,18.991,14.86
441966_uff_e=575.12_out,-6.5,2.375,0.995
441968_uff_e=243.77_out,-6.7,0.0,0.0
441968_uff_e=243.77_out,-6.3,3.724,1.284
441968_uff_e=243.77_out,-6.0,9.705,8.204
441968_uff_e=243.77_out,-6.0,6.536,2.519
441968_uff_e=243.77_out,-5.9,25.322,23.17
441968_uff_e=243.77_out,-5.9,22.437,21.51
441968_uff_e=243.77_out,-5.8,22.78,21.387
441968_uff_e=243.77_out,-5.7,2.396,2.147
441968_uff_e=243.77_out,-5.6,17.563,14.919
441970_uff_e=394.93_out,-6.4,0.0,0.0
441970_uff_e=394.93_out,-6.1,21.779,19.379
441970_uff_e=394.93_out,-6.1,21.397,19.735
441970_uff_e=394.93_out,-6.0,6.578,1.556
441970_uff_e=394.93_out,-5.9,21.328,18.643
441970_uff_e=394.93_out,-5.8,24.124,22.658
441970_uff_e=394.93_out,-5.7,6.094,1.284
441970_uff_e=394.93_out,-5.7,22.251,19.646
441970_uff_e=394.93_out,-5.6,33.768,32.097
441971_uff_e=775.98_out,-8.1,0.0,0.0
441971_uff_e=775.98_out,-8.1,4.749,1.98
441971_uff_e=775.98_out,-7.6,5.05,2.226
441971_uff_e=775.98_out,-7.3,12.45,8.884
441971_uff_e=775.98_out,-7.2,4.241,1.914
441971_uff_e=775.98_out,-7.1,23.88,21.382
441971_uff_e=775.98_out,-7.0,3.914,1.629
441971_uff_e=775.98_out,-6.7,5.522,2.267
441971_uff_e=775.98_out,-6.6,24.746,22.416
441975_uff_e=477.87_out,-6.9,0.0,0.0
441975_uff_e=477.87_out,-6.5,24.311,22.433
441975_uff_e=477.87_out,-6.5,9.746,6.191
441975_uff_e=477.87_out,-6.5,21.994,19.218
441975_uff_e=477.87_out,-6.4,22.084,18.557
441975_uff_e=477.87_out,-6.4,25.799,23.672
441975_uff_e=477.87_out,-6.4,36.263,33.665
441975_uff_e=477.87_out,-6.4,26.606,24.69
441975_uff_e=477.87_out,-6.3,24.889,23.079
441976_uff_e=654.04_out,-7.5,0.0,0.0
441976_uff_e=654.04_out,-7.1,4.91,3.119
441976_uff_e=654.04_out,-7.0,6.244,2.986
441976_uff_e=654.04_out,-6.8,24.546,22.422
441976_uff_e=654.04_out,-6.7,2.407,1.668
441976_uff_e=654.04_out,-6.6,25.341,23.397
441976_uff_e=654.04_out,-6.3,5.406,3.551
441976_uff_e=654.04_out,-6.2,23.388,21.928
441976_uff_e=654.04_out,-6.2,25.082,23.079
441979_uff_e=550.72_out,-7.0,0.0,0.0
441979_uff_e=550.72_out,-6.9,17.527,14.144
441979_uff_e=550.72_out,-6.8,25.059,23.776
441979_uff_e=550.72_out,-6.7,26.796,23.952
441979_uff_e=550.72_out,-6.6,25.129,21.694
441979_uff_e=550.72_out,-6.6,26.471,23.418
441979_uff_e=550.72_out,-6.5,25.953,22.412
441979_uff_e=550.72_out,-6.4,20.707,18.776
441979_uff_e=550.72_out,-6.4,26.989,24.104
441980_uff_e=203.89_out,-6.5,0.0,0.0
441980_uff_e=203.89_out,-6.3,20.176,19.464
441980_uff_e=203.89_out,-6.2,9.779,8.199
441980_uff_e=203.89_out,-6.2,23.667,21.706
441980_uff_e=203.89_out,-6.1,22.624,21.487
441980_uff_e=203.89_out,-5.9,13.873,11.768
441980_uff_e=203.89_out,-5.9,13.699,11.742
441980_uff_e=203.89_out,-5.8,3.143,2.785
441980_uff_e=203.89_out,-5.8,24.273,22.286
441981_uff_e=354.36_out,-6.3,0.0,0.0
441981_uff_e=354.36_out,-6.1,21.496,18.884
441981_uff_e=354.36_out,-6.1,21.291,19.497
441981_uff_e=354.36_out,-6.0,27.321,26.517
441981_uff_e=354.36_out,-5.9,19.853,18.44
441981_uff_e=354.36_out,-5.9,24.241,22.991
441981_uff_e=354.36_out,-5.8,22.121,19.556
441981_uff_e=354.36_out,-5.8,22.182,19.799
441981_uff_e=354.36_out,-5.8,33.111,31.436
441982_uff_e=232.79_out,-7.1,0.0,0.0
441982_uff_e=232.79_out,-7.0,23.225,21.442
441982_uff_e=232.79_out,-6.7,7.699,3.451
441982_uff_e=232.79_out,-6.6,23.573,21.675
441982_uff_e=232.79_out,-6.5,21.194,17.925
441982_uff_e=232.79_out,-6.4,23.211,19.777
441982_uff_e=232.79_out,-6.4,7.869,2.795
441982_uff_e=232.79_out,-6.4,23.444,21.629
441982_uff_e=232.79_out,-6.2,23.482,21.313
441983_uff_e=608.50_out,-7.7,0.0,0.0
441983_uff_e=608.50_out,-7.1,27.196,23.901
441983_uff_e=608.50_out,-7.1,6.465,3.132
441983_uff_e=608.50_out,-6.9,9.38,8.025
441983_uff_e=608.50_out,-6.9,26.647,23.075
441983_uff_e=608.50_out,-6.9,9.25,7.73
441983_uff_e=608.50_out,-6.8,22.034,20.408
441983_uff_e=608.50_out,-6.8,23.39,23.08
441983_uff_e=608.50_out,-6.7,27.543,23.714
441984_uff_e=765.21_out,-7.2,0.0,0.0
441984_uff_e=765.21_out,-7.1,4.525,2.275
441984_uff_e=765.21_out,-7.0,4.896,2.642
441984_uff_e=765.21_out,-6.8,25.518,23.175
441984_uff_e=765.21_out,-6.7,25.4,23.298
441984_uff_e=765.21_out,-6.5,4.445,2.269
441984_uff_e=765.21_out,-6.5,13.181,10.195
441984_uff_e=765.21_out,-6.4,18.85,16.399
441984_uff_e=765.21_out,-6.4,11.865,9.273
441988_uff_e=914.68_out,-7.6,0.0,0.0
441988_uff_e=914.68_out,-7.5,4.794,2.073
441988_uff_e=914.68_out,-6.4,4.584,2.087
441988_uff_e=914.68_out,-6.3,12.004,9.075
441988_uff_e=914.68_out,-6.1,11.858,8.761
441988_uff_e=914.68_out,-6.0,4.64,2.103
441988_uff_e=914.68_out,-6.0,4.407,2.236
441988_uff_e=914.68_out,-5.9,24.055,21.855
441988_uff_e=914.68_out,-5.9,23.698,21.323
441991_uff_e=694.18_out,-6.9,0.0,0.0
441991_uff_e=694.18_out,-6.3,25.155,22.963
441991_uff_e=694.18_out,-6.3,3.027,2.231
441991_uff_e=694.18_out,-6.2,11.988,9.285
441991_uff_e=694.18_out,-5.9,24.569,22.605
441991_uff_e=694.18_out,-5.8,4.681,2.335
441991_uff_e=694.18_out,-5.7,4.927,2.448
441991_uff_e=694.18_out,-5.6,11.456,9.121
441991_uff_e=694.18_out,-5.6,35.158,31.965
441992_uff_e=649.14_out,-7.5,0.0,0.0
441992_uff_e=649.14_out,-6.8,23.888,21.031
441992_uff_e=649.14_out,-6.6,2.153,1.543
441992_uff_e=649.14_out,-6.5,22.139,19.021
441992_uff_e=649.14_out,-6.5,8.239,1.536
441992_uff_e=649.14_out,-6.5,24.102,21.451
441992_uff_e=649.14_out,-6.5,20.493,16.928
441992_uff_e=649.14_out,-6.4,20.98,18.877
441992_uff_e=649.14_out,-6.3,24.35,21.252
441993_uff_e=219.15_out,-7.2,0.0,0.0
441993_uff_e=219.15_out,-7.1,25.199,23.276
441993_uff_e=219.15_out,-7.0,4.955,1.279
441993_uff_e=219.15_out,-6.8,9.703,7.07
441993_uff_e=219.15_out,-6.7,25.841,23.657
441993_uff_e=219.15_out,-6.7,23.392,21.882
441993_uff_e=219.15_out,-6.7,6.863,2.857
441993_uff_e=219.15_out,-6.7,25.198,22.495
441993_uff_e=219.15_out,-6.6,11.075,7.196
441997_uff_e=2058.67_out,-6.3,0.0,0.0
441997_uff_e=2058.67_out,-6.2,12.862,9.704
441997_uff_e=2058.67_out,-6.2,24.027,21.646
441997_uff_e=2058.67_out,-6.1,13.073,9.238
441997_uff_e=2058.67_out,-6.0,4.242,1.739
441997_uff_e=2058.67_out,-6.0,15.11,11.296
441997_uff_e=2058.67_out,-5.9,12.738,9.136
441997_uff_e=2058.67_out,-5.9,25.154,22.515
441997_uff_e=2058.67_out,-5.9,24.107,21.969
441999_uff_e=1823.04_out,-5.9,0.0,0.0
441999_uff_e=1823.04_out,-5.8,4.975,1.564
441999_uff_e=1823.04_out,-5.8,5.335,2.009
441999_uff_e=1823.04_out,-5.7,6.245,2.117
441999_uff_e=1823.04_out,-5.6,6.619,2.309
441999_uff_e=1823.04_out,-5.5,23.874,21.391
441999_uff_e=1823.04_out,-5.5,24.123,22.393
441999_uff_e=1823.04_out,-5.5,23.839,21.884
441999_uff_e=1823.04_out,-5.4,5.427,2.097
442003_uff_e=899.62_out,-6.3,0.0,0.0
442003_uff_e=899.62_out,-6.1,5.603,2.022
442003_uff_e=899.62_out,-6.0,26.422,24.24
442003_uff_e=899.62_out,-5.9,4.118,2.078
442003_uff_e=899.62_out,-5.9,26.398,23.1
442003_uff_e=899.62_out,-5.8,11.974,9.616
442003_uff_e=899.62_out,-5.8,24.96,23.065
442003_uff_e=899.62_out,-5.7,24.588,22.716
442003_uff_e=899.62_out,-5.7,14.696,12.02
442006_uff_e=3595.56_out,-6.5,0.0,0.0
442006_uff_e=3595.56_out,-6.5,5.575,2.96
442006_uff_e=3595.56_out,-6.3,30.35,28.04
442006_uff_e=3595.56_out,-6.3,3.953,2.425
442006_uff_e=3595.56_out,-6.2,23.659,21.329
442006_uff_e=3595.56_out,-6.1,9.644,4.387
442006_uff_e=3595.56_out,-6.1,24.079,21.699
442006_uff_e=3595.56_out,-6.1,4.786,2.555
442006_uff_e=3595.56_out,-6.0,27.794,22.792
442007_uff_e=1857.00_out,-6.6,0.0,0.0
442007_uff_e=1857.00_out,-6.6,26.327,22.895
442007_uff_e=1857.00_out,-6.5,25.859,23.726
442007_uff_e=1857.00_out,-6.2,26.545,24.576
442007_uff_e=1857.00_out,-6.2,16.749,14.366
442007_uff_e=1857.00_out,-6.2,27.945,24.217
442007_uff_e=1857.00_out,-6.1,27.106,22.7
442007_uff_e=1857.00_out,-6.1,27.208,24.401
442007_uff_e=1857.00_out,-6.1,17.383,14.051
442008_uff_e=2104.08_out,-6.8,0.0,0.0
442008_uff_e=2104.08_out,-6.5,29.887,25.786
442008_uff_e=2104.08_out,-6.4,27.962,23.238
442008_uff_e=2104.08_out,-6.3,27.884,23.194
442008_uff_e=2104.08_out,-6.3,11.13,6.578
442008_uff_e=2104.08_out,-6.2,7.295,2.022
442008_uff_e=2104.08_out,-6.2,9.893,6.096
442008_uff_e=2104.08_out,-6.1,12.138,6.482
442008_uff_e=2104.08_out,-6.1,6.328,2.806
442009_uff_e=638.43_out,-7.1,0.0,0.0
442009_uff_e=638.43_out,-7.0,23.209,20.905
442009_uff_e=638.43_out,-6.9,25.741,23.02
442009_uff_e=638.43_out,-6.8,24.316,22.637
442009_uff_e=638.43_out,-6.8,25.43,23.617
442009_uff_e=638.43_out,-6.8,25.592,23.217
442009_uff_e=638.43_out,-6.7,23.022,20.675
442009_uff_e=638.43_out,-6.7,24.208,22.423
442009_uff_e=638.43_out,-6.6,6.047,1.935
442010_uff_e=2105.88_out,-6.5,0.0,0.0
442010_uff_e=2105.88_out,-6.4,25.577,23.156
442010_uff_e=2105.88_out,-6.3,25.378,23.02
442010_uff_e=2105.88_out,-6.3,25.855,23.27
442010_uff_e=2105.88_out,-6.2,25.512,22.875
442010_uff_e=2105.88_out,-6.2,26.369,23.401
442010_uff_e=2105.88_out,-6.1,5.024,2.038
442010_uff_e=2105.88_out,-6.1,26.114,23.54
442010_uff_e=2105.88_out,-6.0,7.576,2.226
442011_uff_e=738.12_out,-6.3,0.0,0.0
442011_uff_e=738.12_out,-6.1,24.471,22.104
442011_uff_e=738.12_out,-5.9,24.105,21.122
442011_uff_e=738.12_out,-5.9,24.543,21.911
442011_uff_e=738.12_out,-5.8,24.385,21.898
442011_uff_e=738.12_out,-5.7,6.589,1.865
442011_uff_e=738.12_out,-5.6,24.016,21.982
442011_uff_e=738.12_out,-5.5,24.53,22.329
442011_uff_e=738.12_out,-5.5,24.655,22.073
442012_uff_e=2307.49_out,-7.1,0.0,0.0
442012_uff_e=2307.49_out,-6.9,23.175,20.105
442012_uff_e=2307.49_out,-6.7,7.376,2.321
442012_uff_e=2307.49_out,-6.7,22.124,18.812
442012_uff_e=2307.49_out,-6.6,22.824,19.893
442012_uff_e=2307.49_out,-6.6,5.562,2.562
442012_uff_e=2307.49_out,-6.6,17.157,12.572
442012_uff_e=2307.49_out,-6.6,25.042,22.621
442012_uff_e=2307.49_out,-6.6,24.601,22.698
442013_uff_e=2127.66_out,-6.5,0.0,0.0
442013_uff_e=2127.66_out,-6.4,25.753,23.678
442013_uff_e=2127.66_out,-6.4,2.268,1.528
442013_uff_e=2127.66_out,-6.3,9.552,3.275
442013_uff_e=2127.66_out,-6.2,25.715,23.75
442013_uff_e=2127.66_out,-6.1,25.559,23.767
442013_uff_e=2127.66_out,-6.0,25.523,23.891
442013_uff_e=2127.66_out,-6.0,6.893,4.055
442013_uff_e=2127.66_out,-6.0,26.523,23.318
442014_uff_e=2034.01_out,-6.1,0.0,0.0
442014_uff_e=2034.01_out,-6.0,24.937,22.848
442014_uff_e=2034.01_out,-6.0,4.783,2.981
442014_uff_e=2034.01_out,-5.9,3.918,1.804
442014_uff_e=2034.01_out,-5.9,3.968,2.129
442014_uff_e=2034.01_out,-5.9,23.978,21.912
442014_uff_e=2034.01_out,-5.9,10.869,7.513
442014_uff_e=2034.01_out,-5.7,11.917,7.692
442014_uff_e=2034.01_out,-5.6,6.955,2.217
442015_uff_e=773.19_out,-6.9,0.0,0.0
442015_uff_e=773.19_out,-6.8,6.176,3.222
442015_uff_e=773.19_out,-6.6,14.68,12.058
442015_uff_e=773.19_out,-6.5,14.588,10.631
442015_uff_e=773.19_out,-6.5,13.369,10.707
442015_uff_e=773.19_out,-6.4,24.972,22.829
442015_uff_e=773.19_out,-6.4,22.608,19.962
442015_uff_e=773.19_out,-6.4,5.311,3.036
442015_uff_e=773.19_out,-6.3,4.266,2.128
442018_uff_e=2429.41_out,-7.7,0.0,0.0
442018_uff_e=2429.41_out,-7.6,5.96,2.618
442018_uff_e=2429.41_out,-7.5,25.643,23.334
442018_uff_e=2429.41_out,-7.5,26.214,23.275
442018_uff_e=2429.41_out,-7.5,6.809,2.255
442018_uff_e=2429.41_out,-7.1,10.181,6.748
442018_uff_e=2429.41_out,-6.9,26.261,23.708
442018_uff_e=2429.41_out,-6.9,6.23,2.77
442018_uff_e=2429.41_out,-6.7,6.068,2.726
442019_uff_e=947.12_out,-6.6,0.0,0.0
442019_uff_e=947.12_out,-6.5,23.55,21.284
442019_uff_e=947.12_out,-6.4,5.951,2.997
442019_uff_e=947.12_out,-6.4,5.76,3.285
442019_uff_e=947.12_out,-6.3,23.341,19.944
442019_uff_e=947.12_out,-6.3,14.714,12.562
442019_uff_e=947.12_out,-6.3,13.025,10.704
442019_uff_e=947.12_out,-6.3,23.922,20.958
442019_uff_e=947.12_out,-6.3,10.924,8.993
442021_uff_e=956.18_out,-7.5,0.0,0.0
442021_uff_e=956.18_out,-6.8,23.683,22.506
442021_uff_e=956.18_out,-6.8,12.324,9.172
442021_uff_e=956.18_out,-6.7,16.702,13.903
442021_uff_e=956.18_out,-6.7,25.794,23.605
442021_uff_e=956.18_out,-6.7,34.752,32.445
442021_uff_e=956.18_out,-6.6,12.294,9.702
442021_uff_e=956.18_out,-6.5,25.315,22.654
442021_uff_e=956.18_out,-6.3,13.328,10.09
442023_uff_e=624.47_out,-6.1,0.0,0.0
442023_uff_e=624.47_out,-6.1,23.692,22.466
442023_uff_e=624.47_out,-6.0,24.778,22.621
442023_uff_e=624.47_out,-6.0,24.69,22.852
442023_uff_e=624.47_out,-6.0,10.214,7.616
442023_uff_e=624.47_out,-5.9,10.778,8.619
442023_uff_e=624.47_out,-5.9,13.153,9.803
442023_uff_e=624.47_out,-5.8,26.043,23.735
442023_uff_e=624.47_out,-5.8,25.103,22.997
442027_uff_e=340.15_out,-6.8,0.0,0.0
442027_uff_e=340.15_out,-6.8,23.276,20.797
442027_uff_e=340.15_out,-6.5,22.145,19.771
442027_uff_e=340.15_out,-6.4,6.714,2.441
442027_uff_e=340.15_out,-6.4,24.748,22.538
442027_uff_e=340.15_out,-6.3,6.88,2.78
442027_uff_e=340.15_out,-6.3,23.58,20.407
442027_uff_e=340.15_out,-6.3,4.273,2.54
442027_uff_e=340.15_out,-6.3,37.947,35.84
442031_uff_e=765.22_out,-7.9,0.0,0.0
442031_uff_e=765.22_out,-7.7,5.696,0.964
442031_uff_e=765.22_out,-7.6,5.622,1.597
442031_uff_e=765.22_out,-7.2,26.501,23.442
442031_uff_e=765.22_out,-7.1,25.764,23.369
442031_uff_e=765.22_out,-7.1,4.578,2.443
442031_uff_e=765.22_out,-7.0,26.264,23.388
442031_uff_e=765.22_out,-6.9,25.132,22.756
442031_uff_e=765.22_out,-6.8,25.852,23.502
442032_uff_e=2447.99_out,-6.4,0.0,0.0
442032_uff_e=2447.99_out,-6.2,27.719,24.127
442032_uff_e=2447.99_out,-6.1,5.653,1.896
442032_uff_e=2447.99_out,-6.1,26.436,23.128
442032_uff_e=2447.99_out,-6.0,8.244,2.661
442032_uff_e=2447.99_out,-6.0,26.57,23.538
442032_uff_e=2447.99_out,-6.0,25.991,22.907
442032_uff_e=2447.99_out,-6.0,26.868,23.556
442032_uff_e=2447.99_out,-6.0,26.147,22.844
442034_uff_e=1005.71_out,-6.1,0.0,0.0
442034_uff_e=1005.71_out,-6.1,22.783,19.746
442034_uff_e=1005.71_out,-6.0,25.041,23.153
442034_uff_e=1005.71_out,-6.0,25.656,23.19
442034_uff_e=1005.71_out,-6.0,26.212,24.052
442034_uff_e=1005.71_out,-5.7,24.432,21.436
442034_uff_e=1005.71_out,-5.6,24.485,21.413
442034_uff_e=1005.71_out,-5.6,35.521,33.317
442034_uff_e=1005.71_out,-5.6,23.38,19.841
442035_uff_e=2070.01_out,-6.6,0.0,0.0
442035_uff_e=2070.01_out,-6.6,24.319,21.906
442035_uff_e=2070.01_out,-6.6,24.997,22.625
442035_uff_e=2070.01_out,-6.5,24.396,22.56
442035_uff_e=2070.01_out,-6.4,7.974,4.732
442035_uff_e=2070.01_out,-6.3,23.949,22.425
442035_uff_e=2070.01_out,-6.3,22.101,19.596
442035_uff_e=2070.01_out,-6.1,23.858,22.258
442035_uff_e=2070.01_out,-6.1,6.346,3.758
442036_uff_e=3903.22_out,-6.9,0.0,0.0
442036_uff_e=3903.22_out,-6.7,25.618,23.964
442036_uff_e=3903.22_out,-6.7,4.15,2.229
442036_uff_e=3903.22_out,-6.6,21.835,18.107
442036_uff_e=3903.22_out,-6.6,11.756,10.057
442036_uff_e=3903.22_out,-6.6,11.097,6.617
442036_uff_e=3903.22_out,-6.5,7.948,3.62
442036_uff_e=3903.22_out,-6.5,8.764,4.244
442036_uff_e=3903.22_out,-6.4,24.832,23.197
442039_uff_e=1119.74_out,-7.0,0.0,0.0
442039_uff_e=1119.74_out,-7.0,22.292,19.24
442039_uff_e=1119.74_out,-6.9,3.087,1.867
442039_uff_e=1119.74_out,-6.8,7.829,3.613
442039_uff_e=1119.74_out,-6.8,2.613,1.746
442039_uff_e=1119.74_out,-6.6,8.536,4.853
442039_uff_e=1119.74_out,-6.6,8.408,4.22
442039_uff_e=1119.74_out,-6.4,8.566,4.621
442039_uff_e=1119.74_out,-6.4,8.488,3.473
442041_uff_e=788.72_out,-6.8,0.0,0.0
442041_uff_e=788.72_out,-6.6,23.995,20.807
442041_uff_e=788.72_out,-6.4,10.522,6.603
442041_uff_e=788.72_out,-6.2,11.874,7.491
442041_uff_e=788.72_out,-6.0,25.297,22.194
442041_uff_e=788.72_out,-6.0,4.436,2.39
442041_uff_e=788.72_out,-6.0,4.959,2.836
442041_uff_e=788.72_out,-6.0,10.148,6.456
442041_uff_e=788.72_out,-5.9,4.821,2.056
442042_uff_e=2027.34_out,-7.0,0.0,0.0
442042_uff_e=2027.34_out,-6.6,24.304,22.176
442042_uff_e=2027.34_out,-6.4,12.797,9.598
442042_uff_e=2027.34_out,-6.2,4.794,2.362
442042_uff_e=2027.34_out,-6.1,10.939,6.855
442042_uff_e=2027.34_out,-6.0,23.942,20.133
442042_uff_e=2027.34_out,-6.0,23.373,19.315
442042_uff_e=2027.34_out,-5.9,10.957,7.045
442042_uff_e=2027.34_out,-5.9,4.414,1.923
442043_uff_e=2162.50_out,-7.7,0.0,0.0
442043_uff_e=2162.50_out,-7.5,24.602,21.735
442043_uff_e=2162.50_out,-7.4,23.723,20.503
442043_uff_e=2162.50_out,-7.2,24.407,21.465
442043_uff_e=2162.50_out,-7.2,26.905,23.815
442043_uff_e=2162.50_out,-7.0,25.158,20.874
442043_uff_e=2162.50_out,-7.0,23.661,19.84
442043_uff_e=2162.50_out,-7.0,26.581,23.159
442043_uff_e=2162.50_out,-6.9,25.012,20.738
442044_uff_e=3726.60_out,-7.9,0.0,0.0
442044_uff_e=3726.60_out,-7.7,2.117,1.016
442044_uff_e=3726.60_out,-7.4,2.087,1.761
442044_uff_e=3726.60_out,-7.3,23.473,21.64
442044_uff_e=3726.60_out,-7.3,24.656,21.161
442044_uff_e=3726.60_out,-7.2,9.035,2.373
442044_uff_e=3726.60_out,-7.2,22.661,18.13
442044_uff_e=3726.60_out,-7.2,24.592,21.248
442044_uff_e=3726.60_out,-7.1,31.812,28.846
442045_uff_e=679.05_out,-6.7,0.0,0.0
442045_uff_e=679.05_out,-6.6,13.321,8.937
442045_uff_e=679.05_out,-6.6,29.582,27.397
442045_uff_e=679.05_out,-6.4,13.755,11.108
442045_uff_e=679.05_out,-6.4,25.971,22.257
442045_uff_e=679.05_out,-6.2,6.298,3.804
442045_uff_e=679.05_out,-6.2,26.017,23.69
442045_uff_e=679.05_out,-6.0,15.017,12.559
442045_uff_e=679.05_out,-6.0,25.939,22.948
442047_uff_e=745.62_out,-6.3,0.0,0.0
442047_uff_e=745.62_out,-5.9,5.195,2.331
442047_uff_e=745.62_out,-5.9,13.999,10.614
442047_uff_e=745.62_out,-5.8,5.534,2.286
442047_uff_e=745.62_out,-5.8,25.057,22.654
442047_uff_e=745.62_out,-5.8,10.645,7.425
442047_uff_e=745.62_out,-5.7,11.504,8.346
442047_uff_e=745.62_out,-5.6,16.48,13.237
442047_uff_e=745.62_out,-5.6,12.662,9.582
442048_uff_e=480.44_out,-7.1,0.0,0.0
442048_uff_e=480.44_out,-6.9,23.859,21.833
442048_uff_e=480.44_out,-6.9,1.688,1.328
442048_uff_e=480.44_out,-6.8,1.511,1.11
442048_uff_e=480.44_out,-6.8,37.802,35.221
442048_uff_e=480.44_out,-6.7,24.609,22.967
442048_uff_e=480.44_out,-6.7,6.747,3.52
442048_uff_e=480.44_out,-6.5,8.558,4.548
442048_uff_e=480.44_out,-6.4,34.316,31.759
442051_uff_e=382.74_out,-6.0,0.0,0.0
442051_uff_e=382.74_out,-6.0,2.939,1.407
442051_uff_e=382.74_out,-5.9,4.909,1.999
442051_uff_e=382.74_out,-5.8,26.193,23.056
442051_uff_e=382.74_out,-5.8,9.869,6.517
442051_uff_e=382.74_out,-5.8,4.222,1.71
442051_uff_e=382.74_out,-5.6,5.151,2.16
442051_uff_e=382.74_out,-5.6,26.747,23.532
442051_uff_e=382.74_out,-5.5,5.56,2.224
442052_uff_e=405.75_out,-6.2,0.0,0.0
442052_uff_e=405.75_out,-5.7,5.889,1.748
442052_uff_e=405.75_out,-5.7,23.448,22.097
442052_uff_e=405.75_out,-5.7,11.213,8.578
442052_uff_e=405.75_out,-5.6,5.524,1.74
442052_uff_e=405.75_out,-5.4,12.482,10.204
442052_uff_e=405.75_out,-5.3,10.62,7.606
442052_uff_e=405.75_out,-5.3,25.711,22.786
442052_uff_e=405.75_out,-5.3,25.332,22.546
442057_uff_e=1051.80_out,-7.4,0.0,0.0
442057_uff_e=1051.80_out,-7.0,19.208,16.362
442057_uff_e=1051.80_out,-7.0,1.999,1.05
442057_uff_e=1051.80_out,-7.0,7.86,4.759
442057_uff_e=1051.80_out,-6.9,10.38,2.96
442057_uff_e=1051.80_out,-6.9,18.926,15.043
442057_uff_e=1051.80_out,-6.9,12.135,5.83
442057_uff_e=1051.80_out,-6.8,9.338,2.747
442057_uff_e=1051.80_out,-6.8,8.617,4.387
442060_uff_e=2356.54_out,-7.0,0.0,0.0
442060_uff_e=2356.54_out,-6.9,7.752,4.752
442060_uff_e=2356.54_out,-6.8,24.284,21.974
442060_uff_e=2356.54_out,-6.8,24.368,21.926
442060_uff_e=2356.54_out,-6.7,9.008,4.123
442060_uff_e=2356.54_out,-6.7,9.266,4.066
442060_uff_e=2356.54_out,-6.7,25.653,22.037
442060_uff_e=2356.54_out,-6.7,4.952,2.57
442060_uff_e=2356.54_out,-6.6,24.703,22.219
442061_uff_e=679.17_out,-7.2,0.0,0.0
442061_uff_e=679.17_out,-7.1,25.543,22.947
442061_uff_e=679.17_out,-7.1,24.287,21.896
442061_uff_e=679.17_out,-6.8,25.367,23.026
442061_uff_e=679.17_out,-6.7,25.185,22.843
442061_uff_e=679.17_out,-6.7,26.053,23.167
442061_uff_e=679.17_out,-6.5,26.014,23.358
442061_uff_e=679.17_out,-6.4,24.099,22.523
442061_uff_e=679.17_out,-6.4,29.575,28.027
442063_uff_e=2110.73_out,-6.5,0.0,0.0
442063_uff_e=2110.73_out,-6.4,13.22,9.735
442063_uff_e=2110.73_out,-6.4,10.874,8.003
442063_uff_e=2110.73_out,-6.4,11.811,8.716
442063_uff_e=2110.73_out,-6.4,25.254,22.542
442063_uff_e=2110.73_out,-6.2,24.79,23.156
442063_uff_e=2110.73_out,-6.2,10.286,7.322
442063_uff_e=2110.73_out,-6.1,9.659,6.548
442063_uff_e=2110.73_out,-6.1,7.807,4.855
442067_uff_e=500.53_out,-5.9,0.0,0.0
442067_uff_e=500.53_out,-5.7,25.105,22.765
442067_uff_e=500.53_out,-5.7,20.322,18.003
442067_uff_e=500.53_out,-5.6,24.17,21.835
442067_uff_e=500.53_out,-5.6,26.562,24.283
442067_uff_e=500.53_out,-5.6,25.2,22.883
442067_uff_e=500.53_out,-5.5,24.462,22.141
442067_uff_e=500.53_out,-5.4,3.241,1.969
442067_uff_e=500.53_out,-5.3,25.097,22.764
442068_uff_e=2222.79_out,-6.9,0.0,0.0
442068_uff_e=2222.79_out,-6.7,8.116,3.221
442068_uff_e=2222.79_out,-6.6,6.781,2.679
442068_uff_e=2222.79_out,-6.6,3.871,2.092
442068_uff_e=2222.79_out,-6.6,22.254,18.351
442068_uff_e=2222.79_out,-6.5,19.926,16.738
442068_uff_e=2222.79_out,-6.5,7.173,3.55
442068_uff_e=2222.79_out,-6.5,23.499,21.02
442068_uff_e=2222.79_out,-6.4,23.152,20.274
442070_uff_e=1975.42_out,-6.4,0.0,0.0
442070_uff_e=1975.42_out,-6.3,13.48,10.155
442070_uff_e=1975.42_out,-6.2,13.802,10.574
442070_uff_e=1975.42_out,-6.2,4.936,2.171
442070_uff_e=1975.42_out,-6.2,13.049,10.866
442070_uff_e=1975.42_out,-6.1,24.575,22.376
442070_uff_e=1975.42_out,-5.9,13.327,9.423
442070_uff_e=1975.42_out,-5.9,26.075,22.986
442070_uff_e=1975.42_out,-5.9,24.809,22.504
442072_uff_e=467.40_out,-7.7,0.0,0.0
442072_uff_e=467.40_out,-6.7,4.108,2.492
442072_uff_e=467.40_out,-6.5,21.481,20.43
442072_uff_e=467.40_out,-6.5,5.295,3.105
442072_uff_e=467.40_out,-6.2,5.674,3.813
442072_uff_e=467.40_out,-6.1,23.114,21.745
442072_uff_e=467.40_out,-6.1,10.523,8.747
442072_uff_e=467.40_out,-6.1,14.305,12.625
442072_uff_e=467.40_out,-6.1,10.871,8.677
442073_uff_e=2882.97_out,-7.7,0.0,0.0
442073_uff_e=2882.97_out,-7.7,18.983,13.622
442073_uff_e=2882.97_out,-7.2,14.43,10.318
442073_uff_e=2882.97_out,-7.2,27.733,23.641
442073_uff_e=2882.97_out,-7.1,28.22,24.063
442073_uff_e=2882.97_out,-7.1,19.9,13.43
442073_uff_e=2882.97_out,-7.1,15.489,11.119
442073_uff_e=2882.97_out,-7.0,12.212,8.721
442073_uff_e=2882.97_out,-6.9,9.699,5.118
442074_uff_e=785.75_out,-7.1,0.0,0.0
442074_uff_e=785.75_out,-7.0,12.661,10.075
442074_uff_e=785.75_out,-6.9,9.877,7.868
442074_uff_e=785.75_out,-6.9,23.994,21.512
442074_uff_e=785.75_out,-6.6,13.061,10.222
442074_uff_e=785.75_out,-6.5,28.447,25.156
442074_uff_e=785.75_out,-6.5,11.387,9.293
442074_uff_e=785.75_out,-6.5,25.012,21.948
442074_uff_e=785.75_out,-6.4,3.186,2.433
442077_uff_e=524.17_out,-6.6,0.0,0.0
442077_uff_e=524.17_out,-6.3,24.619,22.647
442077_uff_e=524.17_out,-6.2,21.561,18.672
442077_uff_e=524.17_out,-6.1,3.177,1.825
442077_uff_e=524.17_out,-6.1,24.306,22.69
442077_uff_e=524.17_out,-6.0,25.407,23.888
442077_uff_e=524.17_out,-6.0,3.991,3.134
442077_uff_e=524.17_out,-6.0,31.978,29.15
442077_uff_e=524.17_out,-5.9,22.693,19.509
442078_uff_e=3542.70_out,-6.3,0.0,0.0
442078_uff_e=3542.70_out,-6.3,18.793,16.948
442078_uff_e=3542.70_out,-6.3,29.098,27.04
442078_uff_e=3542.70_out,-6.2,18.609,15.817
442078_uff_e=3542.70_out,-6.2,16.044,12.941
442078_uff_e=3542.70_out,-6.2,14.991,12.323
442078_uff_e=3542.70_out,-6.1,26.778,24.299
442078_uff_e=3542.70_out,-6.1,30.762,28.97
442078_uff_e=3542.70_out,-6.1,28.26,26.025
442079_uff_e=2024.86_out,-6.7,0.0,0.0
442079_uff_e=2024.86_out,-6.6,6.1,3.443
442079_uff_e=2024.86_out,-6.6,23.796,20.644
442079_uff_e=2024.86_out,-6.4,25.357,23.071
442079_uff_e=2024.86_out,-6.3,24.354,20.758
442079_uff_e=2024.86_out,-6.3,25.393,23.158
442079_uff_e=2024.86_out,-6.3,23.653,20.932
442079_uff_e=2024.86_out,-6.2,4.694,2.649
442079_uff_e=2024.86_out,-6.2,23.557,21.419
442082_uff_e=922.35_out,-7.9,0.0,0.0
442082_uff_e=922.35_out,-7.8,10.811,7.444
442082_uff_e=922.35_out,-7.7,7.901,3.308
442082_uff_e=922.35_out,-7.7,11.341,6.609
442082_uff_e=922.35_out,-7.7,3.113,1.735
442082_uff_e=922.35_out,-7.7,8.92,4.079
442082_uff_e=922.35_out,-7.6,26.23,24.148
442082_uff_e=922.35_out,-7.5,29.658,25.061
442082_uff_e=922.35_out,-7.4,5.783,2.477
442083_uff_e=1097.78_out,-5.9,0.0,0.0
442083_uff_e=1097.78_out,-5.8,25.355,23.224
442083_uff_e=1097.78_out,-5.8,25.077,23.088
442083_uff_e=1097.78_out,-5.7,3.509,1.94
442083_uff_e=1097.78_out,-5.7,25.376,23.136
442083_uff_e=1097.78_out,-5.6,25.744,24.179
442083_uff_e=1097.78_out,-5.5,25.562,23.27
442083_uff_e=1097.78_out,-5.5,26.623,24.543
442083_uff_e=1097.78_out,-5.5,5.056,1.868
442084_uff_e=478.68_out,-6.8,0.0,0.0
442084_uff_e=478.68_out,-6.8,22.761,20.19
442084_uff_e=478.68_out,-6.6,24.885,22.659
442084_uff_e=478.68_out,-6.4,6.834,2.593
442084_uff_e=478.68_out,-6.2,3.98,2.367
442084_uff_e=478.68_out,-6.2,37.968,35.844
442084_uff_e=478.68_out,-6.1,6.669,2.041
442084_uff_e=478.68_out,-6.1,6.44,3.54
442084_uff_e=478.68_out,-6.0,6.495,2.833
442085_uff_e=981.02_out,-6.9,0.0,0.0
442085_uff_e=981.02_out,-6.5,12.935,10.241
442085_uff_e=981.02_out,-6.4,5.252,2.197
442085_uff_e=981.02_out,-6.4,12.809,10.453
442085_uff_e=981.02_out,-6.4,16.698,14.365
442085_uff_e=981.02_out,-6.4,5.481,2.105
442085_uff_e=981.02_out,-6.3,14.893,12.048
442085_uff_e=981.02_out,-6.3,5.452,1.829
442085_uff_e=981.02_out,-6.3,13.427,10.692
442086_uff_e=2350.81_out,-6.0,0.0,0.0
442086_uff_e=2350.81_out,-6.0,5.898,2.268
442086_uff_e=2350.81_out,-5.9,25.602,22.874
442086_uff_e=2350.81_out,-5.8,24.266,22.217
442086_uff_e=2350.81_out,-5.8,24.939,22.935
442086_uff_e=2350.81_out,-5.8,7.936,2.405
442086_uff_e=2350.81_out,-5.7,7.951,2.697
442086_uff_e=2350.81_out,-5.6,26.197,23.616
442086_uff_e=2350.81_out,-5.6,7.71,2.341
442088_uff_e=454.29_out,-7.5,0.0,0.0
442088_uff_e=454.29_out,-7.2,26.378,24.681
442088_uff_e=454.29_out,-6.7,23.88,21.121
442088_uff_e=454.29_out,-6.7,6.034,3.464
442088_uff_e=454.29_out,-6.6,12.621,10.171
442088_uff_e=454.29_out,-6.6,18.229,15.267
442088_uff_e=454.29_out,-6.5,6.58,2.712
442088_uff_e=454.29_out,-6.4,19.675,17.651
442088_uff_e=454.29_out,-6.4,6.494,4.235
442091_uff_e=387.58_out,-5.9,0.0,0.0
442091_uff_e=387.58_out,-5.9,22.307,20.93
442091_uff_e=387.58_out,-5.3,14.501,11.314
442091_uff_e=387.58_out,-5.2,15.061,12.029
442091_uff_e=387.58_out,-5.2,16.548,13.318
442091_uff_e=387.58_out,-5.2,26.497,23.53
442091_uff_e=387.58_out,-5.2,12.743,10.539
442091_uff_e=387.58_out,-5.1,14.115,11.734
442091_uff_e=387.58_out,-5.1,14.241,11.512
442098_uff_e=935.07_out,-8.5,0.0,0.0
442098_uff_e=935.07_out,-8.4,10.882,7.397
442098_uff_e=935.07_out,-8.4,9.336,2.509
442098_uff_e=935.07_out,-8.3,10.118,3.208
442098_uff_e=935.07_out,-8.2,25.38,21.108
442098_uff_e=935.07_out,-8.2,24.905,21.447
442098_uff_e=935.07_out,-8.2,10.345,6.748
442098_uff_e=935.07_out,-8.2,10.103,6.472
442098_uff_e=935.07_out,-8.1,10.919,6.578
442101_uff_e=334.40_out,-6.6,0.0,0.0
442101_uff_e=334.40_out,-6.5,11.892,8.699
442101_uff_e=334.40_out,-6.4,16.735,13.702
442101_uff_e=334.40_out,-6.3,16.763,13.116
442101_uff_e=334.40_out,-6.2,12.889,8.972
442101_uff_e=334.40_out,-6.2,23.915,20.976
442101_uff_e=334.40_out,-6.1,15.871,12.621
442101_uff_e=334.40_out,-6.0,11.92,9.419
442101_uff_e=334.40_out,-6.0,26.582,24.76
442104_uff_e=293.47_out,-6.4,0.0,0.0
442104_uff_e=293.47_out,-6.2,24.586,22.618
442104_uff_e=293.47_out,-6.0,22.392,21.27
442104_uff_e=293.47_out,-6.0,21.929,20.822
442104_uff_e=293.47_out,-6.0,22.738,21.127
442104_uff_e=293.47_out,-5.9,20.197,19.231
442104_uff_e=293.47_out,-5.9,22.619,21.113
442104_uff_e=293.47_out,-5.9,25.161,22.758
442104_uff_e=293.47_out,-5.8,13.248,11.531
442105_uff_e=1064.10_out,-8.8,0.0,0.0
442105_uff_e=1064.10_out,-8.6,5.607,2.789
442105_uff_e=1064.10_out,-8.5,26.606,24.599
442105_uff_e=1064.10_out,-8.4,6.488,3.608
442105_uff_e=1064.10_out,-8.4,29.386,25.074
442105_uff_e=1064.10_out,-8.3,6.563,2.997
442105_uff_e=1064.10_out,-8.3,7.024,2.636
442105_uff_e=1064.10_out,-8.3,26.81,24.529
442105_uff_e=1064.10_out,-8.3,7.49,3.032
442112_uff_e=523.01_out,-5.7,0.0,0.0
442112_uff_e=523.01_out,-5.6,12.872,9.795
442112_uff_e=523.01_out,-5.6,22.215,19.415
442112_uff_e=523.01_out,-5.6,16.802,15.145
442112_uff_e=523.01_out,-5.5,21.989,19.707
442112_uff_e=523.01_out,-5.4,6.742,3.703
442112_uff_e=523.01_out,-5.4,6.435,3.594
442112_uff_e=523.01_out,-5.4,6.15,2.572
442112_uff_e=523.01_out,-5.3,6.277,3.685
442113_uff_e=425.34_out,-5.7,0.0,0.0
442113_uff_e=425.34_out,-5.7,22.045,20.658
442113_uff_e=425.34_out,-5.6,24.688,23.536
442113_uff_e=425.34_out,-5.6,24.201,22.94
442113_uff_e=425.34_out,-5.6,6.368,2.532
442113_uff_e=425.34_out,-5.5,1.796,1.385
442113_uff_e=425.34_out,-5.5,25.427,23.755
442113_uff_e=425.34_out,-5.5,24.128,22.344
442113_uff_e=425.34_out,-5.4,15.015,11.417
442118_uff_e=325.25_out,-5.6,0.0,0.0
442118_uff_e=325.25_out,-5.6,37.451,35.619
442118_uff_e=325.25_out,-5.4,20.511,18.726
442118_uff_e=325.25_out,-5.4,23.141,21.911
442118_uff_e=325.25_out,-5.4,21.414,20.012
442118_uff_e=325.25_out,-5.3,23.357,22.02
442118_uff_e=325.25_out,-5.3,5.459,2.681
442118_uff_e=325.25_out,-5.3,5.898,3.026
442118_uff_e=325.25_out,-5.2,22.564,21.996
442125_uff_e=724.00_out,-8.3,0.0,0.0
442125_uff_e=724.00_out,-7.8,2.475,1.82
442125_uff_e=724.00_out,-7.8,14.087,8.406
442125_uff_e=724.00_out,-7.6,24.667,20.641
442125_uff_e=724.00_out,-7.5,14.145,7.74
442125_uff_e=724.00_out,-7.5,9.608,1.766
442125_uff_e=724.00_out,-7.5,3.337,2.299
442125_uff_e=724.00_out,-7.4,3.344,1.97
442125_uff_e=724.00_out,-7.3,26.264,21.972
442126_uff_e=275.68_out,-7.3,0.0,0.0
442126_uff_e=275.68_out,-7.1,20.982,17.452
442126_uff_e=275.68_out,-7.1,23.6,21.669
442126_uff_e=275.68_out,-6.8,23.858,21.936
442126_uff_e=275.68_out,-6.6,20.669,17.913
442126_uff_e=275.68_out,-6.5,3.985,1.677
442126_uff_e=275.68_out,-6.5,4.696,2.457
442126_uff_e=275.68_out,-6.4,12.919,11.376
442126_uff_e=275.68_out,-6.4,23.269,19.887
442128_uff_e=340.44_out,-7.0,0.0,0.0
442128_uff_e=340.44_out,-6.2,2.175,1.268
442128_uff_e=340.44_out,-6.0,2.366,1.934
442128_uff_e=340.44_out,-6.0,7.041,3.923
442128_uff_e=340.44_out,-6.0,24.286,22.378
442128_uff_e=340.44_out,-5.9,22.9,20.72
442128_uff_e=340.44_out,-5.9,6.182,2.822
442128_uff_e=340.44_out,-5.6,12.749,9.024
442128_uff_e=340.44_out,-5.6,12.873,10.214
442129_uff_e=429.60_out,-7.2,0.0,0.0
442129_uff_e=429.60_out,-6.4,5.818,1.974
442129_uff_e=429.60_out,-6.4,6.619,3.747
442129_uff_e=429.60_out,-6.3,24.892,22.519
442129_uff_e=429.60_out,-6.3,2.246,1.705
442129_uff_e=429.60_out,-6.3,5.852,1.88
442129_uff_e=429.60_out,-6.1,25.176,22.499
442129_uff_e=429.60_out,-6.1,6.301,2.534
442129_uff_e=429.60_out,-6.1,26.586,23.669
442130_uff_e=1808.71_out,-7.2,0.0,0.0
442130_uff_e=1808.71_out,-6.7,2.069,1.318
442130_uff_e=1808.71_out,-6.4,24.652,22.232
442130_uff_e=1808.71_out,-6.1,2.166,1.653
442130_uff_e=1808.71_out,-6.0,7.479,3.945
442130_uff_e=1808.71_out,-5.8,22.025,18.167
442130_uff_e=1808.71_out,-5.8,13.006,9.376
442130_uff_e=1808.71_out,-5.8,22.774,20.677
442130_uff_e=1808.71_out,-5.7,10.178,6.115
442133_uff_e=354.23_out,-7.1,0.0,0.0
442133_uff_e=354.23_out,-6.4,5.04,1.901
442133_uff_e=354.23_out,-6.3,24.908,21.93
442133_uff_e=354.23_out,-6.2,24.462,22.066
442133_uff_e=354.23_out,-6.1,6.356,3.462
442133_uff_e=354.23_out,-6.1,21.775,19.824
442133_uff_e=354.23_out,-6.0,4.665,1.99
442133_uff_e=354.23_out,-6.0,5.715,2.151
442133_uff_e=354.23_out,-6.0,24.603,22.102
442134_uff_e=276.79_out,-6.4,0.0,0.0
442134_uff_e=276.79_out,-5.9,4.485,0.924
442134_uff_e=276.79_out,-5.4,14.183,12.47
442134_uff_e=276.79_out,-5.4,20.328,18.978
442134_uff_e=276.79_out,-5.4,23.486,22.161
442134_uff_e=276.79_out,-5.3,3.961,1.894
442134_uff_e=276.79_out,-5.2,20.167,17.917
442134_uff_e=276.79_out,-5.1,22.255,21.069
442134_uff_e=276.79_out,-5.1,2.96,1.951
442135_uff_e=368.35_out,-6.9,0.0,0.0
442135_uff_e=368.35_out,-6.9,2.987,2.251
442135_uff_e=368.35_out,-6.8,25.563,22.034
442135_uff_e=368.35_out,-6.8,24.879,21.909
442135_uff_e=368.35_out,-6.8,24.174,22.049
442135_uff_e=368.35_out,-6.7,20.118,17.087
442135_uff_e=368.35_out,-6.6,20.699,16.782
442135_uff_e=368.35_out,-6.6,25.979,22.329
442135_uff_e=368.35_out,-6.6,25.805,22.087
442137_uff_e=429.10_out,-6.6,0.0,0.0
442137_uff_e=429.10_out,-6.3,26.024,22.994
442137_uff_e=429.10_out,-6.2,2.44,1.634
442137_uff_e=429.10_out,-6.1,2.809,2.021
442137_uff_e=429.10_out,-6.1,3.066,1.402
442137_uff_e=429.10_out,-6.0,9.853,6.93
442137_uff_e=429.10_out,-6.0,6.707,3.091
442137_uff_e=429.10_out,-5.9,4.936,2.151
442137_uff_e=429.10_out,-5.9,25.843,22.955
442138_uff_e=1229.42_out,-7.7,0.0,0.0
442138_uff_e=1229.42_out,-7.5,2.434,1.786
442138_uff_e=1229.42_out,-7.4,26.286,24.084
442138_uff_e=1229.42_out,-7.3,26.338,23.957
442138_uff_e=1229.42_out,-7.3,23.913,21.645
442138_uff_e=1229.42_out,-7.2,7.303,1.638
442138_uff_e=1229.42_out,-7.2,36.249,33.586
442138_uff_e=1229.42_out,-7.1,7.621,2.965
442138_uff_e=1229.42_out,-7.1,24.657,20.451
442139_uff_e=339.89_out,-6.4,0.0,0.0
442139_uff_e=339.89_out,-6.4,3.338,1.805
442139_uff_e=339.89_out,-6.4,5.539,1.327
442139_uff_e=339.89_out,-6.0,4.766,2.012
442139_uff_e=339.89_out,-6.0,25.043,22.727
442139_uff_e=339.89_out,-6.0,22.625,21.432
442139_uff_e=339.89_out,-5.9,24.503,23.247
442139_uff_e=339.89_out,-5.8,2.243,1.475
442139_uff_e=339.89_out,-5.8,4.57,1.377
442140_uff_e=2039.38_out,-6.3,0.0,0.0
442140_uff_e=2039.38_out,-6.1,24.133,22.844
442140_uff_e=2039.38_out,-5.9,24.317,22.878
442140_uff_e=2039.38_out,-5.9,24.032,21.916
442140_uff_e=2039.38_out,-5.8,11.178,7.552
442140_uff_e=2039.38_out,-5.8,7.889,4.266
442140_uff_e=2039.38_out,-5.8,25.955,24.23
442140_uff_e=2039.38_out,-5.7,23.789,22.403
442140_uff_e=2039.38_out,-5.7,25.541,23.71
442142_uff_e=599.87_out,-6.5,0.0,0.0
442142_uff_e=599.87_out,-6.4,4.783,2.188
442142_uff_e=599.87_out,-6.2,4.143,2.203
442142_uff_e=599.87_out,-6.0,4.319,2.043
442142_uff_e=599.87_out,-5.9,4.95,2.017
442142_uff_e=599.87_out,-5.8,12.521,9.079
442142_uff_e=599.87_out,-5.8,4.232,2.209
442142_uff_e=599.87_out,-5.7,4.403,2.01
442142_uff_e=599.87_out,-5.7,12.933,9.6
442144_uff_e=1932.79_out,-6.9,0.0,0.0
442144_uff_e=1932.79_out,-6.2,4.211,2.136
442144_uff_e=1932.79_out,-6.1,5.103,2.308
442144_uff_e=1932.79_out,-5.7,26.167,24.917
442144_uff_e=1932.79_out,-5.7,13.323,9.226
442144_uff_e=1932.79_out,-5.7,10.085,6.944
442144_uff_e=1932.79_out,-5.7,6.317,2.513
442144_uff_e=1932.79_out,-5.7,24.211,21.578
442144_uff_e=1932.79_out,-5.6,6.91,1.935
442145_uff_e=594.64_out,-6.6,0.0,0.0
442145_uff_e=594.64_out,-6.2,4.664,2.188
442145_uff_e=594.64_out,-6.1,4.109,2.125
442145_uff_e=594.64_out,-6.1,25.458,22.886
442145_uff_e=594.64_out,-6.0,4.199,2.089
442145_uff_e=594.64_out,-5.9,12.724,10.166
442145_uff_e=594.64_out,-5.8,5.043,2.202
442145_uff_e=594.64_out,-5.7,5.017,2.029
442145_uff_e=594.64_out,-5.7,24.699,22.663
442146_uff_e=354.41_out,-6.5,0.0,0.0
442146_uff_e=354.41_out,-6.4,4.569,1.652
442146_uff_e=354.41_out,-6.2,4.379,2.014
442146_uff_e=354.41_out,-6.1,21.331,20.072
442146_uff_e=354.41_out,-6.1,24.068,22.279
442146_uff_e=354.41_out,-6.0,24.965,23.458
442146_uff_e=354.41_out,-5.9,13.08,10.425
442146_uff_e=354.41_out,-5.9,3.568,1.902
442146_uff_e=354.41_out,-5.8,4.525,2.033
442147_uff_e=3417.01_out,-6.8,0.0,0.0
442147_uff_e=3417.01_out,-6.5,21.425,19.538
442147_uff_e=3417.01_out,-6.4,12.326,10.118
442147_uff_e=3417.01_out,-6.2,3.918,1.811
442147_uff_e=3417.01_out,-6.1,4.636,2.199
442147_uff_e=3417.01_out,-6.0,13.174,10.946
442147_uff_e=3417.01_out,-5.9,13.377,11.635
442147_uff_e=3417.01_out,-5.8,2.184,1.397
442147_uff_e=3417.01_out,-5.8,4.145,1.805
442148_uff_e=394.86_out,-7.1,0.0,0.0
442148_uff_e=394.86_out,-6.8,21.883,19.206
442148_uff_e=394.86_out,-6.7,21.25,18.323
442148_uff_e=394.86_out,-6.6,4.521,2.616
442148_uff_e=394.86_out,-6.6,21.526,18.428
442148_uff_e=394.86_out,-6.5,20.497,18.992
442148_uff_e=394.86_out,-6.4,34.939,32.223
442148_uff_e=394.86_out,-6.3,24.281,19.911
442148_uff_e=394.86_out,-6.3,22.155,19.142
442149_uff_e=550.01_out,-7.2,0.0,0.0
442149_uff_e=550.01_out,-6.7,15.169,12.138
442149_uff_e=550.01_out,-6.5,23.912,20.015
442149_uff_e=550.01_out,-6.5,24.74,22.798
442149_uff_e=550.01_out,-6.4,20.363,15.721
442149_uff_e=550.01_out,-6.4,25.005,22.741
442149_uff_e=550.01_out,-6.3,35.212,32.098
442149_uff_e=550.01_out,-6.3,24.561,20.751
442149_uff_e=550.01_out,-6.3,25.089,20.961
442150_uff_e=375.50_out,-7.1,0.0,0.0
442150_uff_e=375.50_out,-6.7,1.946,1.466
442150_uff_e=375.50_out,-6.2,24.763,22.338
442150_uff_e=375.50_out,-6.2,6.189,2.87
442150_uff_e=375.50_out,-5.9,22.855,20.759
442150_uff_e=375.50_out,-5.9,6.997,3.761
442150_uff_e=375.50_out,-5.9,10.301,6.455
442150_uff_e=375.50_out,-5.9,10.137,7.488
442150_uff_e=375.50_out,-5.9,6.414,4.098
442151_uff_e=314.01_out,-6.7,0.0,0.0
442151_uff_e=314.01_out,-6.6,1.544,1.111
442151_uff_e=314.01_out,-6.0,6.796,3.808
442151_uff_e=314.01_out,-6.0,24.531,22.472
442151_uff_e=314.01_out,-5.7,23.025,20.828
442151_uff_e=314.01_out,-5.6,4.557,2.008
442151_uff_e=314.01_out,-5.6,10.664,6.549
442151_uff_e=314.01_out,-5.6,12.33,8.865
442151_uff_e=314.01_out,-5.6,5.193,1.868
442152_uff_e=226.95_out,-7.6,0.0,0.0
442152_uff_e=226.95_out,-7.5,6.236,3.13
442152_uff_e=226.95_out,-7.5,9.797,2.969
442152_uff_e=226.95_out,-7.4,5.722,2.85
442152_uff_e=226.95_out,-7.4,21.046,19.048
442152_uff_e=226.95_out,-7.4,26.224,23.991
442152_uff_e=226.95_out,-7.3,2.917,1.606
442152_uff_e=226.95_out,-7.3,23.815,21.595
442152_uff_e=226.95_out,-7.2,21.426,19.562
442153_uff_e=336.14_out,-7.8,0.0,0.0
442153_uff_e=336.14_out,-7.7,4.813,0.084
442153_uff_e=336.14_out,-7.7,26.632,23.371
442153_uff_e=336.14_out,-7.7,26.377,23.367
442153_uff_e=336.14_out,-7.5,7.026,2.288
442153_uff_e=336.14_out,-7.4,23.562,18.636
442153_uff_e=336.14_out,-7.4,23.975,18.636
442153_uff_e=336.14_out,-7.3,8.033,2.379
442153_uff_e=336.14_out,-7.2,25.716,22.509
442154_uff_e=199.85_out,-6.4,0.0,0.0
442154_uff_e=199.85_out,-6.2,6.74,2.479
442154_uff_e=199.85_out,-6.1,5.509,4.05
442154_uff_e=199.85_out,-5.9,25.819,23.18
442154_uff_e=199.85_out,-5.9,9.976,6.684
442154_uff_e=199.85_out,-5.9,3.8,1.919
442154_uff_e=199.85_out,-5.8,5.52,4.216
442154_uff_e=199.85_out,-5.8,9.141,6.943
442154_uff_e=199.85_out,-5.7,8.947,5.982
442155_uff_e=646.70_out,-6.9,0.0,0.0
442155_uff_e=646.70_out,-6.8,20.341,16.92
442155_uff_e=646.70_out,-6.6,7.237,2.291
442155_uff_e=646.70_out,-6.5,3.323,2.161
442155_uff_e=646.70_out,-6.5,7.743,2.253
442155_uff_e=646.70_out,-6.4,24.976,23.208
442155_uff_e=646.70_out,-6.4,2.14,1.574
442155_uff_e=646.70_out,-6.3,24.938,22.105
442155_uff_e=646.70_out,-6.3,21.802,17.624
442156_uff_e=607.60_out,-6.0,0.0,0.0
442156_uff_e=607.60_out,-5.6,24.626,23.053
442156_uff_e=607.60_out,-5.6,2.573,1.951
442156_uff_e=607.60_out,-5.6,23.009,21.617
442156_uff_e=607.60_out,-5.6,23.796,22.567
442156_uff_e=607.60_out,-5.6,25.451,23.846
442156_uff_e=607.60_out,-5.5,23.852,22.342
442156_uff_e=607.60_out,-5.5,24.476,22.856
442156_uff_e=607.60_out,-5.5,3.312,2.275
442158_uff_e=633.33_out,-6.8,0.0,0.0
442158_uff_e=633.33_out,-6.7,9.092,3.777
442158_uff_e=633.33_out,-6.7,27.798,23.545
442158_uff_e=633.33_out,-6.6,7.932,4.75
442158_uff_e=633.33_out,-6.5,28.096,24.147
442158_uff_e=633.33_out,-6.4,27.154,23.804
442158_uff_e=633.33_out,-6.4,26.747,22.501
442158_uff_e=633.33_out,-6.3,29.994,27.352
442158_uff_e=633.33_out,-6.3,29.244,24.393
442159_uff_e=711.38_out,-7.3,0.0,0.0
442159_uff_e=711.38_out,-7.3,23.676,20.339
442159_uff_e=711.38_out,-7.3,26.863,24.941
442159_uff_e=711.38_out,-7.2,29.859,27.11
442159_uff_e=711.38_out,-7.2,22.183,19.646
442159_uff_e=711.38_out,-7.1,28.695,23.783
442159_uff_e=711.38_out,-7.1,26.329,23.776
442159_uff_e=711.38_out,-7.0,26.765,24.941
442159_uff_e=711.38_out,-7.0,26.378,23.005
442161_uff_e=603.06_out,-7.6,0.0,0.0
442161_uff_e=603.06_out,-7.4,21.515,17.92
442161_uff_e=603.06_out,-7.4,22.625,20.622
442161_uff_e=603.06_out,-7.4,10.922,2.759
442161_uff_e=603.06_out,-7.0,9.984,3.074
442161_uff_e=603.06_out,-7.0,23.351,21.735
442161_uff_e=603.06_out,-6.9,23.901,20.302
442161_uff_e=603.06_out,-6.9,23.39,21.116
442161_uff_e=603.06_out,-6.9,19.787,15.172
442166_uff_e=428.46_out,-5.8,0.0,0.0
442166_uff_e=428.46_out,-5.6,23.229,21.059
442166_uff_e=428.46_out,-5.5,6.128,3.687
442166_uff_e=428.46_out,-5.5,6.015,3.433
442166_uff_e=428.46_out,-5.4,25.263,23.575
442166_uff_e=428.46_out,-5.4,21.178,18.359
442166_uff_e=428.46_out,-5.3,8.583,3.935
442166_uff_e=428.46_out,-5.3,23.607,21.112
442166_uff_e=428.46_out,-5.2,26.253,24.341
442167_uff_e=404.77_out,-6.5,0.0,0.0
442167_uff_e=404.77_out,-6.4,21.022,17.383
442167_uff_e=404.77_out,-6.4,25.251,23.04
442167_uff_e=404.77_out,-6.3,24.929,23.259
442167_uff_e=404.77_out,-6.2,11.947,8.874
442167_uff_e=404.77_out,-6.2,15.515,11.978
442167_uff_e=404.77_out,-6.2,5.146,3.106
442167_uff_e=404.77_out,-6.2,24.618,23.106
442167_uff_e=404.77_out,-6.1,24.448,23.468
442171_uff_e=2013.91_out,-6.3,0.0,0.0
442171_uff_e=2013.91_out,-6.1,10.962,8.553
442171_uff_e=2013.91_out,-6.0,13.8,11.694
442171_uff_e=2013.91_out,-5.9,4.151,2.196
442171_uff_e=2013.91_out,-5.8,5.925,2.294
442171_uff_e=2013.91_out,-5.8,13.899,12.23
442171_uff_e=2013.91_out,-5.8,11.431,9.043
442171_uff_e=2013.91_out,-5.8,3.429,2.793
442171_uff_e=2013.91_out,-5.6,23.754,21.978
442173_uff_e=386.45_out,-6.2,0.0,0.0
442173_uff_e=386.45_out,-6.2,4.018,2.397
442173_uff_e=386.45_out,-6.1,4.858,2.58
442173_uff_e=386.45_out,-5.9,4.27,2.457
442173_uff_e=386.45_out,-5.8,4.753,2.376
442173_uff_e=386.45_out,-5.7,4.741,2.337
442173_uff_e=386.45_out,-5.7,4.524,2.055
442173_uff_e=386.45_out,-5.6,3.143,1.325
442173_uff_e=386.45_out,-5.6,5.003,2.664
442175_uff_e=3379.05_out,-6.3,0.0,0.0
442175_uff_e=3379.05_out,-6.3,4.184,2.201
442175_uff_e=3379.05_out,-6.3,14.024,11.731
442175_uff_e=3379.05_out,-6.2,25.508,23.348
442175_uff_e=3379.05_out,-6.1,12.978,10.224
442175_uff_e=3379.05_out,-6.1,23.815,22.531
442175_uff_e=3379.05_out,-6.0,2.103,1.463
442175_uff_e=3379.05_out,-6.0,12.234,10.924
442175_uff_e=3379.05_out,-5.9,13.602,11.19
442178_uff_e=1967.32_out,-6.1,0.0,0.0
442178_uff_e=1967.32_out,-6.0,4.209,2.376
442178_uff_e=1967.32_out,-5.8,3.975,1.947
442178_uff_e=1967.32_out,-5.7,11.969,9.687
442178_uff_e=1967.32_out,-5.7,10.745,9.39
442178_uff_e=1967.32_out,-5.6,26.711,25.162
442178_uff_e=1967.32_out,-5.6,2.423,2.023
442178_uff_e=1967.32_out,-5.6,25.098,23.443
442178_uff_e=1967.32_out,-5.5,23.405,22.259
442179_uff_e=648.67_out,-6.4,0.0,0.0
442179_uff_e=648.67_out,-6.2,11.933,9.022
442179_uff_e=648.67_out,-6.1,11.782,7.861
442179_uff_e=648.67_out,-6.0,6.463,1.778
442179_uff_e=648.67_out,-5.9,24.441,22.551
442179_uff_e=648.67_out,-5.9,25.719,23.463
442179_uff_e=648.67_out,-5.9,13.977,11.642
442179_uff_e=648.67_out,-5.8,11.468,8.818
442179_uff_e=648.67_out,-5.8,13.953,10.579
442180_uff_e=554.44_out,-7.0,0.0,0.0
442180_uff_e=554.44_out,-6.7,22.658,20.692
442180_uff_e=554.44_out,-6.6,19.306,15.733
442180_uff_e=554.44_out,-6.5,19.314,15.435
442180_uff_e=554.44_out,-6.5,23.864,22.479
442180_uff_e=554.44_out,-6.4,21.251,20.362
442180_uff_e=554.44_out,-6.3,25.446,23.207
442180_uff_e=554.44_out,-6.2,14.946,12.302
442180_uff_e=554.44_out,-6.2,26.92,24.726
442183_uff_e=698.23_out,-6.3,0.0,0.0
442183_uff_e=698.23_out,-6.3,4.072,1.803
442183_uff_e=698.23_out,-6.0,4.536,1.578
442183_uff_e=698.23_out,-6.0,2.308,1.839
442183_uff_e=698.23_out,-5.9,13.164,11.274
442183_uff_e=698.23_out,-5.9,22.998,20.852
442183_uff_e=698.23_out,-5.8,20.708,19.398
442183_uff_e=698.23_out,-5.8,3.274,1.985
442183_uff_e=698.23_out,-5.8,21.75,19.683
442184_uff_e=1218.33_out,-6.4,0.0,0.0
442184_uff_e=1218.33_out,-6.4,12.057,7.114
442184_uff_e=1218.33_out,-6.3,12.911,8.338
442184_uff_e=1218.33_out,-6.3,6.299,2.71
442184_uff_e=1218.33_out,-6.3,14.63,11.229
442184_uff_e=1218.33_out,-6.2,6.935,2.36
442184_uff_e=1218.33_out,-6.2,28.083,24.197
442184_uff_e=1218.33_out,-6.2,13.7,9.073
442184_uff_e=1218.33_out,-6.1,12.617,7.924
442186_uff_e=274.78_out,-5.0,0.0,0.0
442186_uff_e=274.78_out,-5.0,2.351,1.696
442186_uff_e=274.78_out,-5.0,27.392,26.692
442186_uff_e=274.78_out,-4.9,15.872,13.676
442186_uff_e=274.78_out,-4.9,22.785,21.862
442186_uff_e=274.78_out,-4.8,21.165,19.075
442186_uff_e=274.78_out,-4.8,27.176,26.209
442186_uff_e=274.78_out,-4.8,6.173,3.369
442186_uff_e=274.78_out,-4.7,24.443,23.27
442187_uff_e=332.32_out,-6.7,0.0,0.0
442187_uff_e=332.32_out,-6.2,3.22,1.34
442187_uff_e=332.32_out,-6.1,2.0,1.408
442187_uff_e=332.32_out,-5.9,24.667,23.141
442187_uff_e=332.32_out,-5.8,4.782,3.028
442187_uff_e=332.32_out,-5.8,4.475,2.872
442187_uff_e=332.32_out,-5.8,22.452,21.347
442187_uff_e=332.32_out,-5.7,5.558,3.5
442187_uff_e=332.32_out,-5.6,34.287,32.308
442188_uff_e=532.84_out,-6.5,0.0,0.0
442188_uff_e=532.84_out,-6.2,24.506,23.575
442188_uff_e=532.84_out,-6.2,24.941,23.283
442188_uff_e=532.84_out,-6.0,22.764,21.558
442188_uff_e=532.84_out,-6.0,24.563,23.059
442188_uff_e=532.84_out,-6.0,23.294,20.468
442188_uff_e=532.84_out,-5.9,7.405,1.321
442188_uff_e=532.84_out,-5.9,20.379,16.787
442188_uff_e=532.84_out,-5.8,23.986,21.027
442189_uff_e=3395.06_out,-5.8,0.0,0.0
442189_uff_e=3395.06_out,-5.6,11.222,9.028
442189_uff_e=3395.06_out,-5.5,11.719,9.713
442189_uff_e=3395.06_out,-5.5,3.557,1.546
442189_uff_e=3395.06_out,-5.5,12.085,10.068
442189_uff_e=3395.06_out,-5.5,12.78,10.649
442189_uff_e=3395.06_out,-5.5,12.153,9.921
442189_uff_e=3395.06_out,-5.4,10.575,8.926
442189_uff_e=3395.06_out,-5.4,11.677,9.817
442190_uff_e=516.16_out,-6.8,0.0,0.0
442190_uff_e=516.16_out,-6.6,27.029,24.358
442190_uff_e=516.16_out,-6.4,13.293,10.051
442190_uff_e=516.16_out,-6.4,4.602,3.244
442190_uff_e=516.16_out,-6.3,24.977,22.914
442190_uff_e=516.16_out,-6.2,25.762,23.172
442190_uff_e=516.16_out,-6.2,27.117,24.475
442190_uff_e=516.16_out,-6.2,34.818,32.278
442190_uff_e=516.16_out,-6.2,13.182,9.936
442191_uff_e=390.33_out,-6.5,0.0,0.0
442191_uff_e=390.33_out,-6.4,4.502,1.281
442191_uff_e=390.33_out,-6.4,4.004,2.375
442191_uff_e=390.33_out,-6.3,5.379,2.747
442191_uff_e=390.33_out,-6.2,23.911,22.366
442191_uff_e=390.33_out,-6.0,20.79,19.128
442191_uff_e=390.33_out,-5.9,5.026,3.147
442191_uff_e=390.33_out,-5.9,5.541,2.292
442191_uff_e=390.33_out,-5.8,25.42,22.857
442192_uff_e=344.24_out,-6.6,0.0,0.0
442192_uff_e=344.24_out,-6.5,3.987,2.395
442192_uff_e=344.24_out,-6.4,5.293,2.644
442192_uff_e=344.24_out,-6.1,24.072,22.924
442192_uff_e=344.24_out,-6.1,24.857,23.034
442192_uff_e=344.24_out,-6.0,24.148,23.18
442192_uff_e=344.24_out,-6.0,4.45,1.368
442192_uff_e=344.24_out,-5.8,23.988,22.291
442192_uff_e=344.24_out,-5.8,3.374,2.151
442194_uff_e=498.62_out,-7.0,0.0,0.0
442194_uff_e=498.62_out,-6.6,35.46,32.132
442194_uff_e=498.62_out,-6.6,24.1,22.171
442194_uff_e=498.62_out,-6.4,23.825,22.498
442194_uff_e=498.62_out,-6.4,5.895,2.845
442194_uff_e=498.62_out,-6.3,25.257,22.681
442194_uff_e=498.62_out,-6.2,4.622,2.652
442194_uff_e=498.62_out,-6.1,13.639,10.381
442194_uff_e=498.62_out,-6.0,25.822,23.199
442195_uff_e=613.69_out,-6.8,0.0,0.0
442195_uff_e=613.69_out,-6.8,25.327,22.269
442195_uff_e=613.69_out,-6.7,24.757,22.26
442195_uff_e=613.69_out,-6.7,2.039,1.557
442195_uff_e=613.69_out,-6.7,4.231,2.116
442195_uff_e=613.69_out,-6.7,23.997,21.158
442195_uff_e=613.69_out,-6.7,13.909,11.46
442195_uff_e=613.69_out,-6.7,25.608,22.903
442195_uff_e=613.69_out,-6.7,9.493,2.112
442196_uff_e=394.77_out,-6.4,0.0,0.0
442196_uff_e=394.77_out,-6.3,5.789,1.985
442196_uff_e=394.77_out,-6.1,11.589,9.863
442196_uff_e=394.77_out,-5.9,23.866,22.159
442196_uff_e=394.77_out,-5.9,4.44,2.724
442196_uff_e=394.77_out,-5.9,11.13,8.945
442196_uff_e=394.77_out,-5.9,4.678,1.909
442196_uff_e=394.77_out,-5.8,2.65,1.532
442196_uff_e=394.77_out,-5.8,11.721,9.572
442197_uff_e=612.02_out,-7.4,0.0,0.0
442197_uff_e=612.02_out,-7.3,24.776,23.121
442197_uff_e=612.02_out,-7.0,24.492,22.296
442197_uff_e=612.02_out,-6.7,3.599,2.127
442197_uff_e=612.02_out,-6.7,6.705,3.17
442197_uff_e=612.02_out,-6.6,34.407,32.28
442197_uff_e=612.02_out,-6.5,33.737,31.477
442197_uff_e=612.02_out,-6.5,23.92,22.526
442197_uff_e=612.02_out,-6.5,23.963,22.319
442199_uff_e=444.53_out,-6.5,0.0,0.0
442199_uff_e=444.53_out,-6.2,23.579,22.051
442199_uff_e=444.53_out,-6.1,23.824,22.713
442199_uff_e=444.53_out,-6.1,21.438,20.114
442199_uff_e=444.53_out,-5.8,39.168,37.139
442199_uff_e=444.53_out,-5.8,5.709,1.839
442199_uff_e=444.53_out,-5.8,23.204,20.877
442199_uff_e=444.53_out,-5.8,23.707,22.168
442199_uff_e=444.53_out,-5.8,23.446,22.462
442200_uff_e=3380.24_out,-6.7,0.0,0.0
442200_uff_e=3380.24_out,-6.3,3.375,1.694
442200_uff_e=3380.24_out,-6.3,12.918,10.674
442200_uff_e=3380.24_out,-6.3,21.927,19.515
442200_uff_e=3380.24_out,-6.3,22.732,19.857
442200_uff_e=3380.24_out,-6.2,11.693,9.209
442200_uff_e=3380.24_out,-6.2,12.511,10.189
442200_uff_e=3380.24_out,-6.2,13.173,10.837
442200_uff_e=3380.24_out,-6.1,3.541,1.948
442202_uff_e=475.57_out,-6.3,0.0,0.0
442202_uff_e=475.57_out,-6.2,23.04,21.692
442202_uff_e=475.57_out,-6.0,23.865,22.365
442202_uff_e=475.57_out,-5.9,24.714,23.332
442202_uff_e=475.57_out,-5.9,5.428,3.026
442202_uff_e=475.57_out,-5.8,23.557,22.388
442202_uff_e=475.57_out,-5.6,24.043,22.781
442202_uff_e=475.57_out,-5.5,3.479,2.389
442202_uff_e=475.57_out,-5.5,23.763,22.62
442205_uff_e=2024.52_out,-6.3,0.0,0.0
442205_uff_e=2024.52_out,-6.2,12.246,9.206
442205_uff_e=2024.52_out,-6.1,11.357,8.142
442205_uff_e=2024.52_out,-6.1,11.704,9.041
442205_uff_e=2024.52_out,-6.1,4.503,2.106
442205_uff_e=2024.52_out,-6.0,24.32,22.392
442205_uff_e=2024.52_out,-5.9,13.012,9.799
442205_uff_e=2024.52_out,-5.9,23.186,21.225
442205_uff_e=2024.52_out,-5.8,11.973,8.319
442206_uff_e=1978.40_out,-6.5,0.0,0.0
442206_uff_e=1978.40_out,-6.5,5.077,1.962
442206_uff_e=1978.40_out,-6.5,4.466,1.612
442206_uff_e=1978.40_out,-6.4,25.398,23.116
442206_uff_e=1978.40_out,-6.4,11.553,8.361
442206_uff_e=1978.40_out,-6.3,11.743,8.237
442206_uff_e=1978.40_out,-6.3,10.919,7.642
442206_uff_e=1978.40_out,-6.2,5.215,2.394
442206_uff_e=1978.40_out,-6.2,5.216,2.497
442209_uff_e=312.32_out,-6.8,0.0,0.0
442209_uff_e=312.32_out,-6.0,24.61,23.051
442209_uff_e=312.32_out,-6.0,22.576,21.584
442209_uff_e=312.32_out,-5.8,4.672,3.367
442209_uff_e=312.32_out,-5.7,4.656,3.09
442209_uff_e=312.32_out,-5.7,24.424,22.411
442209_uff_e=312.32_out,-5.6,34.585,32.642
442209_uff_e=312.32_out,-5.6,2.705,1.71
442209_uff_e=312.32_out,-5.6,5.607,3.338
442210_uff_e=249.85_out,-6.4,0.0,0.0
442210_uff_e=249.85_out,-6.3,24.513,22.725
442210_uff_e=249.85_out,-6.2,25.468,23.564
442210_uff_e=249.85_out,-6.0,24.786,23.445
442210_uff_e=249.85_out,-5.9,24.74,23.456
442210_uff_e=249.85_out,-5.9,4.912,2.52
442210_uff_e=249.85_out,-5.8,24.312,22.747
442210_uff_e=249.85_out,-5.8,24.274,22.598
442210_uff_e=249.85_out,-5.8,34.007,32.23
442214_uff_e=968.88_out,-8.1,0.0,0.0
442214_uff_e=968.88_out,-7.5,26.203,21.92
442214_uff_e=968.88_out,-7.5,11.712,7.409
442214_uff_e=968.88_out,-7.4,24.908,21.579
442214_uff_e=968.88_out,-7.3,13.181,8.368
442214_uff_e=968.88_out,-7.3,26.952,22.448
442214_uff_e=968.88_out,-7.2,6.957,3.986
442214_uff_e=968.88_out,-7.1,6.211,3.469
442214_uff_e=968.88_out,-7.1,28.589,23.141
442217_uff_e=689.77_out,-6.8,0.0,0.0
442217_uff_e=689.77_out,-6.8,27.996,26.381
442217_uff_e=689.77_out,-6.7,29.314,26.523
442217_uff_e=689.77_out,-6.7,3.98,2.635
442217_uff_e=689.77_out,-6.6,14.506,11.371
442217_uff_e=689.77_out,-6.5,30.001,27.43
442217_uff_e=689.77_out,-6.5,10.483,6.042
442217_uff_e=689.77_out,-6.4,13.36,10.827
442217_uff_e=689.77_out,-6.4,28.347,26.833
442218_uff_e=459.79_out,-6.6,0.0,0.0
442218_uff_e=459.79_out,-6.1,22.986,21.67
442218_uff_e=459.79_out,-5.9,3.273,1.896
442218_uff_e=459.79_out,-5.9,5.31,2.941
442218_uff_e=459.79_out,-5.9,5.105,2.991
442218_uff_e=459.79_out,-5.8,3.434,2.16
442218_uff_e=459.79_out,-5.8,26.071,24.172
442218_uff_e=459.79_out,-5.7,5.09,1.551
442218_uff_e=459.79_out,-5.6,4.72,2.742
442219_uff_e=520.09_out,-5.9,0.0,0.0
442219_uff_e=520.09_out,-5.8,28.041,26.447
442219_uff_e=520.09_out,-5.8,24.6,22.653
442219_uff_e=520.09_out,-5.7,2.392,1.681
442219_uff_e=520.09_out,-5.7,24.69,22.981
442219_uff_e=520.09_out,-5.6,21.905,19.435
442219_uff_e=520.09_out,-5.6,24.706,23.102
442219_uff_e=520.09_out,-5.5,22.288,19.534
442219_uff_e=520.09_out,-5.4,23.268,20.3
442220_uff_e=639.10_out,-6.0,0.0,0.0
442220_uff_e=639.10_out,-5.9,12.178,9.966
442220_uff_e=639.10_out,-5.9,9.109,5.783
442220_uff_e=639.10_out,-5.8,16.528,13.632
442220_uff_e=639.10_out,-5.8,5.678,1.459
442220_uff_e=639.10_out,-5.7,11.786,8.692
442220_uff_e=639.10_out,-5.7,9.086,7.086
442220_uff_e=639.10_out,-5.6,4.438,2.24
442220_uff_e=639.10_out,-5.5,5.001,3.066
442233_uff_e=1188.39_out,-6.3,0.0,0.0
442233_uff_e=1188.39_out,-6.2,26.866,21.984
442233_uff_e=1188.39_out,-6.2,7.804,2.975
442233_uff_e=1188.39_out,-6.1,26.477,22.521
442233_uff_e=1188.39_out,-6.0,26.623,22.37
442233_uff_e=1188.39_out,-6.0,26.481,22.254
442233_uff_e=1188.39_out,-5.9,26.32,22.809
442233_uff_e=1188.39_out,-5.9,7.962,3.473
442233_uff_e=1188.39_out,-5.9,26.48,22.795
442236_uff_e=754.56_out,-6.6,0.0,0.0
442236_uff_e=754.56_out,-6.3,18.516,16.996
442236_uff_e=754.56_out,-6.2,30.207,27.862
442236_uff_e=754.56_out,-6.2,16.033,13.201
442236_uff_e=754.56_out,-6.2,18.029,16.472
442236_uff_e=754.56_out,-6.1,16.966,12.42
442236_uff_e=754.56_out,-5.9,14.432,11.864
442236_uff_e=754.56_out,-5.8,35.012,30.566
442236_uff_e=754.56_out,-5.8,30.426,28.29
442237_uff_e=319.14_out,-5.2,0.0,0.0
442237_uff_e=319.14_out,-4.9,22.631,19.545
442237_uff_e=319.14_out,-4.9,3.386,1.583
442237_uff_e=319.14_out,-4.9,23.131,20.431
442237_uff_e=319.14_out,-4.9,22.867,20.243
442237_uff_e=319.14_out,-4.9,21.407,19.31
442237_uff_e=319.14_out,-4.8,24.571,22.879
442237_uff_e=319.14_out,-4.8,22.834,21.112
442237_uff_e=319.14_out,-4.8,22.984,20.849
442240_uff_e=381.28_out,-6.4,0.0,0.0
442240_uff_e=381.28_out,-6.4,24.573,22.586
442240_uff_e=381.28_out,-6.2,1.978,1.758
442240_uff_e=381.28_out,-6.2,23.499,22.512
442240_uff_e=381.28_out,-6.1,10.634,8.367
442240_uff_e=381.28_out,-6.1,4.691,2.588
442240_uff_e=381.28_out,-6.0,24.851,22.654
442240_uff_e=381.28_out,-6.0,3.592,1.962
442240_uff_e=381.28_out,-5.9,23.51,21.665
442241_uff_e=716.83_out,-6.3,0.0,0.0
442241_uff_e=716.83_out,-6.3,2.267,1.284
442241_uff_e=716.83_out,-6.3,5.015,1.901
442241_uff_e=716.83_out,-6.1,5.296,2.497
442241_uff_e=716.83_out,-5.9,4.962,2.274
442241_uff_e=716.83_out,-5.9,12.323,8.495
442241_uff_e=716.83_out,-5.9,10.584,7.631
442241_uff_e=716.83_out,-5.8,25.205,22.272
442241_uff_e=716.83_out,-5.8,12.665,9.167
442242_uff_e=709.52_out,-6.5,0.0,0.0
442242_uff_e=709.52_out,-6.3,23.515,21.529
442242_uff_e=709.52_out,-6.1,24.431,22.09
442242_uff_e=709.52_out,-6.1,4.748,2.496
442242_uff_e=709.52_out,-6.0,24.699,22.17
442242_uff_e=709.52_out,-5.9,24.102,21.993
442242_uff_e=709.52_out,-5.9,8.222,5.261
442242_uff_e=709.52_out,-5.9,25.77,23.286
442242_uff_e=709.52_out,-5.8,24.3,22.393
442243_uff_e=557.59_out,-6.4,0.0,0.0
442243_uff_e=557.59_out,-6.1,23.265,21.986
442243_uff_e=557.59_out,-6.0,23.434,22.131
442243_uff_e=557.59_out,-6.0,22.444,20.707
442243_uff_e=557.59_out,-5.8,23.165,21.51
442243_uff_e=557.59_out,-5.8,7.136,2.843
442243_uff_e=557.59_out,-5.8,24.195,22.747
442243_uff_e=557.59_out,-5.7,23.221,20.923
442243_uff_e=557.59_out,-5.7,24.812,23.347
442244_uff_e=485.62_out,-7.1,0.0,0.0
442244_uff_e=485.62_out,-6.4,3.252,1.577
442244_uff_e=485.62_out,-6.4,23.912,21.675
442244_uff_e=485.62_out,-6.4,5.659,2.157
442244_uff_e=485.62_out,-5.9,25.123,23.307
442244_uff_e=485.62_out,-5.9,4.405,1.941
442244_uff_e=485.62_out,-5.7,5.229,1.866
442244_uff_e=485.62_out,-5.7,10.348,6.901
442244_uff_e=485.62_out,-5.6,24.433,22.432
442246_uff_e=740.31_out,-6.3,0.0,0.0
442246_uff_e=740.31_out,-5.7,12.582,9.528
442246_uff_e=740.31_out,-5.6,25.809,23.616
442246_uff_e=740.31_out,-5.5,5.862,1.803
442246_uff_e=740.31_out,-5.4,13.812,10.334
442246_uff_e=740.31_out,-5.4,26.189,23.887
442246_uff_e=740.31_out,-5.4,38.21,34.463
442246_uff_e=740.31_out,-5.3,26.098,24.153
442246_uff_e=740.31_out,-5.2,12.266,9.712
442247_uff_e=590.67_out,-7.0,0.0,0.0
442247_uff_e=590.67_out,-6.9,24.744,23.024
442247_uff_e=590.67_out,-6.8,7.767,2.049
442247_uff_e=590.67_out,-6.8,24.045,23.15
442247_uff_e=590.67_out,-6.6,24.814,23.658
442247_uff_e=590.67_out,-6.6,7.336,1.778
442247_uff_e=590.67_out,-6.4,25.133,23.176
442247_uff_e=590.67_out,-6.3,7.578,1.866
442247_uff_e=590.67_out,-6.3,2.282,1.664
442248_uff_e=1837.22_out,-6.1,0.0,0.0
442248_uff_e=1837.22_out,-6.0,5.21,1.779
442248_uff_e=1837.22_out,-5.8,25.832,22.519
442248_uff_e=1837.22_out,-5.7,3.549,2.223
442248_uff_e=1837.22_out,-5.7,25.836,23.327
442248_uff_e=1837.22_out,-5.6,26.679,23.333
442248_uff_e=1837.22_out,-5.6,25.034,22.345
442248_uff_e=1837.22_out,-5.6,5.119,1.626
442248_uff_e=1837.22_out,-5.5,6.619,2.324
442249_uff_e=569.15_out,-6.7,0.0,0.0
442249_uff_e=569.15_out,-6.5,13.971,9.19
442249_uff_e=569.15_out,-6.3,8.118,3.392
442249_uff_e=569.15_out,-6.3,2.353,1.481
442249_uff_e=569.15_out,-6.3,12.595,7.694
442249_uff_e=569.15_out,-6.3,14.493,10.404
442249_uff_e=569.15_out,-6.2,17.49,12.386
442249_uff_e=569.15_out,-6.2,15.356,11.994
442249_uff_e=569.15_out,-6.2,26.273,22.409
442250_uff_e=1827.09_out,-5.8,0.0,0.0
442250_uff_e=1827.09_out,-5.8,26.13,22.976
442250_uff_e=1827.09_out,-5.6,25.572,23.29
442250_uff_e=1827.09_out,-5.5,6.206,2.066
442250_uff_e=1827.09_out,-5.5,24.801,22.431
442250_uff_e=1827.09_out,-5.5,5.775,2.022
442250_uff_e=1827.09_out,-5.3,12.741,8.98
442250_uff_e=1827.09_out,-5.3,4.136,1.855
442250_uff_e=1827.09_out,-5.3,5.044,1.816
442254_uff_e=373.91_out,-6.2,0.0,0.0
442254_uff_e=373.91_out,-6.1,5.174,2.078
442254_uff_e=373.91_out,-6.1,13.233,11.518
442254_uff_e=373.91_out,-6.0,24.219,22.345
442254_uff_e=373.91_out,-5.9,4.779,2.018
442254_uff_e=373.91_out,-5.9,11.511,9.835
442254_uff_e=373.91_out,-5.8,5.401,1.456
442254_uff_e=373.91_out,-5.8,24.082,22.094
442254_uff_e=373.91_out,-5.8,1.611,1.443
442255_uff_e=321.41_out,-6.0,0.0,0.0
442255_uff_e=321.41_out,-6.0,23.295,21.835
442255_uff_e=321.41_out,-6.0,19.651,17.858
442255_uff_e=321.41_out,-5.9,23.181,20.653
442255_uff_e=321.41_out,-5.9,24.031,22.196
442255_uff_e=321.41_out,-5.9,19.453,17.613
442255_uff_e=321.41_out,-5.8,19.435,17.649
442255_uff_e=321.41_out,-5.7,24.183,22.399
442255_uff_e=321.41_out,-5.7,7.584,2.264
442256_uff_e=485.90_out,-6.6,0.0,0.0
442256_uff_e=485.90_out,-6.4,4.088,1.63
442256_uff_e=485.90_out,-5.9,3.939,1.947
442256_uff_e=485.90_out,-5.9,24.509,22.453
442256_uff_e=485.90_out,-5.8,25.438,23.986
442256_uff_e=485.90_out,-5.8,23.417,21.576
442256_uff_e=485.90_out,-5.8,21.326,20.509
442256_uff_e=485.90_out,-5.8,4.784,1.688
442256_uff_e=485.90_out,-5.8,5.226,2.13
442258_uff_e=477.90_out,-6.2,0.0,0.0
442258_uff_e=477.90_out,-6.2,4.616,2.522
442258_uff_e=477.90_out,-6.1,20.98,18.597
442258_uff_e=477.90_out,-6.1,17.396,14.998
442258_uff_e=477.90_out,-6.1,25.639,23.437
442258_uff_e=477.90_out,-6.0,4.814,2.427
442258_uff_e=477.90_out,-6.0,22.999,22.077
442258_uff_e=477.90_out,-6.0,5.965,3.672
442258_uff_e=477.90_out,-5.9,5.003,2.307
442260_uff_e=507.50_out,-6.9,0.0,0.0
442260_uff_e=507.50_out,-6.9,22.264,17.401
442260_uff_e=507.50_out,-6.9,24.849,22.697
442260_uff_e=507.50_out,-6.9,2.636,1.695
442260_uff_e=507.50_out,-6.9,4.166,2.429
442260_uff_e=507.50_out,-6.8,25.015,21.683
442260_uff_e=507.50_out,-6.8,9.806,4.083
442260_uff_e=507.50_out,-6.8,23.49,19.352
442260_uff_e=507.50_out,-6.8,24.798,21.26
442261_uff_e=431.57_out,-6.7,0.0,0.0
442261_uff_e=431.57_out,-6.6,26.138,24.282
442261_uff_e=431.57_out,-6.6,24.559,23.05
442261_uff_e=431.57_out,-6.6,4.162,1.96
442261_uff_e=431.57_out,-6.5,23.88,22.852
442261_uff_e=431.57_out,-6.2,24.197,22.514
442261_uff_e=431.57_out,-6.0,24.002,22.655
442261_uff_e=431.57_out,-6.0,4.831,2.735
442261_uff_e=431.57_out,-6.0,5.671,3.713
442262_uff_e=638.34_out,-6.9,0.0,0.0
442262_uff_e=638.34_out,-5.8,23.349,21.345
442262_uff_e=638.34_out,-5.7,13.176,9.85
442262_uff_e=638.34_out,-5.6,4.274,2.642
442262_uff_e=638.34_out,-5.5,12.355,9.477
442262_uff_e=638.34_out,-5.5,23.113,21.575
442262_uff_e=638.34_out,-5.5,3.541,2.309
442262_uff_e=638.34_out,-5.4,16.438,14.233
442262_uff_e=638.34_out,-5.4,13.309,10.537
442263_uff_e=490.55_out,-5.9,0.0,0.0
442263_uff_e=490.55_out,-5.9,2.745,1.998
442263_uff_e=490.55_out,-5.6,16.155,11.703
442263_uff_e=490.55_out,-5.5,14.336,11.655
442263_uff_e=490.55_out,-5.5,23.247,20.917
442263_uff_e=490.55_out,-5.5,5.404,3.439
442263_uff_e=490.55_out,-5.4,14.719,11.795
442263_uff_e=490.55_out,-5.4,23.33,20.977
442263_uff_e=490.55_out,-5.4,32.795,30.136
442265_uff_e=621.93_out,-6.7,0.0,0.0
442265_uff_e=621.93_out,-6.5,5.809,1.884
442265_uff_e=621.93_out,-6.0,4.776,1.994
442265_uff_e=621.93_out,-5.9,2.458,1.645
442265_uff_e=621.93_out,-5.8,4.458,1.646
442265_uff_e=621.93_out,-5.8,23.913,22.28
442265_uff_e=621.93_out,-5.7,5.38,2.568
442265_uff_e=621.93_out,-5.6,5.314,2.365
442265_uff_e=621.93_out,-5.5,26.391,25.194
442266_uff_e=429.81_out,-6.5,0.0,0.0
442266_uff_e=429.81_out,-6.3,5.806,1.609
442266_uff_e=429.81_out,-6.1,23.932,21.826
442266_uff_e=429.81_out,-6.1,11.97,10.177
442266_uff_e=429.81_out,-6.0,4.491,2.141
442266_uff_e=429.81_out,-5.8,12.77,10.77
442266_uff_e=429.81_out,-5.8,4.493,1.123
442266_uff_e=429.81_out,-5.8,19.14,17.565
442266_uff_e=429.81_out,-5.7,5.194,2.463
442270_uff_e=518.96_out,-6.2,0.0,0.0
442270_uff_e=518.96_out,-6.2,5.045,1.889
442270_uff_e=518.96_out,-6.0,25.329,23.229
442270_uff_e=518.96_out,-6.0,4.69,2.089
442270_uff_e=518.96_out,-6.0,13.504,10.461
442270_uff_e=518.96_out,-6.0,5.369,2.548
442270_uff_e=518.96_out,-5.9,3.773,2.038
442270_uff_e=518.96_out,-5.7,12.747,10.71
442270_uff_e=518.96_out,-5.7,15.065,12.042
442272_uff_e=532.90_out,-6.6,0.0,0.0
442272_uff_e=532.90_out,-6.6,5.765,1.927
442272_uff_e=532.90_out,-6.4,4.878,2.237
442272_uff_e=532.90_out,-6.1,5.761,1.985
442272_uff_e=532.90_out,-6.1,4.22,2.063
442272_uff_e=532.90_out,-5.9,4.345,2.41
442272_uff_e=532.90_out,-5.6,4.539,2.575
442272_uff_e=532.90_out,-5.5,12.701,9.498
442272_uff_e=532.90_out,-5.5,4.387,2.679
442276_uff_e=3452.78_out,-5.8,0.0,0.0
442276_uff_e=3452.78_out,-5.8,4.715,1.735
442276_uff_e=3452.78_out,-5.6,4.166,2.259
442276_uff_e=3452.78_out,-5.5,20.879,18.682
442276_uff_e=3452.78_out,-5.5,8.419,6.261
442276_uff_e=3452.78_out,-5.5,5.04,2.314
442276_uff_e=3452.78_out,-5.3,11.67,9.15
442276_uff_e=3452.78_out,-5.2,21.877,19.055
442276_uff_e=3452.78_out,-5.2,15.411,13.578
442277_uff_e=188.62_out,-6.3,0.0,0.0
442277_uff_e=188.62_out,-6.1,23.123,21.403
442277_uff_e=188.62_out,-6.1,23.06,21.928
442277_uff_e=188.62_out,-6.0,27.268,23.505
442277_uff_e=188.62_out,-5.9,23.364,21.935
442277_uff_e=188.62_out,-5.9,23.919,22.324
442277_uff_e=188.62_out,-5.9,23.259,22.586
442277_uff_e=188.62_out,-5.9,25.348,22.912
442277_uff_e=188.62_out,-5.8,23.566,22.429
442278_uff_e=3296.93_out,-6.7,0.0,0.0
442278_uff_e=3296.93_out,-6.2,3.602,2.013
442278_uff_e=3296.93_out,-6.0,24.636,22.152
442278_uff_e=3296.93_out,-5.9,12.223,9.69
442278_uff_e=3296.93_out,-5.8,25.778,23.35
442278_uff_e=3296.93_out,-5.7,4.925,1.831
442278_uff_e=3296.93_out,-5.7,23.334,21.493
442278_uff_e=3296.93_out,-5.7,10.746,8.579
442278_uff_e=3296.93_out,-5.6,11.41,8.576
442279_uff_e=452.89_out,-6.5,0.0,0.0
442279_uff_e=452.89_out,-6.4,4.449,2.787
442279_uff_e=452.89_out,-6.2,5.142,2.359
442279_uff_e=452.89_out,-6.1,13.051,11.328
442279_uff_e=452.89_out,-6.1,25.266,22.831
442279_uff_e=452.89_out,-6.0,26.06,23.62
442279_uff_e=452.89_out,-5.9,24.86,22.845
442279_uff_e=452.89_out,-5.8,21.601,20.456
442279_uff_e=452.89_out,-5.8,21.025,19.481
442281_uff_e=1319.89_out,-7.8,0.0,0.0
442281_uff_e=1319.89_out,-7.7,4.344,1.863
442281_uff_e=1319.89_out,-7.6,7.764,3.795
442281_uff_e=1319.89_out,-7.6,26.081,23.089
442281_uff_e=1319.89_out,-7.5,10.359,7.5
442281_uff_e=1319.89_out,-7.5,25.901,23.025
442281_uff_e=1319.89_out,-7.5,9.083,4.087
442281_uff_e=1319.89_out,-7.4,12.014,7.811
442281_uff_e=1319.89_out,-7.4,3.781,2.16
442282_uff_e=3352.65_out,-6.8,0.0,0.0
442282_uff_e=3352.65_out,-6.6,1.831,1.495
442282_uff_e=3352.65_out,-6.6,23.872,21.901
442282_uff_e=3352.65_out,-6.5,11.996,9.759
442282_uff_e=3352.65_out,-6.4,3.654,1.571
442282_uff_e=3352.65_out,-6.2,3.54,1.525
442282_uff_e=3352.65_out,-6.2,12.241,10.384
442282_uff_e=3352.65_out,-6.1,11.142,8.365
442282_uff_e=3352.65_out,-6.1,10.274,8.417
442284_uff_e=591.00_out,-6.9,0.0,0.0
442284_uff_e=591.00_out,-6.6,24.545,21.579
442284_uff_e=591.00_out,-6.5,23.225,21.287
442284_uff_e=591.00_out,-6.4,23.615,21.143
442284_uff_e=591.00_out,-6.4,5.484,2.155
442284_uff_e=591.00_out,-6.4,5.051,2.349
442284_uff_e=591.00_out,-6.3,5.95,2.579
442284_uff_e=591.00_out,-6.3,2.066,1.29
442284_uff_e=591.00_out,-6.3,12.762,9.53
442288_uff_e=562.71_out,-6.5,0.0,0.0
442288_uff_e=562.71_out,-6.3,1.33,1.206
442288_uff_e=562.71_out,-6.2,12.417,10.828
442288_uff_e=562.71_out,-6.2,3.923,2.345
442288_uff_e=562.71_out,-6.2,12.201,10.353
442288_uff_e=562.71_out,-6.2,22.002,20.411
442288_uff_e=562.71_out,-6.0,5.301,2.297
442288_uff_e=562.71_out,-5.9,4.395,1.489
442288_uff_e=562.71_out,-5.8,24.797,22.52
442290_uff_e=1911.54_out,-6.9,0.0,0.0
442290_uff_e=1911.54_out,-6.1,4.631,2.466
442290_uff_e=1911.54_out,-6.0,5.642,2.091
442290_uff_e=1911.54_out,-6.0,5.387,1.837
442290_uff_e=1911.54_out,-6.0,4.828,2.906
442290_uff_e=1911.54_out,-5.9,24.736,22.032
442290_uff_e=1911.54_out,-5.7,11.996,9.226
442290_uff_e=1911.54_out,-5.7,11.926,9.122
442290_uff_e=1911.54_out,-5.6,4.981,2.486
442291_uff_e=2187.78_out,-5.7,0.0,0.0
442291_uff_e=2187.78_out,-5.6,14.38,11.365
442291_uff_e=2187.78_out,-5.6,4.771,2.102
442291_uff_e=2187.78_out,-5.6,5.395,1.763
442291_uff_e=2187.78_out,-5.5,12.954,10.075
442291_uff_e=2187.78_out,-5.5,11.272,8.327
442291_uff_e=2187.78_out,-5.5,12.734,10.157
442291_uff_e=2187.78_out,-5.4,14.147,11.05
442291_uff_e=2187.78_out,-5.4,24.612,22.741
442292_uff_e=2185.56_out,-6.0,0.0,0.0
442292_uff_e=2185.56_out,-5.8,23.63,21.689
442292_uff_e=2185.56_out,-5.8,23.631,21.628
442292_uff_e=2185.56_out,-5.5,24.619,22.638
442292_uff_e=2185.56_out,-5.5,24.263,22.41
442292_uff_e=2185.56_out,-5.4,23.893,22.267
442292_uff_e=2185.56_out,-5.4,24.422,22.716
442292_uff_e=2185.56_out,-5.4,24.277,22.55
442292_uff_e=2185.56_out,-5.3,23.442,21.624
442293_uff_e=634.74_out,-6.8,0.0,0.0
442293_uff_e=634.74_out,-6.6,12.428,11.047
442293_uff_e=634.74_out,-6.5,4.395,2.77
442293_uff_e=634.74_out,-6.2,12.206,10.485
442293_uff_e=634.74_out,-5.9,12.066,10.388
442293_uff_e=634.74_out,-5.9,16.213,14.898
442293_uff_e=634.74_out,-5.9,11.664,10.062
442293_uff_e=634.74_out,-5.9,4.604,2.657
442293_uff_e=634.74_out,-5.8,16.799,15.36
442294_uff_e=590.51_out,-6.3,0.0,0.0
442294_uff_e=590.51_out,-6.3,9.856,8.528
442294_uff_e=590.51_out,-6.1,11.163,8.122
442294_uff_e=590.51_out,-6.0,5.625,1.954
442294_uff_e=590.51_out,-6.0,11.244,9.485
442294_uff_e=590.51_out,-5.9,15.872,14.317
442294_uff_e=590.51_out,-5.9,5.268,1.686
442294_uff_e=590.51_out,-5.9,3.128,2.337
442294_uff_e=590.51_out,-5.9,5.419,2.269
442295_uff_e=579.55_out,-6.3,0.0,0.0
442295_uff_e=579.55_out,-5.9,25.38,23.275
442295_uff_e=579.55_out,-5.9,24.061,22.117
442295_uff_e=579.55_out,-5.7,24.234,22.136
442295_uff_e=579.55_out,-5.7,24.146,22.285
442295_uff_e=579.55_out,-5.6,25.865,23.466
442295_uff_e=579.55_out,-5.6,9.069,5.616
442295_uff_e=579.55_out,-5.5,25.818,22.881
442295_uff_e=579.55_out,-5.5,5.425,2.061
442300_uff_e=452.52_out,-6.6,0.0,0.0
442300_uff_e=452.52_out,-6.6,5.709,2.858
442300_uff_e=452.52_out,-6.0,23.675,21.932
442300_uff_e=452.52_out,-5.9,2.457,1.935
442300_uff_e=452.52_out,-5.9,5.537,2.909
442300_uff_e=452.52_out,-5.9,4.936,2.419
442300_uff_e=452.52_out,-5.9,4.761,2.69
442300_uff_e=452.52_out,-5.8,23.323,21.818
442300_uff_e=452.52_out,-5.7,4.52,2.215
442303_uff_e=1949.54_out,-6.9,0.0,0.0
442303_uff_e=1949.54_out,-6.6,4.097,2.743
442303_uff_e=1949.54_out,-6.1,11.55,10.201
442303_uff_e=1949.54_out,-6.1,10.74,9.174
442303_uff_e=1949.54_out,-6.0,21.773,20.174
442303_uff_e=1949.54_out,-6.0,4.557,2.645
442303_uff_e=1949.54_out,-6.0,24.282,21.74
442303_uff_e=1949.54_out,-5.9,10.684,9.264
442303_uff_e=1949.54_out,-5.8,11.978,10.281
442304_uff_e=498.64_out,-6.4,0.0,0.0
442304_uff_e=498.64_out,-5.9,32.51,30.574
442304_uff_e=498.64_out,-5.8,24.567,21.748
442304_uff_e=498.64_out,-5.8,24.479,22.526
442304_uff_e=498.64_out,-5.7,24.04,21.861
442304_uff_e=498.64_out,-5.7,23.949,22.212
442304_uff_e=498.64_out,-5.6,26.211,23.398
442304_uff_e=498.64_out,-5.5,27.233,25.015
442304_uff_e=498.64_out,-5.4,9.85,6.052
442306_uff_e=673.51_out,-6.2,0.0,0.0
442306_uff_e=673.51_out,-5.9,13.217,11.456
442306_uff_e=673.51_out,-5.9,5.267,2.16
442306_uff_e=673.51_out,-5.7,24.141,22.979
442306_uff_e=673.51_out,-5.7,11.517,9.733
442306_uff_e=673.51_out,-5.6,32.195,30.437
442306_uff_e=673.51_out,-5.6,13.144,11.538
442306_uff_e=673.51_out,-5.5,23.799,20.095
442306_uff_e=673.51_out,-5.5,11.657,9.994
442311_uff_e=3327.46_out,-5.8,0.0,0.0
442311_uff_e=3327.46_out,-5.8,11.913,8.655
442311_uff_e=3327.46_out,-5.7,26.126,23.474
442311_uff_e=3327.46_out,-5.7,26.882,24.104
442311_uff_e=3327.46_out,-5.6,6.204,2.719
442311_uff_e=3327.46_out,-5.6,24.865,22.187
442311_uff_e=3327.46_out,-5.6,25.333,23.196
442311_uff_e=3327.46_out,-5.6,23.372,20.403
442311_uff_e=3327.46_out,-5.5,11.756,8.916
442313_uff_e=296.46_out,-5.5,0.0,0.0
442313_uff_e=296.46_out,-5.5,5.16,2.786
442313_uff_e=296.46_out,-5.4,23.222,21.763
442313_uff_e=296.46_out,-5.4,23.888,22.052
442313_uff_e=296.46_out,-5.4,23.242,21.811
442313_uff_e=296.46_out,-5.2,17.103,13.66
442313_uff_e=296.46_out,-5.2,5.777,3.159
442313_uff_e=296.46_out,-5.1,24.092,22.0
442313_uff_e=296.46_out,-5.1,25.283,22.911
442315_uff_e=377.11_out,-5.7,0.0,0.0
442315_uff_e=377.11_out,-5.5,18.216,16.859
442315_uff_e=377.11_out,-5.4,13.852,11.41
442315_uff_e=377.11_out,-5.2,4.846,2.615
442315_uff_e=377.11_out,-5.1,23.112,21.561
442315_uff_e=377.11_out,-5.1,23.063,21.794
442315_uff_e=377.11_out,-5.1,11.845,9.066
442315_uff_e=377.11_out,-5.0,11.293,9.136
442315_uff_e=377.11_out,-5.0,11.393,8.907
442316_uff_e=534.32_out,-7.1,0.0,0.0
442316_uff_e=534.32_out,-7.0,4.782,2.492
442316_uff_e=534.32_out,-6.6,4.193,2.015
442316_uff_e=534.32_out,-6.5,23.303,21.315
442316_uff_e=534.32_out,-6.1,23.843,22.234
442316_uff_e=534.32_out,-6.1,15.483,11.833
442316_uff_e=534.32_out,-6.0,25.335,23.853
442316_uff_e=534.32_out,-5.9,4.081,2.834
442316_uff_e=534.32_out,-5.9,5.609,1.658
442317_uff_e=506.26_out,-7.7,0.0,0.0
442317_uff_e=506.26_out,-7.5,21.078,19.508
442317_uff_e=506.26_out,-7.5,22.654,19.188
442317_uff_e=506.26_out,-7.5,24.572,23.063
442317_uff_e=506.26_out,-7.3,7.345,1.05
442317_uff_e=506.26_out,-7.3,24.724,23.037
442317_uff_e=506.26_out,-7.3,7.772,2.014
442317_uff_e=506.26_out,-7.2,4.376,2.359
442317_uff_e=506.26_out,-6.9,27.204,25.823
442318_uff_e=286.74_out,-5.6,0.0,0.0
442318_uff_e=286.74_out,-5.2,24.77,22.467
442318_uff_e=286.74_out,-5.2,24.394,22.539
442318_uff_e=286.74_out,-5.2,23.891,21.812
442318_uff_e=286.74_out,-5.1,25.038,23.122
442318_uff_e=286.74_out,-5.1,18.596,14.711
442318_uff_e=286.74_out,-5.0,23.945,21.959
442318_uff_e=286.74_out,-5.0,26.442,22.813
442318_uff_e=286.74_out,-5.0,24.971,22.632
442319_uff_e=566.72_out,-6.7,0.0,0.0
442319_uff_e=566.72_out,-6.7,23.565,21.774
442319_uff_e=566.72_out,-6.6,8.651,3.805
442319_uff_e=566.72_out,-6.6,24.186,22.376
442319_uff_e=566.72_out,-6.6,25.519,23.388
442319_uff_e=566.72_out,-6.5,8.13,3.858
442319_uff_e=566.72_out,-6.4,22.821,19.471
442319_uff_e=566.72_out,-6.4,24.315,22.796
442319_uff_e=566.72_out,-6.4,8.296,3.74
442320_uff_e=675.13_out,-7.1,0.0,0.0
442320_uff_e=675.13_out,-7.1,11.337,7.828
442320_uff_e=675.13_out,-7.1,25.205,22.605
442320_uff_e=675.13_out,-7.0,25.633,22.335
442320_uff_e=675.13_out,-7.0,25.092,21.842
442320_uff_e=675.13_out,-6.9,12.606,9.117
442320_uff_e=675.13_out,-6.9,25.018,22.464
442320_uff_e=675.13_out,-6.9,14.946,10.391
442320_uff_e=675.13_out,-6.9,25.419,22.498
442321_uff_e=971.56_out,-7.7,0.0,0.0
442321_uff_e=971.56_out,-7.6,20.471,18.805
442321_uff_e=971.56_out,-7.6,27.57,24.285
442321_uff_e=971.56_out,-7.6,19.595,18.074
442321_uff_e=971.56_out,-7.5,7.063,4.525
442321_uff_e=971.56_out,-7.4,6.964,2.872
442321_uff_e=971.56_out,-7.3,27.381,23.528
442321_uff_e=971.56_out,-7.1,33.999,30.158
442321_uff_e=971.56_out,-7.1,28.927,24.854
442322_uff_e=395.95_out,-6.5,0.0,0.0
442322_uff_e=395.95_out,-6.2,23.501,21.572
442322_uff_e=395.95_out,-6.2,4.406,1.908
442322_uff_e=395.95_out,-6.2,5.752,2.245
442322_uff_e=395.95_out,-6.0,24.475,22.297
442322_uff_e=395.95_out,-5.9,13.501,10.921
442322_uff_e=395.95_out,-5.9,11.243,8.639
442322_uff_e=395.95_out,-5.8,12.404,9.691
442322_uff_e=395.95_out,-5.8,5.581,2.519
442324_uff_e=397.40_out,-6.4,0.0,0.0
442324_uff_e=397.40_out,-6.1,23.072,21.768
442324_uff_e=397.40_out,-6.0,24.245,22.588
442324_uff_e=397.40_out,-5.9,3.526,2.093
442324_uff_e=397.40_out,-5.9,24.557,23.078
442324_uff_e=397.40_out,-5.8,15.241,12.002
442324_uff_e=397.40_out,-5.8,24.707,23.359
442324_uff_e=397.40_out,-5.8,5.649,1.831
442324_uff_e=397.40_out,-5.7,11.35,8.683
442327_uff_e=1970.76_out,-6.5,0.0,0.0
442327_uff_e=1970.76_out,-6.0,6.427,2.941
442327_uff_e=1970.76_out,-5.9,25.115,23.35
442327_uff_e=1970.76_out,-5.8,7.46,3.108
442327_uff_e=1970.76_out,-5.7,17.547,14.048
442327_uff_e=1970.76_out,-5.7,28.14,25.799
442327_uff_e=1970.76_out,-5.7,25.364,23.443
442327_uff_e=1970.76_out,-5.6,6.974,2.951
442327_uff_e=1970.76_out,-5.6,23.256,20.464
442328_uff_e=407.86_out,-7.4,0.0,0.0
442328_uff_e=407.86_out,-7.1,20.603,19.379
442328_uff_e=407.86_out,-7.1,4.339,2.576
442328_uff_e=407.86_out,-7.0,4.554,1.19
442328_uff_e=407.86_out,-6.6,23.196,22.174
442328_uff_e=407.86_out,-6.6,21.348,20.275
442328_uff_e=407.86_out,-6.5,5.916,2.714
442328_uff_e=407.86_out,-6.5,34.182,31.473
442328_uff_e=407.86_out,-6.4,23.037,22.276
442330_uff_e=603.73_out,-6.6,0.0,0.0
442330_uff_e=603.73_out,-6.5,27.352,24.299
442330_uff_e=603.73_out,-6.5,23.339,19.096
442330_uff_e=603.73_out,-6.4,32.082,28.19
442330_uff_e=603.73_out,-6.4,6.968,1.312
442330_uff_e=603.73_out,-6.3,25.699,23.656
442330_uff_e=603.73_out,-6.1,9.474,4.071
442330_uff_e=603.73_out,-6.1,25.422,23.135
442330_uff_e=603.73_out,-6.1,10.823,6.403
442332_uff_e=586.00_out,-8.2,0.0,0.0
442332_uff_e=586.00_out,-6.8,24.088,21.841
442332_uff_e=586.00_out,-6.6,4.726,2.703
442332_uff_e=586.00_out,-6.3,17.199,14.153
442332_uff_e=586.00_out,-6.3,23.111,21.807
442332_uff_e=586.00_out,-6.3,22.155,20.161
442332_uff_e=586.00_out,-6.3,26.992,25.192
442332_uff_e=586.00_out,-6.2,13.472,9.914
442332_uff_e=586.00_out,-6.2,25.022,23.203
442333_uff_e=989.23_out,-7.4,0.0,0.0
442333_uff_e=989.23_out,-7.3,27.56,24.96
442333_uff_e=989.23_out,-7.2,12.046,8.257
442333_uff_e=989.23_out,-7.1,13.007,8.191
442333_uff_e=989.23_out,-7.1,12.602,8.502
442333_uff_e=989.23_out,-7.0,28.66,24.916
442333_uff_e=989.23_out,-7.0,30.312,25.042
442333_uff_e=989.23_out,-7.0,6.351,2.771
442333_uff_e=989.23_out,-6.9,16.768,11.193
442334_uff_e=318.31_out,-6.1,0.0,0.0
442334_uff_e=318.31_out,-5.9,2.512,0.745
442334_uff_e=318.31_out,-5.9,24.184,21.944
442334_uff_e=318.31_out,-5.8,3.697,1.995
442334_uff_e=318.31_out,-5.7,23.818,22.331
442334_uff_e=318.31_out,-5.7,5.845,2.772
442334_uff_e=318.31_out,-5.6,24.729,22.828
442334_uff_e=318.31_out,-5.6,23.904,21.489
442334_uff_e=318.31_out,-5.6,2.003,1.65
442335_uff_e=338.34_out,-6.1,0.0,0.0
442335_uff_e=338.34_out,-6.0,18.845,15.046
442335_uff_e=338.34_out,-5.9,2.777,1.721
442335_uff_e=338.34_out,-5.9,2.643,0.936
442335_uff_e=338.34_out,-5.8,3.954,2.675
442335_uff_e=338.34_out,-5.8,23.362,22.013
442335_uff_e=338.34_out,-5.7,4.416,2.538
442335_uff_e=338.34_out,-5.7,23.602,22.126
442335_uff_e=338.34_out,-5.7,34.864,32.228
442336_uff_e=327.97_out,-5.1,0.0,0.0
442336_uff_e=327.97_out,-5.0,21.262,18.988
442336_uff_e=327.97_out,-4.9,5.293,2.639
442336_uff_e=327.97_out,-4.9,22.777,21.15
442336_uff_e=327.97_out,-4.8,3.03,1.949
442336_uff_e=327.97_out,-4.8,24.369,22.63
442336_uff_e=327.97_out,-4.8,22.516,20.129
442336_uff_e=327.97_out,-4.7,11.616,9.655
442336_uff_e=327.97_out,-4.7,22.241,20.572
442337_uff_e=393.85_out,-7.2,0.0,0.0
442337_uff_e=393.85_out,-6.7,3.779,2.159
442337_uff_e=393.85_out,-6.6,5.337,2.407
442337_uff_e=393.85_out,-6.5,23.971,22.411
442337_uff_e=393.85_out,-6.4,6.001,1.22
442337_uff_e=393.85_out,-6.3,23.522,22.407
442337_uff_e=393.85_out,-6.3,23.972,22.459
442337_uff_e=393.85_out,-6.1,5.474,1.143
442337_uff_e=393.85_out,-6.0,24.546,23.569
442340_uff_e=464.60_out,-6.8,0.0,0.0
442340_uff_e=464.60_out,-6.7,24.627,22.207
442340_uff_e=464.60_out,-6.5,22.839,21.947
442340_uff_e=464.60_out,-6.4,25.099,22.755
442340_uff_e=464.60_out,-6.4,4.49,2.639
442340_uff_e=464.60_out,-6.4,12.095,9.475
442340_uff_e=464.60_out,-6.3,25.208,23.309
442340_uff_e=464.60_out,-6.3,24.464,22.329
442340_uff_e=464.60_out,-6.3,12.928,10.545
442341_uff_e=956.33_out,-7.3,0.0,0.0
442341_uff_e=956.33_out,-7.2,32.1,27.393
442341_uff_e=956.33_out,-7.1,14.479,9.296
442341_uff_e=956.33_out,-6.9,29.747,26.054
442341_uff_e=956.33_out,-6.8,12.683,6.644
442341_uff_e=956.33_out,-6.8,7.98,3.889
442341_uff_e=956.33_out,-6.7,6.45,2.444
442341_uff_e=956.33_out,-6.7,28.802,24.841
442341_uff_e=956.33_out,-6.7,27.947,25.059
442342_uff_e=232.16_out,-6.1,0.0,0.0
442342_uff_e=232.16_out,-6.1,23.052,21.722
442342_uff_e=232.16_out,-6.0,21.979,20.826
442342_uff_e=232.16_out,-5.9,23.208,21.698
442342_uff_e=232.16_out,-5.9,3.082,1.514
442342_uff_e=232.16_out,-5.7,22.675,21.328
442342_uff_e=232.16_out,-5.7,6.89,3.29
442342_uff_e=232.16_out,-5.7,7.189,2.43
442342_uff_e=232.16_out,-5.7,6.612,3.545
442343_uff_e=220.02_out,-5.3,0.0,0.0
442343_uff_e=220.02_out,-5.2,1.4,0.637
442343_uff_e=220.02_out,-5.2,4.449,1.912
442343_uff_e=220.02_out,-5.1,4.032,2.664
442343_uff_e=220.02_out,-5.1,4.759,1.942
442343_uff_e=220.02_out,-5.0,23.648,21.508
442343_uff_e=220.02_out,-4.9,2.775,1.678
442343_uff_e=220.02_out,-4.9,22.571,21.701
442343_uff_e=220.02_out,-4.9,4.235,2.583
442345_uff_e=1015.12_out,-7.1,0.0,0.0
442345_uff_e=1015.12_out,-7.1,13.966,9.398
442345_uff_e=1015.12_out,-6.9,10.928,5.639
442345_uff_e=1015.12_out,-6.9,29.748,25.27
442345_uff_e=1015.12_out,-6.8,27.611,24.827
442345_uff_e=1015.12_out,-6.7,4.786,2.802
442345_uff_e=1015.12_out,-6.7,28.146,24.025
442345_uff_e=1015.12_out,-6.6,32.769,28.457
442345_uff_e=1015.12_out,-6.5,31.154,26.105
442346_uff_e=267.93_out,-5.7,0.0,0.0
442346_uff_e=267.93_out,-5.5,24.09,22.679
442346_uff_e=267.93_out,-5.4,24.567,23.159
442346_uff_e=267.93_out,-5.4,22.615,20.537
442346_uff_e=267.93_out,-5.4,7.146,4.346
442346_uff_e=267.93_out,-5.2,8.023,5.836
442346_uff_e=267.93_out,-5.2,5.617,2.719
442346_uff_e=267.93_out,-5.1,22.618,19.983
442346_uff_e=267.93_out,-5.0,21.716,20.09
442347_uff_e=449.05_out,-6.3,0.0,0.0
442347_uff_e=449.05_out,-5.8,4.942,1.642
442347_uff_e=449.05_out,-5.7,1.421,1.23
442347_uff_e=449.05_out,-5.6,4.845,2.118
442347_uff_e=449.05_out,-5.5,23.721,22.308
442347_uff_e=449.05_out,-5.4,3.136,1.809
442347_uff_e=449.05_out,-5.2,4.122,2.164
442347_uff_e=449.05_out,-5.1,3.814,1.9
442347_uff_e=449.05_out,-5.1,10.329,9.287
442348_uff_e=518.02_out,-6.2,0.0,0.0
442348_uff_e=518.02_out,-6.2,4.023,1.299
442348_uff_e=518.02_out,-5.9,3.123,1.064
442348_uff_e=518.02_out,-5.9,3.947,1.245
442348_uff_e=518.02_out,-5.8,3.832,1.981
442348_uff_e=518.02_out,-5.7,11.843,9.547
442348_uff_e=518.02_out,-5.7,3.348,1.835
442348_uff_e=518.02_out,-5.7,4.279,1.299
442348_uff_e=518.02_out,-5.6,4.091,1.034
442349_uff_e=427.90_out,-6.2,0.0,0.0
442349_uff_e=427.90_out,-5.9,4.548,1.899
442349_uff_e=427.90_out,-5.6,13.152,11.13
442349_uff_e=427.90_out,-5.5,10.796,8.42
442349_uff_e=427.90_out,-5.5,24.914,22.942
442349_uff_e=427.90_out,-5.4,10.986,9.046
442349_uff_e=427.90_out,-5.4,4.012,2.008
442349_uff_e=427.90_out,-5.3,10.073,8.142
442349_uff_e=427.90_out,-5.3,3.787,1.634
442351_uff_e=297.23_out,-6.2,0.0,0.0
442351_uff_e=297.23_out,-6.0,2.005,1.354
442351_uff_e=297.23_out,-5.9,3.363,1.765
442351_uff_e=297.23_out,-5.8,4.117,1.606
442351_uff_e=297.23_out,-5.8,3.823,1.68
442351_uff_e=297.23_out,-5.7,4.629,1.42
442351_uff_e=297.23_out,-5.5,4.373,1.736
442351_uff_e=297.23_out,-5.5,4.32,1.482
442351_uff_e=297.23_out,-5.4,3.858,1.652
442352_uff_e=572.66_out,-6.9,0.0,0.0
442352_uff_e=572.66_out,-6.6,21.641,17.181
442352_uff_e=572.66_out,-6.5,19.994,15.94
442352_uff_e=572.66_out,-6.4,25.343,22.566
442352_uff_e=572.66_out,-6.4,20.431,16.971
442352_uff_e=572.66_out,-6.4,22.57,18.456
442352_uff_e=572.66_out,-6.4,24.192,22.063
442352_uff_e=572.66_out,-6.4,25.674,22.2
442352_uff_e=572.66_out,-6.3,20.605,16.209
442353_uff_e=225.54_out,-6.4,0.0,0.0
442353_uff_e=225.54_out,-6.2,3.713,1.583
442353_uff_e=225.54_out,-6.1,2.188,1.438
442353_uff_e=225.54_out,-5.9,3.538,1.542
442353_uff_e=225.54_out,-5.8,4.167,1.694
442353_uff_e=225.54_out,-5.8,2.944,1.099
442353_uff_e=225.54_out,-5.8,4.685,1.316
442353_uff_e=225.54_out,-5.6,4.396,1.776
442353_uff_e=225.54_out,-5.5,3.675,1.34
442354_uff_e=355.67_out,-5.8,0.0,0.0
442354_uff_e=355.67_out,-5.7,11.747,9.318
442354_uff_e=355.67_out,-5.5,35.047,32.203
442354_uff_e=355.67_out,-5.4,9.448,7.933
442354_uff_e=355.67_out,-5.4,12.686,10.368
442354_uff_e=355.67_out,-5.4,5.081,2.769
442354_uff_e=355.67_out,-5.3,24.484,22.779
442354_uff_e=355.67_out,-5.3,25.837,23.339
442354_uff_e=355.67_out,-5.2,24.421,22.908
442357_uff_e=345.09_out,-6.1,0.0,0.0
442357_uff_e=345.09_out,-5.9,3.741,2.378
442357_uff_e=345.09_out,-5.8,21.731,20.171
442357_uff_e=345.09_out,-5.7,23.1,21.65
442357_uff_e=345.09_out,-5.5,23.299,21.724
442357_uff_e=345.09_out,-5.5,12.169,10.082
442357_uff_e=345.09_out,-5.5,23.489,21.998
442357_uff_e=345.09_out,-5.4,7.185,2.988
442357_uff_e=345.09_out,-5.4,23.278,21.85
442358_uff_e=277.22_out,-6.4,0.0,0.0
442358_uff_e=277.22_out,-6.2,24.029,22.446
442358_uff_e=277.22_out,-6.2,20.83,18.044
442358_uff_e=277.22_out,-6.2,7.235,2.117
442358_uff_e=277.22_out,-6.2,6.978,3.491
442358_uff_e=277.22_out,-6.2,23.654,21.602
442358_uff_e=277.22_out,-6.2,19.167,16.334
442358_uff_e=277.22_out,-6.2,23.265,21.717
442358_uff_e=277.22_out,-6.1,22.448,20.097
442359_uff_e=1514.26_out,-6.0,0.0,0.0
442359_uff_e=1514.26_out,-5.9,4.439,1.818
442359_uff_e=1514.26_out,-5.9,3.855,1.271
442359_uff_e=1514.26_out,-5.8,4.469,1.585
442359_uff_e=1514.26_out,-5.7,3.942,2.181
442359_uff_e=1514.26_out,-5.6,24.487,22.003
442359_uff_e=1514.26_out,-5.6,3.589,1.696
442359_uff_e=1514.26_out,-5.6,24.89,22.615
442359_uff_e=1514.26_out,-5.6,24.507,22.337
442360_uff_e=150.46_out,-5.3,0.0,0.0
442360_uff_e=150.46_out,-5.2,4.003,1.42
442360_uff_e=150.46_out,-5.1,4.581,1.97
442360_uff_e=150.46_out,-5.1,4.286,1.567
442360_uff_e=150.46_out,-5.0,4.95,1.45
442360_uff_e=150.46_out,-5.0,4.428,1.395
442360_uff_e=150.46_out,-5.0,24.193,22.192
442360_uff_e=150.46_out,-5.0,23.871,21.293
442360_uff_e=150.46_out,-4.9,23.959,22.276
442361_uff_e=187.89_out,-6.7,0.0,0.0
442361_uff_e=187.89_out,-6.6,23.157,22.35
442361_uff_e=187.89_out,-6.3,23.306,22.129
442361_uff_e=187.89_out,-6.3,22.922,21.772
442361_uff_e=187.89_out,-6.1,22.939,22.252
442361_uff_e=187.89_out,-6.1,24.361,22.663
442361_uff_e=187.89_out,-6.0,8.222,4.775
442361_uff_e=187.89_out,-6.0,22.798,22.133
442361_uff_e=187.89_out,-6.0,23.122,21.573
442362_uff_e=1630.48_out,-6.5,0.0,0.0
442362_uff_e=1630.48_out,-5.6,4.502,2.109
442362_uff_e=1630.48_out,-5.6,3.657,2.152
442362_uff_e=1630.48_out,-5.6,2.226,1.749
442362_uff_e=1630.48_out,-5.5,3.568,1.828
442362_uff_e=1630.48_out,-5.4,2.891,1.178
442362_uff_e=1630.48_out,-5.4,23.586,21.815
442362_uff_e=1630.48_out,-5.4,4.943,2.509
442362_uff_e=1630.48_out,-5.3,10.607,8.512
442363_uff_e=658.35_out,-6.0,0.0,0.0
442363_uff_e=658.35_out,-5.5,4.743,1.814
442363_uff_e=658.35_out,-5.5,12.174,10.179
442363_uff_e=658.35_out,-5.3,11.989,9.991
442363_uff_e=658.35_out,-5.3,3.692,1.82
442363_uff_e=658.35_out,-5.2,12.579,10.637
442363_uff_e=658.35_out,-5.1,15.364,13.512
442363_uff_e=658.35_out,-5.1,10.529,8.997
442363_uff_e=658.35_out,-5.1,11.562,9.37
442364_uff_e=289.83_out,-5.7,0.0,0.0
442364_uff_e=289.83_out,-5.6,23.363,21.987
442364_uff_e=289.83_out,-5.5,23.638,21.87
442364_uff_e=289.83_out,-5.4,23.646,21.663
442364_uff_e=289.83_out,-5.4,4.655,3.139
442364_uff_e=289.83_out,-5.4,15.119,12.989
442364_uff_e=289.83_out,-5.4,15.169,13.11
442364_uff_e=289.83_out,-5.2,14.418,12.607
442364_uff_e=289.83_out,-5.2,4.122,2.787
442365_uff_e=426.29_out,-6.0,0.0,0.0
442365_uff_e=426.29_out,-5.7,5.031,2.105
442365_uff_e=426.29_out,-5.6,4.775,2.237
442365_uff_e=426.29_out,-5.6,3.763,1.589
442365_uff_e=426.29_out,-5.5,5.039,1.987
442365_uff_e=426.29_out,-5.5,25.413,22.985
442365_uff_e=426.29_out,-5.5,10.902,9.173
442365_uff_e=426.29_out,-5.4,5.578,2.275
442365_uff_e=426.29_out,-5.4,25.307,22.956
442366_uff_e=936.63_out,-8.2,0.0,0.0
442366_uff_e=936.63_out,-7.1,22.901,17.943
442366_uff_e=936.63_out,-7.1,23.617,20.049
442366_uff_e=936.63_out,-6.9,26.634,22.751
442366_uff_e=936.63_out,-6.9,27.023,23.983
442366_uff_e=936.63_out,-6.8,13.934,9.326
442366_uff_e=936.63_out,-6.7,26.266,21.609
442366_uff_e=936.63_out,-6.6,9.44,4.766
442366_uff_e=936.63_out,-6.6,13.443,8.038
442367_uff_e=386.46_out,-6.0,0.0,0.0
442367_uff_e=386.46_out,-5.8,4.23,2.576
442367_uff_e=386.46_out,-5.5,2.736,1.791
442367_uff_e=386.46_out,-5.5,3.935,1.718
442367_uff_e=386.46_out,-5.4,4.161,3.038
442367_uff_e=386.46_out,-5.3,23.058,20.982
442367_uff_e=386.46_out,-5.3,11.332,9.129
442367_uff_e=386.46_out,-5.2,23.172,20.695
442367_uff_e=386.46_out,-5.2,23.499,21.816
442369_uff_e=955.02_out,-8.4,0.0,0.0
442369_uff_e=955.02_out,-8.3,6.738,1.414
442369_uff_e=955.02_out,-8.1,27.893,23.72
442369_uff_e=955.02_out,-7.8,6.629,2.892
442369_uff_e=955.02_out,-7.8,9.265,2.282
442369_uff_e=955.02_out,-7.8,10.265,5.176
442369_uff_e=955.02_out,-7.7,27.779,23.114
442369_uff_e=955.02_out,-7.7,30.215,25.538
442369_uff_e=955.02_out,-7.6,34.201,29.244
442371_uff_e=176.79_out,-6.0,0.0,0.0
442371_uff_e=176.79_out,-5.9,5.952,3.555
442371_uff_e=176.79_out,-5.8,5.681,3.826
442371_uff_e=176.79_out,-5.8,25.772,23.17
442371_uff_e=176.79_out,-5.7,26.907,25.15
442371_uff_e=176.79_out,-5.7,3.354,1.872
442371_uff_e=176.79_out,-5.6,3.747,2.789
442371_uff_e=176.79_out,-5.6,23.259,21.737
442371_uff_e=176.79_out,-5.5,3.619,2.613
442373_uff_e=328.88_out,-6.0,0.0,0.0
442373_uff_e=328.88_out,-5.8,3.739,1.925
442373_uff_e=328.88_out,-5.4,4.649,2.222
442373_uff_e=328.88_out,-5.4,4.198,1.869
442373_uff_e=328.88_out,-5.3,4.896,2.586
442373_uff_e=328.88_out,-5.2,24.163,21.818
442373_uff_e=328.88_out,-5.1,4.329,1.927
442373_uff_e=328.88_out,-5.1,13.372,11.554
442373_uff_e=328.88_out,-5.1,21.753,20.134
442374_uff_e=342.99_out,-5.7,0.0,0.0
442374_uff_e=342.99_out,-5.4,4.626,2.319
442374_uff_e=342.99_out,-5.4,3.41,1.676
442374_uff_e=342.99_out,-5.2,11.134,8.455
442374_uff_e=342.99_out,-5.2,11.35,8.696
442374_uff_e=342.99_out,-5.2,2.93,1.815
442374_uff_e=342.99_out,-5.2,13.292,10.633
442374_uff_e=342.99_out,-5.1,4.253,2.43
442374_uff_e=342.99_out,-5.1,11.521,8.482
442377_uff_e=462.86_out,-6.4,0.0,0.0
442377_uff_e=462.86_out,-6.1,23.78,21.572
442377_uff_e=462.86_out,-6.0,5.1,2.182
442377_uff_e=462.86_out,-6.0,13.433,11.119
442377_uff_e=462.86_out,-5.9,4.37,2.179
442377_uff_e=462.86_out,-5.9,4.207,1.97
442377_uff_e=462.86_out,-5.7,11.885,9.505
442377_uff_e=462.86_out,-5.5,4.571,2.032
442377_uff_e=462.86_out,-5.5,25.334,23.038
442378_uff_e=367.39_out,-6.3,0.0,0.0
442378_uff_e=367.39_out,-6.1,4.697,1.98
442378_uff_e=367.39_out,-5.9,25.787,23.645
442378_uff_e=367.39_out,-5.9,4.438,1.87
442378_uff_e=367.39_out,-5.8,3.535,1.83
442378_uff_e=367.39_out,-5.8,5.022,2.278
442378_uff_e=367.39_out,-5.7,25.942,23.949
442378_uff_e=367.39_out,-5.7,20.891,19.681
442378_uff_e=367.39_out,-5.7,23.878,22.071
442379_uff_e=354.15_out,-5.3,0.0,0.0
442379_uff_e=354.15_out,-5.2,10.497,8.476
442379_uff_e=354.15_out,-5.2,4.491,2.529
442379_uff_e=354.15_out,-5.1,5.392,2.389
442379_uff_e=354.15_out,-5.0,25.846,23.869
442379_uff_e=354.15_out,-5.0,3.891,2.398
442379_uff_e=354.15_out,-5.0,21.784,19.63
442379_uff_e=354.15_out,-5.0,22.847,20.818
442379_uff_e=354.15_out,-5.0,24.733,22.769
442381_uff_e=215.33_out,-5.7,0.0,0.0
442381_uff_e=215.33_out,-5.5,23.101,21.192
442381_uff_e=215.33_out,-5.5,6.912,1.876
442381_uff_e=215.33_out,-5.5,20.407,18.101
442381_uff_e=215.33_out,-5.4,23.551,21.796
442381_uff_e=215.33_out,-5.4,7.018,1.858
442381_uff_e=215.33_out,-5.4,6.961,1.742
442381_uff_e=215.33_out,-5.4,2.4,1.585
442381_uff_e=215.33_out,-5.3,7.181,3.243
442383_uff_e=342.98_out,-6.4,0.0,0.0
442383_uff_e=342.98_out,-6.2,5.056,2.829
442383_uff_e=342.98_out,-6.0,3.016,1.48
442383_uff_e=342.98_out,-5.9,4.181,1.91
442383_uff_e=342.98_out,-5.7,5.461,2.71
442383_uff_e=342.98_out,-5.5,23.164,21.729
442383_uff_e=342.98_out,-5.4,23.749,21.458
442383_uff_e=342.98_out,-5.4,4.121,1.554
442383_uff_e=342.98_out,-5.4,23.836,21.629
442384_uff_e=559.71_out,-6.1,0.0,0.0
442384_uff_e=559.71_out,-5.9,3.112,1.259
442384_uff_e=559.71_out,-5.9,12.145,10.162
442384_uff_e=559.71_out,-5.8,3.555,1.355
442384_uff_e=559.71_out,-5.7,11.766,9.753
442384_uff_e=559.71_out,-5.7,12.185,10.008
442384_uff_e=559.71_out,-5.4,3.146,1.544
442384_uff_e=559.71_out,-5.4,2.466,1.224
442384_uff_e=559.71_out,-5.3,3.678,1.575
442387_uff_e=421.20_out,-6.1,0.0,0.0
442387_uff_e=421.20_out,-5.7,2.59,1.3
442387_uff_e=421.20_out,-5.5,11.177,8.966
442387_uff_e=421.20_out,-5.5,12.495,10.739
442387_uff_e=421.20_out,-5.5,4.908,2.937
442387_uff_e=421.20_out,-5.5,2.177,1.249
442387_uff_e=421.20_out,-5.4,5.364,2.956
442387_uff_e=421.20_out,-5.4,5.673,2.942
442387_uff_e=421.20_out,-5.3,10.782,9.552
442388_uff_e=476.96_out,-7.0,0.0,0.0
442388_uff_e=476.96_out,-6.8,3.402,1.433
442388_uff_e=476.96_out,-6.1,4.381,1.991
442388_uff_e=476.96_out,-5.9,4.753,1.589
442388_uff_e=476.96_out,-5.8,23.259,21.103
442388_uff_e=476.96_out,-5.6,4.701,2.088
442388_uff_e=476.96_out,-5.6,13.459,11.468
442388_uff_e=476.96_out,-5.5,3.553,1.986
442388_uff_e=476.96_out,-5.4,12.885,11.554
442391_uff_e=652.42_out,-5.9,0.0,0.0
442391_uff_e=652.42_out,-5.8,5.522,2.035
442391_uff_e=652.42_out,-5.7,4.223,2.249
442391_uff_e=652.42_out,-5.5,5.502,2.273
442391_uff_e=652.42_out,-5.5,24.427,22.719
442391_uff_e=652.42_out,-5.5,24.47,22.538
442391_uff_e=652.42_out,-5.5,13.807,11.963
442391_uff_e=652.42_out,-5.4,12.816,10.591
442391_uff_e=652.42_out,-5.4,12.442,11.235
442393_uff_e=143.77_out,-6.0,0.0,0.0
442393_uff_e=143.77_out,-6.0,5.034,1.217
442393_uff_e=143.77_out,-5.9,2.094,1.612
442393_uff_e=143.77_out,-5.9,2.244,1.536
442393_uff_e=143.77_out,-5.8,4.922,2.869
442393_uff_e=143.77_out,-5.8,2.966,1.666
442393_uff_e=143.77_out,-5.6,4.326,2.631
442393_uff_e=143.77_out,-5.6,23.146,21.621
442393_uff_e=143.77_out,-5.5,23.557,22.182
442396_uff_e=266.41_out,-6.8,0.0,0.0
442396_uff_e=266.41_out,-6.6,6.826,3.304
442396_uff_e=266.41_out,-6.6,21.148,19.901
442396_uff_e=266.41_out,-6.6,6.764,1.787
442396_uff_e=266.41_out,-6.5,6.859,2.071
442396_uff_e=266.41_out,-6.5,24.493,22.08
442396_uff_e=266.41_out,-6.4,10.566,8.614
442396_uff_e=266.41_out,-6.4,24.446,22.623
442396_uff_e=266.41_out,-6.4,34.373,29.625
442397_uff_e=198.69_out,-6.4,0.0,0.0
442397_uff_e=198.69_out,-6.3,22.556,21.227
442397_uff_e=198.69_out,-6.3,7.023,2.275
442397_uff_e=198.69_out,-6.2,25.049,22.298
442397_uff_e=198.69_out,-6.2,23.497,22.413
442397_uff_e=198.69_out,-6.2,4.146,2.424
442397_uff_e=198.69_out,-6.1,10.056,7.32
442397_uff_e=198.69_out,-6.0,23.999,21.69
442397_uff_e=198.69_out,-6.0,24.448,22.329
442398_uff_e=262.46_out,-6.2,0.0,0.0
442398_uff_e=262.46_out,-6.2,25.413,22.999
442398_uff_e=262.46_out,-6.0,22.452,21.124
442398_uff_e=262.46_out,-6.0,24.633,22.049
442398_uff_e=262.46_out,-5.9,23.409,21.528
442398_uff_e=262.46_out,-5.8,25.304,23.406
442398_uff_e=262.46_out,-5.8,5.652,2.294
442398_uff_e=262.46_out,-5.7,11.429,8.685
442398_uff_e=262.46_out,-5.7,10.885,7.951
442399_uff_e=366.64_out,-6.2,0.0,0.0
442399_uff_e=366.64_out,-6.1,4.014,2.69
442399_uff_e=366.64_out,-5.9,25.344,22.723
442399_uff_e=366.64_out,-5.9,2.931,1.573
442399_uff_e=366.64_out,-5.6,2.227,1.635
442399_uff_e=366.64_out,-5.5,23.391,21.764
442399_uff_e=366.64_out,-5.5,4.894,3.402
442399_uff_e=366.64_out,-5.5,23.993,22.728
442399_uff_e=366.64_out,-5.4,11.141,9.014
442401_uff_e=374.09_out,-6.3,0.0,0.0
442401_uff_e=374.09_out,-5.9,4.879,1.735
442401_uff_e=374.09_out,-5.9,4.266,1.994
442401_uff_e=374.09_out,-5.8,4.115,2.252
442401_uff_e=374.09_out,-5.7,4.85,2.164
442401_uff_e=374.09_out,-5.6,10.4,7.399
442401_uff_e=374.09_out,-5.5,10.277,9.038
442401_uff_e=374.09_out,-5.4,10.829,8.467
442401_uff_e=374.09_out,-5.3,4.936,1.886
442402_uff_e=1645.52_out,-6.5,0.0,0.0
442402_uff_e=1645.52_out,-5.9,3.854,1.315
442402_uff_e=1645.52_out,-5.7,3.485,1.298
442402_uff_e=1645.52_out,-5.6,4.58,1.291
442402_uff_e=1645.52_out,-5.5,23.107,21.619
442402_uff_e=1645.52_out,-5.3,4.377,1.371
442402_uff_e=1645.52_out,-5.2,4.219,1.524
442402_uff_e=1645.52_out,-5.2,3.583,1.208
442402_uff_e=1645.52_out,-5.1,23.443,21.272
442405_uff_e=268.99_out,-6.3,0.0,0.0
442405_uff_e=268.99_out,-6.0,5.156,2.471
442405_uff_e=268.99_out,-5.9,5.594,2.675
442405_uff_e=268.99_out,-5.9,23.331,22.02
442405_uff_e=268.99_out,-5.8,24.448,21.847
442405_uff_e=268.99_out,-5.7,5.523,2.795
442405_uff_e=268.99_out,-5.6,24.556,21.995
442405_uff_e=268.99_out,-5.6,5.143,2.548
442405_uff_e=268.99_out,-5.5,2.442,1.699
442406_uff_e=302.93_out,-6.3,0.0,0.0
442406_uff_e=302.93_out,-6.0,5.155,2.703
442406_uff_e=302.93_out,-5.8,3.182,1.812
442406_uff_e=302.93_out,-5.6,24.839,22.501
442406_uff_e=302.93_out,-5.6,5.414,2.951
442406_uff_e=302.93_out,-5.5,11.373,9.254
442406_uff_e=302.93_out,-5.5,4.486,3.052
442406_uff_e=302.93_out,-5.5,2.64,1.327
442406_uff_e=302.93_out,-5.4,3.442,1.963
442409_uff_e=772.18_out,-6.1,0.0,0.0
442409_uff_e=772.18_out,-6.1,1.485,1.07
442409_uff_e=772.18_out,-6.1,4.296,1.301
442409_uff_e=772.18_out,-6.0,4.246,2.091
442409_uff_e=772.18_out,-5.8,3.712,2.169
442409_uff_e=772.18_out,-5.7,4.549,1.271
442409_uff_e=772.18_out,-5.7,4.757,1.639
442409_uff_e=772.18_out,-5.6,4.181,1.539
442409_uff_e=772.18_out,-5.6,4.137,1.809
442410_uff_e=205.47_out,-6.9,0.0,0.0
442410_uff_e=205.47_out,-6.9,6.705,3.766
442410_uff_e=205.47_out,-6.8,6.528,1.935
442410_uff_e=205.47_out,-6.6,22.434,21.224
442410_uff_e=205.47_out,-6.5,1.406,1.231
442410_uff_e=205.47_out,-6.5,25.126,23.056
442410_uff_e=205.47_out,-6.4,6.747,2.552
442410_uff_e=205.47_out,-6.4,22.718,21.407
442410_uff_e=205.47_out,-6.4,6.644,3.876
442411_uff_e=336.54_out,-7.4,0.0,0.0
442411_uff_e=336.54_out,-7.0,5.462,1.677
442411_uff_e=336.54_out,-6.7,23.003,21.567
442411_uff_e=336.54_out,-6.7,6.323,3.76
442411_uff_e=336.54_out,-6.6,12.621,9.889
442411_uff_e=336.54_out,-6.5,23.608,21.883
442411_uff_e=336.54_out,-6.4,33.709,30.788
442411_uff_e=336.54_out,-6.3,6.47,2.121
442411_uff_e=336.54_out,-6.3,24.815,22.383
442412_uff_e=536.24_out,-7.0,0.0,0.0
442412_uff_e=536.24_out,-6.8,2.455,1.924
442412_uff_e=536.24_out,-6.8,23.589,21.508
442412_uff_e=536.24_out,-6.7,6.457,2.413
442412_uff_e=536.24_out,-6.7,5.345,2.506
442412_uff_e=536.24_out,-6.7,3.869,2.434
442412_uff_e=536.24_out,-6.7,9.659,6.446
442412_uff_e=536.24_out,-6.6,3.674,2.502
442412_uff_e=536.24_out,-6.5,5.603,2.584
442413_uff_e=192.11_out,-6.7,0.0,0.0
442413_uff_e=192.11_out,-6.6,4.918,3.731
442413_uff_e=192.11_out,-6.4,6.293,3.652
442413_uff_e=192.11_out,-6.3,24.427,22.948
442413_uff_e=192.11_out,-6.2,5.035,3.887
442413_uff_e=192.11_out,-6.1,24.047,22.427
442413_uff_e=192.11_out,-6.0,23.61,22.325
442413_uff_e=192.11_out,-5.9,23.35,21.58
442413_uff_e=192.11_out,-5.9,2.809,1.93
442414_uff_e=354.85_out,-7.3,0.0,0.0
442414_uff_e=354.85_out,-7.2,25.619,22.059
442414_uff_e=354.85_out,-6.9,6.822,2.417
442414_uff_e=354.85_out,-6.9,26.536,23.782
442414_uff_e=354.85_out,-6.8,32.61,27.343
442414_uff_e=354.85_out,-6.7,7.075,3.357
442414_uff_e=354.85_out,-6.7,36.389,32.211
442414_uff_e=354.85_out,-6.6,27.975,22.964
442414_uff_e=354.85_out,-6.6,25.16,20.261
442415_uff_e=328.41_out,-6.5,0.0,0.0
442415_uff_e=328.41_out,-6.4,7.989,3.726
442415_uff_e=328.41_out,-6.2,24.274,21.984
442415_uff_e=328.41_out,-6.1,27.094,23.709
442415_uff_e=328.41_out,-6.1,9.394,5.615
442415_uff_e=328.41_out,-6.0,24.543,22.51
442415_uff_e=328.41_out,-6.0,25.881,22.44
442415_uff_e=328.41_out,-5.9,23.589,22.589
442415_uff_e=328.41_out,-5.8,23.319,22.207
442416_uff_e=512.42_out,-6.9,0.0,0.0
442416_uff_e=512.42_out,-6.7,20.842,15.829
442416_uff_e=512.42_out,-6.6,24.639,22.009
442416_uff_e=512.42_out,-6.6,24.472,21.811
442416_uff_e=512.42_out,-6.6,24.343,21.822
442416_uff_e=512.42_out,-6.5,25.665,22.731
442416_uff_e=512.42_out,-6.5,4.286,2.148
442416_uff_e=512.42_out,-6.4,24.7,21.545
442416_uff_e=512.42_out,-6.4,24.448,22.158
442418_uff_e=1948.86_out,-6.3,0.0,0.0
442418_uff_e=1948.86_out,-6.0,22.27,19.558
442418_uff_e=1948.86_out,-6.0,2.23,1.751
442418_uff_e=1948.86_out,-5.9,8.391,3.901
442418_uff_e=1948.86_out,-5.8,14.962,11.589
442418_uff_e=1948.86_out,-5.7,17.088,14.938
442418_uff_e=1948.86_out,-5.7,12.955,10.081
442418_uff_e=1948.86_out,-5.6,22.456,19.762
442418_uff_e=1948.86_out,-5.6,6.987,1.612
442419_uff_e=328.34_out,-6.5,0.0,0.0
442419_uff_e=328.34_out,-6.3,26.223,23.285
442419_uff_e=328.34_out,-6.2,20.44,17.265
442419_uff_e=328.34_out,-6.2,22.19,20.391
442419_uff_e=328.34_out,-6.2,21.605,20.284
442419_uff_e=328.34_out,-6.1,24.929,23.493
442419_uff_e=328.34_out,-6.1,21.391,19.238
442419_uff_e=328.34_out,-6.0,27.6,25.931
442419_uff_e=328.34_out,-6.0,22.555,19.416
442420_uff_e=306.26_out,-5.3,0.0,0.0
442420_uff_e=306.26_out,-5.1,4.315,2.459
442420_uff_e=306.26_out,-5.1,3.739,1.948
442420_uff_e=306.26_out,-4.9,3.508,2.443
442420_uff_e=306.26_out,-4.9,12.767,11.778
442420_uff_e=306.26_out,-4.8,20.059,19.178
442420_uff_e=306.26_out,-4.6,2.936,1.33
442420_uff_e=306.26_out,-4.6,11.943,11.536
442420_uff_e=306.26_out,-4.5,13.867,12.766
442421_uff_e=324.16_out,-5.5,0.0,0.0
442421_uff_e=324.16_out,-5.3,5.463,2.848
442421_uff_e=324.16_out,-5.3,25.683,23.258
442421_uff_e=324.16_out,-5.2,24.885,22.89
442421_uff_e=324.16_out,-5.2,13.123,9.812
442421_uff_e=324.16_out,-5.2,12.067,8.806
442421_uff_e=324.16_out,-5.2,24.47,23.076
442421_uff_e=324.16_out,-5.2,24.086,22.526
442421_uff_e=324.16_out,-5.2,24.697,22.993
442422_uff_e=256.57_out,-4.6,0.0,0.0
442422_uff_e=256.57_out,-4.6,3.272,2.068
442422_uff_e=256.57_out,-4.6,4.765,3.406
442422_uff_e=256.57_out,-4.5,21.59,20.313
442422_uff_e=256.57_out,-4.5,4.481,2.141
442422_uff_e=256.57_out,-4.5,2.86,1.843
442422_uff_e=256.57_out,-4.5,3.23,2.83
442422_uff_e=256.57_out,-4.3,13.78,12.032
442422_uff_e=256.57_out,-4.3,12.959,11.224
442424_uff_e=269.30_out,-5.8,0.0,0.0
442424_uff_e=269.30_out,-5.6,3.843,2.695
442424_uff_e=269.30_out,-5.5,3.179,1.791
442424_uff_e=269.30_out,-5.4,13.929,12.644
442424_uff_e=269.30_out,-5.3,12.376,11.504
442424_uff_e=269.30_out,-5.3,15.272,13.702
442424_uff_e=269.30_out,-5.2,13.176,12.263
442424_uff_e=269.30_out,-5.2,13.69,12.349
442424_uff_e=269.30_out,-5.1,11.868,10.418
442425_uff_e=591.91_out,-6.5,0.0,0.0
442425_uff_e=591.91_out,-6.4,9.486,4.039
442425_uff_e=591.91_out,-6.2,7.334,1.655
442425_uff_e=591.91_out,-6.2,7.177,2.132
442425_uff_e=591.91_out,-6.1,16.615,12.986
442425_uff_e=591.91_out,-6.0,7.257,1.892
442425_uff_e=591.91_out,-6.0,22.444,20.055
442425_uff_e=591.91_out,-6.0,9.424,3.968
442425_uff_e=591.91_out,-6.0,20.036,17.568
442426_uff_e=256.57_out,-4.7,0.0,0.0
442426_uff_e=256.57_out,-4.7,4.714,2.554
442426_uff_e=256.57_out,-4.6,3.686,2.533
442426_uff_e=256.57_out,-4.6,4.387,2.453
442426_uff_e=256.57_out,-4.5,12.351,11.25
442426_uff_e=256.57_out,-4.5,3.505,2.745
442426_uff_e=256.57_out,-4.4,4.228,2.656
442426_uff_e=256.57_out,-4.4,12.639,11.241
442426_uff_e=256.57_out,-4.4,3.831,2.312
442427_uff_e=291.36_out,-5.5,0.0,0.0
442427_uff_e=291.36_out,-5.2,3.026,2.303
442427_uff_e=291.36_out,-5.1,3.767,1.83
442427_uff_e=291.36_out,-5.0,12.067,11.253
442427_uff_e=291.36_out,-4.9,2.978,1.586
442427_uff_e=291.36_out,-4.8,3.934,1.548
442427_uff_e=291.36_out,-4.8,3.184,1.712
442427_uff_e=291.36_out,-4.8,33.462,31.313
442427_uff_e=291.36_out,-4.7,20.498,19.65
442428_uff_e=616.52_out,-8.8,0.0,0.0
442428_uff_e=616.52_out,-8.4,3.95,2.406
442428_uff_e=616.52_out,-8.3,4.959,1.389
442428_uff_e=616.52_out,-8.0,2.626,1.717
442428_uff_e=616.52_out,-7.8,6.791,3.787
442428_uff_e=616.52_out,-7.8,5.427,3.046
442428_uff_e=616.52_out,-7.7,7.971,5.146
442428_uff_e=616.52_out,-7.7,4.543,2.6
442428_uff_e=616.52_out,-7.7,2.412,1.776
442429_uff_e=394.91_out,-5.1,0.0,0.0
442429_uff_e=394.91_out,-4.8,3.761,1.998
442429_uff_e=394.91_out,-4.7,3.696,1.784
442429_uff_e=394.91_out,-4.7,11.632,10.503
442429_uff_e=394.91_out,-4.7,11.377,9.855
442429_uff_e=394.91_out,-4.7,11.207,9.651
442429_uff_e=394.91_out,-4.6,21.664,20.091
442429_uff_e=394.91_out,-4.6,23.115,21.483
442429_uff_e=394.91_out,-4.6,21.506,19.547
442430_uff_e=352.06_out,-5.6,0.0,0.0
442430_uff_e=352.06_out,-5.5,3.403,2.13
442430_uff_e=352.06_out,-5.3,2.012,1.702
442430_uff_e=352.06_out,-5.2,19.695,18.823
442430_uff_e=352.06_out,-4.9,23.556,22.052
442430_uff_e=352.06_out,-4.9,21.51,20.423
442430_uff_e=352.06_out,-4.9,3.915,2.684
442430_uff_e=352.06_out,-4.9,4.572,3.077
442430_uff_e=352.06_out,-4.9,3.306,2.58
442431_uff_e=599.84_out,-8.4,0.0,0.0
442431_uff_e=599.84_out,-8.4,2.266,1.517
442431_uff_e=599.84_out,-8.3,3.487,2.243
442431_uff_e=599.84_out,-8.1,1.939,1.426
442431_uff_e=599.84_out,-7.9,1.99,1.501
442431_uff_e=599.84_out,-7.8,4.929,2.991
442431_uff_e=599.84_out,-7.8,4.872,2.017
442431_uff_e=599.84_out,-7.7,10.027,1.876
442431_uff_e=599.84_out,-7.6,5.253,3.468
442432_uff_e=654.98_out,-6.4,0.0,0.0
442432_uff_e=654.98_out,-6.2,5.813,2.255
442432_uff_e=654.98_out,-6.1,23.056,20.467
442432_uff_e=654.98_out,-5.8,8.396,3.496
442432_uff_e=654.98_out,-5.8,20.605,17.101
442432_uff_e=654.98_out,-5.7,18.621,14.858
442432_uff_e=654.98_out,-5.7,23.351,19.654
442432_uff_e=654.98_out,-5.6,7.542,4.244
442432_uff_e=654.98_out,-5.6,23.25,20.165
442433_uff_e=485.87_out,-6.7,0.0,0.0
442433_uff_e=485.87_out,-6.2,23.519,21.197
442433_uff_e=485.87_out,-6.2,23.892,20.731
442433_uff_e=485.87_out,-5.9,25.018,22.061
442433_uff_e=485.87_out,-5.9,7.755,2.689
442433_uff_e=485.87_out,-5.8,24.446,21.276
442433_uff_e=485.87_out,-5.8,24.684,21.973
442433_uff_e=485.87_out,-5.8,4.396,1.598
442433_uff_e=485.87_out,-5.8,7.866,2.096
442435_uff_e=411.68_out,-6.6,0.0,0.0
442435_uff_e=411.68_out,-6.3,6.931,1.855
442435_uff_e=411.68_out,-6.2,8.373,3.034
442435_uff_e=411.68_out,-6.2,4.543,2.67
442435_uff_e=411.68_out,-6.2,24.595,22.404
442435_uff_e=411.68_out,-6.1,21.671,18.513
442435_uff_e=411.68_out,-6.1,22.426,20.254
442435_uff_e=411.68_out,-6.0,6.431,3.692
442435_uff_e=411.68_out,-6.0,10.84,8.022
442436_uff_e=1777.97_out,-6.2,0.0,0.0
442436_uff_e=1777.97_out,-6.1,25.426,21.829
442436_uff_e=1777.97_out,-5.9,7.17,1.96
442436_uff_e=1777.97_out,-5.9,23.151,17.71
442436_uff_e=1777.97_out,-5.9,25.224,21.788
442436_uff_e=1777.97_out,-5.7,26.254,24.273
442436_uff_e=1777.97_out,-5.7,22.539,17.367
442436_uff_e=1777.97_out,-5.7,6.731,2.733
442436_uff_e=1777.97_out,-5.6,13.527,8.407
442437_uff_e=418.14_out,-7.4,0.0,0.0
442437_uff_e=418.14_out,-7.0,24.626,22.546
442437_uff_e=418.14_out,-6.9,2.35,1.732
442437_uff_e=418.14_out,-6.9,24.084,22.1
442437_uff_e=418.14_out,-6.8,24.659,23.414
442437_uff_e=418.14_out,-6.8,24.748,23.002
442437_uff_e=418.14_out,-6.7,24.409,23.105
442437_uff_e=418.14_out,-6.5,24.89,22.599
442437_uff_e=418.14_out,-6.4,25.528,23.412
442439_uff_e=610.41_out,-8.2,0.0,0.0
442439_uff_e=610.41_out,-7.8,4.659,2.605
442439_uff_e=610.41_out,-7.8,4.474,1.319
442439_uff_e=610.41_out,-7.6,25.384,20.889
442439_uff_e=610.41_out,-7.6,2.406,1.726
442439_uff_e=610.41_out,-7.6,17.556,12.472
442439_uff_e=610.41_out,-7.5,25.789,22.283
442439_uff_e=610.41_out,-7.5,6.704,3.86
442439_uff_e=610.41_out,-7.5,2.559,1.959
442440_uff_e=260.57_out,-6.0,0.0,0.0
442440_uff_e=260.57_out,-5.8,1.637,1.295
442440_uff_e=260.57_out,-5.7,6.916,3.002
442440_uff_e=260.57_out,-5.6,7.848,4.069
442440_uff_e=260.57_out,-5.5,24.401,21.844
442440_uff_e=260.57_out,-5.5,2.018,1.724
442440_uff_e=260.57_out,-5.5,10.321,5.877
442440_uff_e=260.57_out,-5.5,19.799,15.553
442440_uff_e=260.57_out,-5.4,23.659,22.435
442454_uff_e=623.47_out,-8.6,0.0,0.0
442454_uff_e=623.47_out,-8.3,3.962,2.445
442454_uff_e=623.47_out,-8.2,3.882,2.275
442454_uff_e=623.47_out,-8.1,4.832,1.36
442454_uff_e=623.47_out,-7.9,2.217,1.512
442454_uff_e=623.47_out,-7.9,2.664,1.752
442454_uff_e=623.47_out,-7.8,4.658,2.699
442454_uff_e=623.47_out,-7.6,5.174,2.897
442454_uff_e=623.47_out,-7.5,8.546,4.315
442455_uff_e=517.23_out,-7.2,0.0,0.0
442455_uff_e=517.23_out,-7.0,25.181,22.061
442455_uff_e=517.23_out,-6.9,20.96,17.078
442455_uff_e=517.23_out,-6.8,23.452,19.19
442455_uff_e=517.23_out,-6.8,2.739,1.53
442455_uff_e=517.23_out,-6.8,24.627,21.86
442455_uff_e=517.23_out,-6.8,25.647,22.552
442455_uff_e=517.23_out,-6.7,21.085,17.785
442455_uff_e=517.23_out,-6.7,24.735,22.379
442456_uff_e=602.59_out,-8.5,0.0,0.0
442456_uff_e=602.59_out,-8.3,3.94,2.356
442456_uff_e=602.59_out,-8.0,4.559,1.331
442456_uff_e=602.59_out,-7.8,4.673,1.343
442456_uff_e=602.59_out,-7.8,4.664,2.666
442456_uff_e=602.59_out,-7.6,2.581,1.81
442456_uff_e=602.59_out,-7.6,5.909,3.1
442456_uff_e=602.59_out,-7.4,6.684,3.916
442456_uff_e=602.59_out,-7.4,4.951,2.805
442457_uff_e=353.04_out,-7.5,0.0,0.0
442457_uff_e=353.04_out,-7.1,25.012,22.387
442457_uff_e=353.04_out,-7.1,26.002,23.024
442457_uff_e=353.04_out,-7.0,23.898,21.342
442457_uff_e=353.04_out,-7.0,8.388,4.112
442457_uff_e=353.04_out,-7.0,5.732,2.992
442457_uff_e=353.04_out,-6.9,7.636,4.069
442457_uff_e=353.04_out,-6.9,6.726,3.713
442457_uff_e=353.04_out,-6.8,24.743,21.936
442460_uff_e=464.76_out,-5.3,0.0,0.0
442460_uff_e=464.76_out,-5.0,3.542,2.216
442460_uff_e=464.76_out,-4.9,4.962,2.945
442460_uff_e=464.76_out,-4.9,3.047,2.08
442460_uff_e=464.76_out,-4.9,2.627,1.489
442460_uff_e=464.76_out,-4.8,3.147,2.01
442460_uff_e=464.76_out,-4.8,21.553,20.122
442460_uff_e=464.76_out,-4.8,3.185,2.05
442460_uff_e=464.76_out,-4.8,11.594,9.967
442461_uff_e=1485.28_out,-5.3,0.0,0.0
442461_uff_e=1485.28_out,-5.2,3.139,1.478
442461_uff_e=1485.28_out,-4.9,3.829,0.918
442461_uff_e=1485.28_out,-4.8,3.824,1.026
442461_uff_e=1485.28_out,-4.7,3.17,1.583
442461_uff_e=1485.28_out,-4.6,2.437,1.097
442461_uff_e=1485.28_out,-4.6,2.276,1.114
442461_uff_e=1485.28_out,-4.6,2.212,1.221
442461_uff_e=1485.28_out,-4.6,3.287,1.669
442462_uff_e=1557.19_out,-5.3,0.0,0.0
442462_uff_e=1557.19_out,-5.1,4.542,2.945
442462_uff_e=1557.19_out,-4.9,4.639,2.11
442462_uff_e=1557.19_out,-4.9,4.272,2.076
442462_uff_e=1557.19_out,-4.9,3.17,1.913
442462_uff_e=1557.19_out,-4.8,4.604,2.792
442462_uff_e=1557.19_out,-4.8,21.491,21.184
442462_uff_e=1557.19_out,-4.8,22.621,21.155
442462_uff_e=1557.19_out,-4.7,23.236,21.999
442463_uff_e=718.54_out,-4.8,0.0,0.0
442463_uff_e=718.54_out,-4.8,11.249,10.117
442463_uff_e=718.54_out,-4.8,12.266,11.254
442463_uff_e=718.54_out,-4.8,2.883,1.816
442463_uff_e=718.54_out,-4.7,11.852,10.577
442463_uff_e=718.54_out,-4.7,11.689,10.576
442463_uff_e=718.54_out,-4.5,12.049,10.813
442463_uff_e=718.54_out,-4.5,11.31,10.06
442463_uff_e=718.54_out,-4.5,11.115,10.227
442470_uff_e=314.38_out,-6.3,0.0,0.0
442470_uff_e=314.38_out,-6.1,4.993,2.732
442470_uff_e=314.38_out,-5.9,24.067,22.293
442470_uff_e=314.38_out,-5.9,11.083,9.158
442470_uff_e=314.38_out,-5.9,22.205,20.794
442470_uff_e=314.38_out,-5.8,23.474,22.199
442470_uff_e=314.38_out,-5.8,3.881,1.975
442470_uff_e=314.38_out,-5.8,17.567,15.93
442470_uff_e=314.38_out,-5.6,5.535,2.244
442471_uff_e=254.48_out,-5.4,0.0,0.0
442471_uff_e=254.48_out,-5.2,3.243,1.414
442471_uff_e=254.48_out,-4.9,3.46,1.842
442471_uff_e=254.48_out,-4.8,22.098,20.36
442471_uff_e=254.48_out,-4.8,3.795,2.1
442471_uff_e=254.48_out,-4.8,19.905,19.19
442471_uff_e=254.48_out,-4.7,11.423,10.469
442471_uff_e=254.48_out,-4.7,22.243,21.038
442471_uff_e=254.48_out,-4.7,13.026,11.276
442472_uff_e=249.78_out,-6.4,0.0,0.0
442472_uff_e=249.78_out,-6.2,5.453,1.904
442472_uff_e=249.78_out,-6.2,24.232,22.875
442472_uff_e=249.78_out,-6.2,5.469,2.352
442472_uff_e=249.78_out,-6.1,3.301,1.684
442472_uff_e=249.78_out,-5.9,5.27,3.201
442472_uff_e=249.78_out,-5.9,4.312,2.807
442472_uff_e=249.78_out,-5.9,23.589,21.475
442472_uff_e=249.78_out,-5.8,23.41,21.767
442474_uff_e=126.60_out,-4.7,0.0,0.0
442474_uff_e=126.60_out,-4.6,4.38,2.518
442474_uff_e=126.60_out,-4.6,22.783,21.806
442474_uff_e=126.60_out,-4.5,2.72,2.245
442474_uff_e=126.60_out,-4.5,4.081,2.451
442474_uff_e=126.60_out,-4.5,4.353,1.785
442474_uff_e=126.60_out,-4.5,22.049,20.64
442474_uff_e=126.60_out,-4.5,23.178,21.576
442474_uff_e=126.60_out,-4.5,22.601,21.35
442481_uff_e=293.94_out,-6.1,0.0,0.0
442481_uff_e=293.94_out,-6.0,24.069,22.379
442481_uff_e=293.94_out,-5.9,10.977,9.053
442481_uff_e=293.94_out,-5.8,4.483,2.908
442481_uff_e=293.94_out,-5.7,24.097,22.536
442481_uff_e=293.94_out,-5.6,12.913,10.124
442481_uff_e=293.94_out,-5.6,13.118,10.558
442481_uff_e=293.94_out,-5.6,5.505,2.149
442481_uff_e=293.94_out,-5.6,5.084,2.692
442482_uff_e=156.97_out,-5.2,0.0,0.0
442482_uff_e=156.97_out,-5.1,2.394,1.288
442482_uff_e=156.97_out,-5.1,1.949,1.024
442482_uff_e=156.97_out,-4.9,2.67,1.476
442482_uff_e=156.97_out,-4.8,4.871,1.267
442482_uff_e=156.97_out,-4.8,3.377,1.409
442482_uff_e=156.97_out,-4.7,2.996,1.483
442482_uff_e=156.97_out,-4.7,22.055,20.78
442482_uff_e=156.97_out,-4.6,4.54,2.145
442484_uff_e=126.27_out,-5.3,0.0,0.0
442484_uff_e=126.27_out,-4.9,4.889,1.246
442484_uff_e=126.27_out,-4.9,2.529,1.461
442484_uff_e=126.27_out,-4.8,2.386,1.396
442484_uff_e=126.27_out,-4.8,2.771,1.553
442484_uff_e=126.27_out,-4.7,22.157,20.42
442484_uff_e=126.27_out,-4.7,3.921,1.37
442484_uff_e=126.27_out,-4.7,3.53,1.498
442484_uff_e=126.27_out,-4.7,4.192,2.431
442495_uff_e=164.84_out,-5.1,0.0,0.0
442495_uff_e=164.84_out,-5.0,3.42,2.132
442495_uff_e=164.84_out,-4.9,4.021,1.408
442495_uff_e=164.84_out,-4.9,2.765,1.832
442495_uff_e=164.84_out,-4.9,4.731,1.8
442495_uff_e=164.84_out,-4.8,3.796,2.323
442495_uff_e=164.84_out,-4.7,23.286,22.132
442495_uff_e=164.84_out,-4.7,21.869,20.879
442495_uff_e=164.84_out,-4.6,4.886,2.441
442497_uff_e=1617.54_out,-5.0,0.0,0.0
442497_uff_e=1617.54_out,-5.0,20.851,19.384
442497_uff_e=1617.54_out,-4.8,22.335,20.913
442497_uff_e=1617.54_out,-4.8,2.801,1.991
442497_uff_e=1617.54_out,-4.8,22.671,20.243
442497_uff_e=1617.54_out,-4.7,25.688,23.545
442497_uff_e=1617.54_out,-4.7,2.836,1.884
442497_uff_e=1617.54_out,-4.6,2.025,1.958
442497_uff_e=1617.54_out,-4.6,4.554,1.716
442501_uff_e=148.34_out,-5.2,0.0,0.0
442501_uff_e=148.34_out,-5.1,3.816,2.599
442501_uff_e=148.34_out,-5.1,3.818,2.701
442501_uff_e=148.34_out,-4.8,21.832,20.636
442501_uff_e=148.34_out,-4.8,21.812,20.831
442501_uff_e=148.34_out,-4.8,3.944,2.126
442501_uff_e=148.34_out,-4.6,24.469,22.877
442501_uff_e=148.34_out,-4.5,2.215,1.374
442501_uff_e=148.34_out,-4.5,22.135,20.555
442504_uff_e=1369.83_out,-5.2,0.0,0.0
442504_uff_e=1369.83_out,-5.0,2.819,1.764
442504_uff_e=1369.83_out,-4.8,1.99,1.61
442504_uff_e=1369.83_out,-4.7,2.926,1.764
442504_uff_e=1369.83_out,-4.4,22.556,21.114
442504_uff_e=1369.83_out,-4.4,3.874,1.559
442504_uff_e=1369.83_out,-4.3,12.025,10.637
442504_uff_e=1369.83_out,-4.3,22.369,20.641
442504_uff_e=1369.83_out,-4.3,24.38,21.91
442520_uff_e=272.24_out,-6.7,0.0,0.0
442520_uff_e=272.24_out,-6.7,24.02,22.741
442520_uff_e=272.24_out,-6.6,24.18,22.652
442520_uff_e=272.24_out,-6.6,19.144,14.894
442520_uff_e=272.24_out,-6.6,5.611,2.801
442520_uff_e=272.24_out,-6.5,1.567,1.142
442520_uff_e=272.24_out,-6.4,21.6,19.218
442520_uff_e=272.24_out,-6.4,21.312,18.367
442520_uff_e=272.24_out,-6.4,23.436,22.106
442525_uff_e=271.89_out,-5.8,0.0,0.0
442525_uff_e=271.89_out,-5.7,4.58,2.57
442525_uff_e=271.89_out,-5.7,24.835,22.951
442525_uff_e=271.89_out,-5.6,5.073,2.52
442525_uff_e=271.89_out,-5.3,4.465,2.155
442525_uff_e=271.89_out,-5.3,22.818,21.511
442525_uff_e=271.89_out,-5.1,11.519,8.718
442525_uff_e=271.89_out,-5.1,10.556,9.039
442525_uff_e=271.89_out,-5.0,10.582,9.12
442540_uff_e=244.62_out,-6.7,0.0,0.0
442540_uff_e=244.62_out,-6.7,24.524,22.892
442540_uff_e=244.62_out,-6.4,23.027,21.711
442540_uff_e=244.62_out,-6.4,24.281,22.121
442540_uff_e=244.62_out,-6.3,21.66,19.04
442540_uff_e=244.62_out,-6.2,21.025,18.897
442540_uff_e=244.62_out,-6.2,21.98,20.272
442540_uff_e=244.62_out,-6.1,24.074,22.743
442540_uff_e=244.62_out,-6.1,22.709,20.364
442542_uff_e=371.91_out,-7.0,0.0,0.0
442542_uff_e=371.91_out,-6.6,4.641,1.905
442542_uff_e=371.91_out,-6.4,23.617,22.421
442542_uff_e=371.91_out,-6.2,2.907,1.985
442542_uff_e=371.91_out,-6.2,24.883,23.123
442542_uff_e=371.91_out,-6.2,6.193,3.161
442542_uff_e=371.91_out,-6.0,23.992,22.291
442542_uff_e=371.91_out,-5.9,25.184,23.504
442542_uff_e=371.91_out,-5.9,26.284,23.308
442546_uff_e=324.98_out,-6.2,0.0,0.0
442546_uff_e=324.98_out,-6.2,22.228,18.299
442546_uff_e=324.98_out,-6.0,7.524,2.904
442546_uff_e=324.98_out,-6.0,7.746,3.562
442546_uff_e=324.98_out,-5.9,39.729,36.963
442546_uff_e=324.98_out,-5.9,22.443,18.078
442546_uff_e=324.98_out,-5.9,23.99,21.534
442546_uff_e=324.98_out,-5.9,25.652,23.391
442546_uff_e=324.98_out,-5.9,24.154,21.929
442583_uff_e=477.09_out,-6.6,0.0,0.0
442583_uff_e=477.09_out,-6.3,3.287,1.223
442583_uff_e=477.09_out,-6.3,7.258,4.971
442583_uff_e=477.09_out,-6.2,6.237,4.902
442583_uff_e=477.09_out,-6.1,25.4,23.226
442583_uff_e=477.09_out,-6.1,23.851,21.849
442583_uff_e=477.09_out,-5.9,25.978,23.421
442583_uff_e=477.09_out,-5.9,24.094,22.759
442583_uff_e=477.09_out,-5.7,25.211,23.553
442584_uff_e=736.60_out,-7.4,0.0,0.0
442584_uff_e=736.60_out,-7.1,29.009,23.948
442584_uff_e=736.60_out,-7.1,22.025,17.295
442584_uff_e=736.60_out,-7.0,20.682,17.871
442584_uff_e=736.60_out,-6.9,26.734,22.357
442584_uff_e=736.60_out,-6.9,4.729,1.66
442584_uff_e=736.60_out,-6.8,23.806,19.286
442584_uff_e=736.60_out,-6.8,27.692,24.88
442584_uff_e=736.60_out,-6.8,24.377,21.474
442586_uff_e=242.68_out,-7.0,0.0,0.0
442586_uff_e=242.68_out,-6.8,22.335,20.402
442586_uff_e=242.68_out,-6.7,5.005,4.148
442586_uff_e=242.68_out,-6.7,13.574,10.631
442586_uff_e=242.68_out,-6.6,23.58,22.562
442586_uff_e=242.68_out,-6.6,3.177,2.065
442586_uff_e=242.68_out,-6.5,13.44,11.578
442586_uff_e=242.68_out,-6.5,4.384,2.32
442586_uff_e=242.68_out,-6.4,25.561,22.756
442611_uff_e=547.92_out,-7.0,0.0,0.0
442611_uff_e=547.92_out,-6.9,7.184,3.936
442611_uff_e=547.92_out,-6.8,9.845,7.128
442611_uff_e=547.92_out,-6.7,14.353,11.777
442611_uff_e=547.92_out,-6.7,2.3,1.136
442611_uff_e=547.92_out,-6.7,2.476,1.931
442611_uff_e=547.92_out,-6.7,9.808,1.865
442611_uff_e=547.92_out,-6.7,23.291,20.89
442611_uff_e=547.92_out,-6.7,12.001,9.322
442615_uff_e=640.11_out,-7.2,0.0,0.0
442615_uff_e=640.11_out,-7.2,10.703,3.742
442615_uff_e=640.11_out,-7.0,30.486,27.58
442615_uff_e=640.11_out,-6.9,7.162,3.085
442615_uff_e=640.11_out,-6.9,8.717,3.917
442615_uff_e=640.11_out,-6.8,23.336,19.581
442615_uff_e=640.11_out,-6.8,26.007,22.538
442615_uff_e=640.11_out,-6.8,23.339,19.545
442615_uff_e=640.11_out,-6.8,30.533,27.829
442617_uff_e=559.45_out,-7.4,0.0,0.0
442617_uff_e=559.45_out,-7.4,10.673,6.016
442617_uff_e=559.45_out,-7.3,21.715,19.451
442617_uff_e=559.45_out,-7.2,9.937,5.721
442617_uff_e=559.45_out,-7.2,4.866,2.694
442617_uff_e=559.45_out,-7.2,23.534,20.587
442617_uff_e=559.45_out,-7.1,13.741,8.59
442617_uff_e=559.45_out,-7.0,4.461,2.472
442617_uff_e=559.45_out,-6.9,2.278,1.415
442618_uff_e=632.61_out,-7.4,0.0,0.0
442618_uff_e=632.61_out,-7.3,25.826,22.355
442618_uff_e=632.61_out,-7.3,9.998,4.282
442618_uff_e=632.61_out,-7.2,22.14,17.454
442618_uff_e=632.61_out,-7.1,9.393,3.951
442618_uff_e=632.61_out,-7.1,30.376,28.167
442618_uff_e=632.61_out,-7.0,9.772,3.553
442618_uff_e=632.61_out,-7.0,26.506,23.109
442618_uff_e=632.61_out,-7.0,26.097,23.435
442619_uff_e=620.16_out,-7.5,0.0,0.0
442619_uff_e=620.16_out,-7.2,22.341,17.676
442619_uff_e=620.16_out,-7.2,30.426,28.084
442619_uff_e=620.16_out,-7.1,9.707,4.403
442619_uff_e=620.16_out,-7.0,25.362,22.107
442619_uff_e=620.16_out,-7.0,2.155,1.212
442619_uff_e=620.16_out,-7.0,9.392,3.808
442619_uff_e=620.16_out,-6.9,26.132,23.754
442619_uff_e=620.16_out,-6.8,9.654,3.14
442621_uff_e=617.90_out,-6.2,0.0,0.0
442621_uff_e=617.90_out,-6.0,23.913,22.143
442621_uff_e=617.90_out,-6.0,7.863,5.629
442621_uff_e=617.90_out,-6.0,20.551,17.743
442621_uff_e=617.90_out,-5.9,24.648,23.657
442621_uff_e=617.90_out,-5.9,3.017,2.119
442621_uff_e=617.90_out,-5.9,23.525,21.075
442621_uff_e=617.90_out,-5.9,7.011,1.509
442621_uff_e=617.90_out,-5.9,8.075,2.697
442625_uff_e=199.62_out,-5.5,0.0,0.0
442625_uff_e=199.62_out,-5.1,23.871,22.922
442625_uff_e=199.62_out,-5.1,5.613,2.784
442625_uff_e=199.62_out,-5.0,12.714,10.941
442625_uff_e=199.62_out,-4.9,5.534,4.177
442625_uff_e=199.62_out,-4.9,23.992,22.996
442625_uff_e=199.62_out,-4.9,25.119,23.453
442625_uff_e=199.62_out,-4.9,5.045,4.129
442625_uff_e=199.62_out,-4.8,11.323,10.054
442626_uff_e=501.69_out,-7.2,0.0,0.0
442626_uff_e=501.69_out,-6.7,6.063,2.87
442626_uff_e=501.69_out,-6.5,5.522,2.807
442626_uff_e=501.69_out,-6.1,5.645,2.818
442626_uff_e=501.69_out,-5.9,25.888,22.794
442626_uff_e=501.69_out,-5.9,24.554,22.174
442626_uff_e=501.69_out,-5.9,4.05,2.296
442626_uff_e=501.69_out,-5.9,13.816,10.407
442626_uff_e=501.69_out,-5.8,12.654,10.4
442628_uff_e=387.75_out,-4.8,0.0,0.0
442628_uff_e=387.75_out,-4.8,3.714,1.815
442628_uff_e=387.75_out,-4.8,3.552,1.179
442628_uff_e=387.75_out,-4.7,3.907,1.731
442628_uff_e=387.75_out,-4.7,4.402,1.797
442628_uff_e=387.75_out,-4.7,3.582,2.078
442628_uff_e=387.75_out,-4.7,2.57,2.077
442628_uff_e=387.75_out,-4.7,4.058,1.88
442628_uff_e=387.75_out,-4.7,4.461,2.319
442629_uff_e=254.27_out,-5.8,0.0,0.0
442629_uff_e=254.27_out,-5.7,21.791,20.352
442629_uff_e=254.27_out,-5.7,6.997,3.086
442629_uff_e=254.27_out,-5.7,23.279,21.806
442629_uff_e=254.27_out,-5.7,2.197,1.771
442629_uff_e=254.27_out,-5.6,20.816,19.176
442629_uff_e=254.27_out,-5.5,16.694,14.687
442629_uff_e=254.27_out,-5.5,6.663,4.631
442629_uff_e=254.27_out,-5.5,23.239,21.609
442630_uff_e=329.93_out,-7.2,0.0,0.0
442630_uff_e=329.93_out,-7.1,11.384,7.906
442630_uff_e=329.93_out,-7.0,4.881,2.221
442630_uff_e=329.93_out,-7.0,26.904,23.921
442630_uff_e=329.93_out,-7.0,11.919,7.652
442630_uff_e=329.93_out,-6.9,10.012,7.43
442630_uff_e=329.93_out,-6.9,27.87,24.676
442630_uff_e=329.93_out,-6.7,3.672,2.554
442630_uff_e=329.93_out,-6.7,4.172,2.063
442632_uff_e=103.93_out,-4.1,0.0,0.0
442632_uff_e=103.93_out,-4.0,3.248,2.566
442632_uff_e=103.93_out,-4.0,19.932,19.013
442632_uff_e=103.93_out,-4.0,22.631,21.794
442632_uff_e=103.93_out,-3.9,4.161,2.921
442632_uff_e=103.93_out,-3.8,19.276,18.859
442632_uff_e=103.93_out,-3.8,21.225,20.146
442632_uff_e=103.93_out,-3.8,5.043,3.221
442632_uff_e=103.93_out,-3.8,3.809,2.054
442635_uff_e=426.60_out,-6.4,0.0,0.0
442635_uff_e=426.60_out,-6.2,3.443,2.071
442635_uff_e=426.60_out,-5.7,3.879,1.739
442635_uff_e=426.60_out,-5.6,11.021,8.938
442635_uff_e=426.60_out,-5.5,11.509,10.593
442635_uff_e=426.60_out,-5.4,20.866,20.022
442635_uff_e=426.60_out,-5.4,3.947,2.547
442635_uff_e=426.60_out,-5.4,4.884,2.464
442635_uff_e=426.60_out,-5.3,11.548,9.456
442638_uff_e=186.45_out,-5.7,0.0,0.0
442638_uff_e=186.45_out,-5.5,2.567,1.676
442638_uff_e=186.45_out,-5.5,1.948,1.003
442638_uff_e=186.45_out,-5.5,4.145,2.974
442638_uff_e=186.45_out,-5.4,4.021,2.865
442638_uff_e=186.45_out,-5.3,25.415,23.416
442638_uff_e=186.45_out,-5.3,3.595,1.656
442638_uff_e=186.45_out,-5.3,5.241,3.1
442638_uff_e=186.45_out,-5.2,24.063,22.056
442642_uff_e=276.25_out,-4.1,0.0,0.0
442642_uff_e=276.25_out,-4.1,2.178,1.271
442642_uff_e=276.25_out,-4.1,3.772,2.58
442642_uff_e=276.25_out,-4.0,10.68,9.247
442642_uff_e=276.25_out,-3.9,20.025,19.232
442642_uff_e=276.25_out,-3.9,10.584,9.24
442642_uff_e=276.25_out,-3.9,10.722,9.95
442642_uff_e=276.25_out,-3.8,11.734,10.301
442642_uff_e=276.25_out,-3.8,21.764,21.007
442643_uff_e=293.69_out,-6.0,0.0,0.0
442643_uff_e=293.69_out,-6.0,2.082,1.553
442643_uff_e=293.69_out,-6.0,24.319,22.338
442643_uff_e=293.69_out,-5.8,24.345,22.8
442643_uff_e=293.69_out,-5.7,15.313,13.046
442643_uff_e=293.69_out,-5.7,25.793,23.737
442643_uff_e=293.69_out,-5.7,24.594,22.805
442643_uff_e=293.69_out,-5.7,24.284,22.28
442643_uff_e=293.69_out,-5.6,23.915,21.712
442645_uff_e=298.40_out,-4.6,0.0,0.0
442645_uff_e=298.40_out,-4.6,3.699,2.294
442645_uff_e=298.40_out,-4.6,11.916,11.173
442645_uff_e=298.40_out,-4.5,3.567,1.826
442645_uff_e=298.40_out,-4.5,2.552,0.969
442645_uff_e=298.40_out,-4.4,2.984,1.906
442645_uff_e=298.40_out,-4.3,4.074,2.383
442645_uff_e=298.40_out,-4.3,23.013,22.454
442645_uff_e=298.40_out,-4.2,2.161,1.756
442646_uff_e=332.68_out,-7.2,0.0,0.0
442646_uff_e=332.68_out,-7.2,11.75,7.845
442646_uff_e=332.68_out,-6.8,23.017,21.506
442646_uff_e=332.68_out,-6.8,27.229,24.921
442646_uff_e=332.68_out,-6.8,7.683,4.048
442646_uff_e=332.68_out,-6.8,2.007,1.492
442646_uff_e=332.68_out,-6.7,9.351,1.169
442646_uff_e=332.68_out,-6.7,23.434,22.145
442646_uff_e=332.68_out,-6.6,4.804,3.241
442647_uff_e=352.06_out,-7.2,0.0,0.0
442647_uff_e=352.06_out,-6.9,8.215,0.995
442647_uff_e=352.06_out,-6.7,4.471,3.281
442647_uff_e=352.06_out,-6.4,26.212,21.908
442647_uff_e=352.06_out,-6.3,21.376,18.308
442647_uff_e=352.06_out,-6.3,26.033,21.739
442647_uff_e=352.06_out,-6.3,21.304,18.278
442647_uff_e=352.06_out,-6.3,27.053,21.804
442647_uff_e=352.06_out,-6.3,18.766,15.441
442648_uff_e=226.76_out,-4.9,0.0,0.0
442648_uff_e=226.76_out,-4.7,3.515,2.382
442648_uff_e=226.76_out,-4.7,2.752,1.382
442648_uff_e=226.76_out,-4.7,11.534,9.96
442648_uff_e=226.76_out,-4.6,11.652,10.501
442648_uff_e=226.76_out,-4.6,11.55,10.482
442648_uff_e=226.76_out,-4.5,11.692,10.413
442648_uff_e=226.76_out,-4.5,3.657,1.972
442648_uff_e=226.76_out,-4.4,3.216,1.977
442649_uff_e=200.21_out,-4.8,0.0,0.0
442649_uff_e=200.21_out,-4.5,4.62,1.247
442649_uff_e=200.21_out,-4.5,3.396,2.952
442649_uff_e=200.21_out,-4.4,19.964,19.043
442649_uff_e=200.21_out,-4.4,23.448,21.882
442649_uff_e=200.21_out,-4.3,10.805,9.56
442649_uff_e=200.21_out,-4.3,21.559,20.171
442649_uff_e=200.21_out,-4.3,24.622,22.607
442649_uff_e=200.21_out,-4.3,4.768,1.287
442651_uff_e=142.06_out,-5.4,0.0,0.0
442651_uff_e=142.06_out,-4.9,2.91,1.92
442651_uff_e=142.06_out,-4.9,3.014,1.947
442651_uff_e=142.06_out,-4.8,3.857,1.955
442651_uff_e=142.06_out,-4.8,3.623,2.038
442651_uff_e=142.06_out,-4.7,12.133,11.11
442651_uff_e=142.06_out,-4.7,10.867,9.839
442651_uff_e=142.06_out,-4.5,2.62,1.741
442651_uff_e=142.06_out,-4.5,2.449,1.872
442654_uff_e=162.97_out,-5.1,0.0,0.0
442654_uff_e=162.97_out,-4.9,23.695,21.656
442654_uff_e=162.97_out,-4.7,4.977,2.553
442654_uff_e=162.97_out,-4.6,4.957,2.659
442654_uff_e=162.97_out,-4.5,3.428,2.36
442654_uff_e=162.97_out,-4.5,22.331,20.748
442654_uff_e=162.97_out,-4.5,23.162,19.897
442654_uff_e=162.97_out,-4.4,22.624,19.532
442654_uff_e=162.97_out,-4.4,6.299,3.312
442656_uff_e=990.53_out,-8.5,0.0,0.0
442656_uff_e=990.53_out,-8.4,7.372,2.477
442656_uff_e=990.53_out,-8.3,7.529,0.874
442656_uff_e=990.53_out,-8.2,7.739,1.306
442656_uff_e=990.53_out,-8.2,1.624,1.4
442656_uff_e=990.53_out,-8.1,8.064,2.682
442656_uff_e=990.53_out,-8.0,5.197,2.101
442656_uff_e=990.53_out,-7.9,3.518,2.369
442656_uff_e=990.53_out,-7.9,3.859,2.423
442657_uff_e=203.75_out,-6.1,0.0,0.0
442657_uff_e=203.75_out,-5.9,2.303,1.202
442657_uff_e=203.75_out,-5.6,4.035,3.036
442657_uff_e=203.75_out,-5.5,2.53,1.562
442657_uff_e=203.75_out,-5.4,2.709,2.177
442657_uff_e=203.75_out,-5.4,4.786,3.711
442657_uff_e=203.75_out,-5.3,24.302,22.471
442657_uff_e=203.75_out,-5.3,2.729,1.931
442657_uff_e=203.75_out,-5.2,24.251,22.545
442658_uff_e=723.83_out,-7.5,0.0,0.0
442658_uff_e=723.83_out,-7.1,20.916,18.095
442658_uff_e=723.83_out,-7.0,24.229,19.724
442658_uff_e=723.83_out,-7.0,28.955,23.905
442658_uff_e=723.83_out,-7.0,21.999,17.472
442658_uff_e=723.83_out,-7.0,26.687,22.474
442658_uff_e=723.83_out,-6.8,27.674,24.265
442658_uff_e=723.83_out,-6.8,28.862,25.276
442658_uff_e=723.83_out,-6.8,27.984,22.753
442659_uff_e=462.18_out,-7.1,0.0,0.0
442659_uff_e=462.18_out,-6.9,24.413,22.023
442659_uff_e=462.18_out,-6.9,22.002,18.218
442659_uff_e=462.18_out,-6.7,24.303,21.1
442659_uff_e=462.18_out,-6.6,10.146,2.11
442659_uff_e=462.18_out,-6.6,7.816,4.842
442659_uff_e=462.18_out,-6.5,21.402,18.972
442659_uff_e=462.18_out,-6.5,12.0,8.078
442659_uff_e=462.18_out,-6.5,18.627,12.998
442662_uff_e=494.41_out,-6.3,0.0,0.0
442662_uff_e=494.41_out,-6.3,24.002,22.486
442662_uff_e=494.41_out,-6.3,11.676,8.425
442662_uff_e=494.41_out,-6.2,24.228,22.798
442662_uff_e=494.41_out,-6.2,24.778,22.77
442662_uff_e=494.41_out,-6.1,25.274,23.159
442662_uff_e=494.41_out,-6.0,14.429,11.145
442662_uff_e=494.41_out,-6.0,12.725,9.492
442662_uff_e=494.41_out,-5.9,24.458,23.052
442663_uff_e=511.62_out,-7.1,0.0,0.0
442663_uff_e=511.62_out,-7.1,24.449,22.108
442663_uff_e=511.62_out,-6.6,9.29,3.541
442663_uff_e=511.62_out,-6.5,23.116,20.772
442663_uff_e=511.62_out,-6.4,21.62,18.323
442663_uff_e=511.62_out,-6.4,8.767,2.447
442663_uff_e=511.62_out,-6.4,8.246,4.149
442663_uff_e=511.62_out,-6.4,23.548,20.604
442663_uff_e=511.62_out,-6.4,22.654,19.596
442664_uff_e=630.31_out,-7.1,0.0,0.0
442664_uff_e=630.31_out,-7.0,33.776,30.508
442664_uff_e=630.31_out,-7.0,23.782,18.997
442664_uff_e=630.31_out,-7.0,9.881,4.003
442664_uff_e=630.31_out,-6.9,9.762,5.444
442664_uff_e=630.31_out,-6.9,10.654,4.879
442664_uff_e=630.31_out,-6.8,34.081,30.844
442664_uff_e=630.31_out,-6.8,6.801,3.157
442664_uff_e=630.31_out,-6.7,9.236,4.512
442665_uff_e=655.93_out,-7.4,0.0,0.0
442665_uff_e=655.93_out,-7.4,26.184,23.789
442665_uff_e=655.93_out,-7.4,10.199,5.931
442665_uff_e=655.93_out,-7.3,22.054,17.26
442665_uff_e=655.93_out,-7.2,10.25,4.584
442665_uff_e=655.93_out,-7.2,30.749,28.522
442665_uff_e=655.93_out,-7.1,2.008,1.068
442665_uff_e=655.93_out,-7.1,10.476,6.253
442665_uff_e=655.93_out,-7.0,2.274,1.187
442666_uff_e=566.95_out,-6.7,0.0,0.0
442666_uff_e=566.95_out,-6.5,25.751,23.12
442666_uff_e=566.95_out,-6.5,26.776,24.341
442666_uff_e=566.95_out,-6.5,25.471,23.102
442666_uff_e=566.95_out,-6.4,25.393,23.006
442666_uff_e=566.95_out,-6.4,26.312,24.088
442666_uff_e=566.95_out,-6.2,22.188,20.18
442666_uff_e=566.95_out,-6.2,36.968,34.754
442666_uff_e=566.95_out,-6.2,25.909,23.685
442667_uff_e=310.22_out,-6.6,0.0,0.0
442667_uff_e=310.22_out,-6.3,22.954,22.037
442667_uff_e=310.22_out,-6.3,23.25,22.319
442667_uff_e=310.22_out,-6.3,23.487,22.147
442667_uff_e=310.22_out,-6.3,6.356,1.727
442667_uff_e=310.22_out,-6.2,24.585,22.09
442667_uff_e=310.22_out,-6.2,4.176,2.181
442667_uff_e=310.22_out,-6.2,24.484,22.576
442667_uff_e=310.22_out,-6.1,2.518,1.331
442668_uff_e=487.99_out,-6.6,0.0,0.0
442668_uff_e=487.99_out,-6.5,25.297,23.605
442668_uff_e=487.99_out,-6.4,20.924,18.415
442668_uff_e=487.99_out,-6.2,24.079,22.796
442668_uff_e=487.99_out,-6.2,23.711,21.759
442668_uff_e=487.99_out,-6.2,27.859,26.679
442668_uff_e=487.99_out,-6.2,7.984,2.139
442668_uff_e=487.99_out,-6.1,34.82,32.205
442668_uff_e=487.99_out,-6.0,23.719,21.168
442670_uff_e=255.55_out,-6.8,0.0,0.0
442670_uff_e=255.55_out,-6.2,6.425,3.354
442670_uff_e=255.55_out,-6.1,6.404,3.097
442670_uff_e=255.55_out,-6.0,7.508,1.828
442670_uff_e=255.55_out,-5.9,16.51,13.471
442670_uff_e=255.55_out,-5.8,6.003,3.305
442670_uff_e=255.55_out,-5.7,23.906,22.847
442670_uff_e=255.55_out,-5.7,24.056,21.997
442670_uff_e=255.55_out,-5.7,24.303,22.852
442671_uff_e=428.75_out,-7.3,0.0,0.0
442671_uff_e=428.75_out,-7.3,7.846,2.77
442671_uff_e=428.75_out,-7.3,26.482,23.943
442671_uff_e=428.75_out,-7.2,5.774,3.116
442671_uff_e=428.75_out,-7.2,8.901,3.322
442671_uff_e=428.75_out,-7.1,6.113,2.293
442671_uff_e=428.75_out,-7.1,6.107,2.432
442671_uff_e=428.75_out,-7.1,26.67,24.007
442671_uff_e=428.75_out,-7.1,26.644,23.759
442677_uff_e=528.06_out,-8.1,0.0,0.0
442677_uff_e=528.06_out,-8.1,10.222,3.538
442677_uff_e=528.06_out,-7.8,1.938,1.453
442677_uff_e=528.06_out,-7.7,10.861,5.851
442677_uff_e=528.06_out,-7.7,25.812,21.08
442677_uff_e=528.06_out,-7.4,9.11,6.977
442677_uff_e=528.06_out,-7.4,11.634,6.144
442677_uff_e=528.06_out,-7.3,6.115,2.314
442677_uff_e=528.06_out,-7.2,9.816,3.834
442682_uff_e=494.83_out,-8.1,0.0,0.0
442682_uff_e=494.83_out,-7.8,7.816,4.337
442682_uff_e=494.83_out,-7.8,26.044,22.433
442682_uff_e=494.83_out,-7.7,8.182,2.973
442682_uff_e=494.83_out,-7.6,16.187,8.953
442682_uff_e=494.83_out,-7.6,9.335,4.841
442682_uff_e=494.83_out,-7.6,7.844,3.115
442682_uff_e=494.83_out,-7.5,10.596,5.521
442682_uff_e=494.83_out,-7.4,7.809,3.614
442684_uff_e=463.94_out,-8.1,0.0,0.0
442684_uff_e=463.94_out,-8.0,12.647,7.778
442684_uff_e=463.94_out,-8.0,25.11,20.762
442684_uff_e=463.94_out,-7.9,12.056,8.307
442684_uff_e=463.94_out,-7.9,8.529,5.877
442684_uff_e=463.94_out,-7.8,10.94,6.85
442684_uff_e=463.94_out,-7.7,10.15,6.041
442684_uff_e=463.94_out,-7.7,24.728,22.909
442684_uff_e=463.94_out,-7.6,16.585,11.884
442687_uff_e=499.12_out,-8.2,0.0,0.0
442687_uff_e=499.12_out,-8.1,10.331,8.247
442687_uff_e=499.12_out,-8.0,7.104,3.454
442687_uff_e=499.12_out,-7.8,27.552,24.612
442687_uff_e=499.12_out,-7.8,26.764,24.387
442687_uff_e=499.12_out,-7.8,27.697,25.383
442687_uff_e=499.12_out,-7.8,27.005,24.287
442687_uff_e=499.12_out,-7.7,6.777,3.571
442687_uff_e=499.12_out,-7.6,27.082,24.66
442693_uff_e=285.92_out,-6.5,0.0,0.0
442693_uff_e=285.92_out,-6.3,25.326,23.083
442693_uff_e=285.92_out,-6.1,6.261,2.396
442693_uff_e=285.92_out,-6.0,5.299,2.817
442693_uff_e=285.92_out,-6.0,25.379,22.977
442693_uff_e=285.92_out,-6.0,4.32,2.642
442693_uff_e=285.92_out,-5.9,23.774,22.653
442693_uff_e=285.92_out,-5.8,26.144,23.378
442693_uff_e=285.92_out,-5.8,14.491,11.124
442694_uff_e=390.84_out,-6.2,0.0,0.0
442694_uff_e=390.84_out,-6.0,24.077,22.366
442694_uff_e=390.84_out,-6.0,24.944,22.657
442694_uff_e=390.84_out,-5.9,24.99,22.719
442694_uff_e=390.84_out,-5.9,5.377,2.447
442694_uff_e=390.84_out,-5.9,24.352,22.793
442694_uff_e=390.84_out,-5.8,24.859,23.348
442694_uff_e=390.84_out,-5.7,23.34,22.066
442694_uff_e=390.84_out,-5.5,6.217,1.779
442695_uff_e=769.17_out,-8.1,0.0,0.0
442695_uff_e=769.17_out,-7.7,28.917,24.61
442695_uff_e=769.17_out,-7.5,9.497,4.624
442695_uff_e=769.17_out,-7.4,10.935,4.54
442695_uff_e=769.17_out,-7.4,24.056,22.105
442695_uff_e=769.17_out,-7.4,8.49,0.916
442695_uff_e=769.17_out,-7.3,6.464,3.013
442695_uff_e=769.17_out,-7.3,24.224,21.844
442695_uff_e=769.17_out,-7.3,24.832,22.888
442697_uff_e=390.28_out,-6.3,0.0,0.0
442697_uff_e=390.28_out,-5.9,25.632,22.369
442697_uff_e=390.28_out,-5.9,25.188,22.939
442697_uff_e=390.28_out,-5.9,12.779,11.324
442697_uff_e=390.28_out,-5.7,3.871,2.439
442697_uff_e=390.28_out,-5.7,4.458,2.097
442697_uff_e=390.28_out,-5.7,11.664,10.437
442697_uff_e=390.28_out,-5.7,4.17,2.428
442697_uff_e=390.28_out,-5.7,14.462,12.231
442699_uff_e=164.06_out,-6.1,0.0,0.0
442699_uff_e=164.06_out,-6.1,2.011,0.028
442699_uff_e=164.06_out,-6.0,3.643,2.43
442699_uff_e=164.06_out,-6.0,4.199,2.491
442699_uff_e=164.06_out,-6.0,3.901,3.02
442699_uff_e=164.06_out,-6.0,6.384,3.076
442699_uff_e=164.06_out,-5.9,15.246,13.533
442699_uff_e=164.06_out,-5.9,22.863,21.637
442699_uff_e=164.06_out,-5.9,22.807,21.6
442700_uff_e=156.61_out,-6.4,0.0,0.0
442700_uff_e=156.61_out,-6.4,2.566,0.932
442700_uff_e=156.61_out,-6.2,6.523,2.909
442700_uff_e=156.61_out,-6.1,4.224,2.626
442700_uff_e=156.61_out,-6.1,4.957,2.824
442700_uff_e=156.61_out,-6.1,4.564,2.878
442700_uff_e=156.61_out,-5.9,23.671,22.686
442700_uff_e=156.61_out,-5.9,5.386,3.204
442700_uff_e=156.61_out,-5.9,23.643,22.683
442701_uff_e=333.50_out,-6.1,0.0,0.0
442701_uff_e=333.50_out,-6.1,3.059,0.105
442701_uff_e=333.50_out,-6.0,21.714,20.79
442701_uff_e=333.50_out,-6.0,3.436,2.167
442701_uff_e=333.50_out,-5.8,21.785,21.014
442701_uff_e=333.50_out,-5.8,7.278,2.183
442701_uff_e=333.50_out,-5.7,7.775,2.205
442701_uff_e=333.50_out,-5.7,22.059,18.992
442701_uff_e=333.50_out,-5.7,24.033,19.768
442703_uff_e=245.98_out,-6.4,0.0,0.0
442703_uff_e=245.98_out,-6.3,1.991,0.644
442703_uff_e=245.98_out,-6.3,21.331,18.76
442703_uff_e=245.98_out,-6.2,21.22,18.809
442703_uff_e=245.98_out,-6.1,21.513,19.25
442703_uff_e=245.98_out,-6.1,21.048,18.414
442703_uff_e=245.98_out,-6.0,24.747,21.855
442703_uff_e=245.98_out,-6.0,8.111,2.494
442703_uff_e=245.98_out,-5.9,7.73,2.417
442706_uff_e=364.52_out,-5.0,0.0,0.0
442706_uff_e=364.52_out,-5.0,2.226,1.039
442706_uff_e=364.52_out,-4.9,22.524,19.575
442706_uff_e=364.52_out,-4.9,3.578,2.354
442706_uff_e=364.52_out,-4.8,2.664,2.154
442706_uff_e=364.52_out,-4.8,2.203,1.39
442706_uff_e=364.52_out,-4.7,2.322,1.706
442706_uff_e=364.52_out,-4.7,5.865,2.831
442706_uff_e=364.52_out,-4.6,18.457,15.693
442708_uff_e=385.04_out,-6.2,0.0,0.0
442708_uff_e=385.04_out,-6.1,5.383,2.909
442708_uff_e=385.04_out,-6.0,24.166,22.405
442708_uff_e=385.04_out,-5.9,3.782,1.728
442708_uff_e=385.04_out,-5.8,5.335,2.181
442708_uff_e=385.04_out,-5.7,24.93,22.58
442708_uff_e=385.04_out,-5.7,25.105,22.662
442708_uff_e=385.04_out,-5.6,5.883,1.66
442708_uff_e=385.04_out,-5.6,22.909,21.828
442710_uff_e=486.44_out,-8.1,0.0,0.0
442710_uff_e=486.44_out,-7.9,6.707,2.116
442710_uff_e=486.44_out,-7.7,6.349,2.974
442710_uff_e=486.44_out,-7.7,6.545,2.231
442710_uff_e=486.44_out,-7.4,27.433,24.002
442710_uff_e=486.44_out,-7.3,3.532,2.062
442710_uff_e=486.44_out,-7.2,13.286,9.708
442710_uff_e=486.44_out,-7.0,6.074,2.604
442710_uff_e=486.44_out,-7.0,6.318,2.627
442711_uff_e=186.12_out,-6.2,0.0,0.0
442711_uff_e=186.12_out,-5.9,23.354,21.091
442711_uff_e=186.12_out,-5.8,23.147,21.379
442711_uff_e=186.12_out,-5.8,23.675,22.832
442711_uff_e=186.12_out,-5.8,23.395,21.18
442711_uff_e=186.12_out,-5.8,23.799,22.512
442711_uff_e=186.12_out,-5.8,23.722,22.945
442711_uff_e=186.12_out,-5.8,21.64,20.192
442711_uff_e=186.12_out,-5.7,23.679,21.822
442714_uff_e=705.15_out,-6.8,0.0,0.0
442714_uff_e=705.15_out,-6.7,26.229,22.863
442714_uff_e=705.15_out,-6.7,8.088,2.319
442714_uff_e=705.15_out,-6.7,7.254,2.606
442714_uff_e=705.15_out,-6.7,7.116,2.225
442714_uff_e=705.15_out,-6.7,9.356,2.883
442714_uff_e=705.15_out,-6.7,8.599,3.055
442714_uff_e=705.15_out,-6.7,25.712,22.909
442714_uff_e=705.15_out,-6.6,26.156,21.559
442715_uff_e=242.17_out,-6.7,0.0,0.0
442715_uff_e=242.17_out,-6.5,2.206,1.291
442715_uff_e=242.17_out,-6.5,24.623,21.138
442715_uff_e=242.17_out,-6.4,7.962,2.003
442715_uff_e=242.17_out,-6.4,24.226,20.919
442715_uff_e=242.17_out,-6.3,24.729,21.097
442715_uff_e=242.17_out,-6.2,4.466,3.093
442715_uff_e=242.17_out,-6.2,20.675,18.155
442715_uff_e=242.17_out,-6.2,20.877,17.97
442725_uff_e=579.67_out,-7.0,0.0,0.0
442725_uff_e=579.67_out,-6.7,15.365,11.287
442725_uff_e=579.67_out,-6.6,4.468,2.497
442725_uff_e=579.67_out,-6.6,16.521,12.332
442725_uff_e=579.67_out,-6.6,4.032,2.094
442725_uff_e=579.67_out,-6.5,29.177,26.649
442725_uff_e=579.67_out,-6.5,21.821,17.264
442725_uff_e=579.67_out,-6.5,2.866,1.685
442725_uff_e=579.67_out,-6.4,23.904,21.6
442726_uff_e=462.54_out,-6.2,0.0,0.0
442726_uff_e=462.54_out,-5.9,5.086,1.986
442726_uff_e=462.54_out,-5.9,18.628,16.267
442726_uff_e=462.54_out,-5.9,5.184,3.016
442726_uff_e=462.54_out,-5.8,21.916,19.649
442726_uff_e=462.54_out,-5.8,5.2,2.114
442726_uff_e=462.54_out,-5.7,4.061,1.715
442726_uff_e=462.54_out,-5.7,11.729,8.738
442726_uff_e=462.54_out,-5.7,3.649,1.833
442727_uff_e=652.34_out,-6.9,0.0,0.0
442727_uff_e=652.34_out,-6.8,17.895,12.24
442727_uff_e=652.34_out,-6.6,2.683,1.873
442727_uff_e=652.34_out,-6.5,2.371,1.492
442727_uff_e=652.34_out,-6.5,16.456,10.394
442727_uff_e=652.34_out,-6.5,9.266,2.913
442727_uff_e=652.34_out,-6.4,13.392,7.792
442727_uff_e=652.34_out,-6.4,11.531,7.56
442727_uff_e=652.34_out,-6.3,25.75,23.506
442728_uff_e=561.35_out,-8.6,0.0,0.0
442728_uff_e=561.35_out,-8.6,9.721,0.014
442728_uff_e=561.35_out,-8.5,14.62,9.426
442728_uff_e=561.35_out,-8.4,13.432,9.518
442728_uff_e=561.35_out,-8.2,22.865,20.447
442728_uff_e=561.35_out,-8.2,9.433,1.986
442728_uff_e=561.35_out,-8.1,8.869,4.112
442728_uff_e=561.35_out,-8.1,12.264,4.139
442728_uff_e=561.35_out,-8.1,13.914,10.79
442729_uff_e=228.04_out,-7.0,0.0,0.0
442729_uff_e=228.04_out,-6.6,3.23,1.058
442729_uff_e=228.04_out,-6.5,6.854,3.416
442729_uff_e=228.04_out,-6.4,4.983,3.355
442729_uff_e=228.04_out,-6.3,6.599,2.514
442729_uff_e=228.04_out,-6.2,25.379,23.23
442729_uff_e=228.04_out,-6.2,24.559,22.663
442729_uff_e=228.04_out,-6.1,3.291,1.296
442729_uff_e=228.04_out,-6.1,2.002,1.707
442730_uff_e=727.78_out,-7.1,0.0,0.0
442730_uff_e=727.78_out,-6.3,9.029,5.584
442730_uff_e=727.78_out,-6.3,8.566,3.12
442730_uff_e=727.78_out,-6.3,9.863,7.44
442730_uff_e=727.78_out,-6.3,9.245,6.633
442730_uff_e=727.78_out,-6.2,10.315,7.029
442730_uff_e=727.78_out,-6.1,25.381,22.134
442730_uff_e=727.78_out,-6.1,5.968,3.186
442730_uff_e=727.78_out,-6.1,22.503,19.638
442731_uff_e=416.25_out,-8.0,0.0,0.0
442731_uff_e=416.25_out,-7.4,18.803,14.934
442731_uff_e=416.25_out,-7.1,19.432,15.364
442731_uff_e=416.25_out,-7.1,23.798,21.755
442731_uff_e=416.25_out,-6.8,24.861,22.349
442731_uff_e=416.25_out,-6.8,9.627,4.19
442731_uff_e=416.25_out,-6.8,26.386,23.844
442731_uff_e=416.25_out,-6.7,12.55,10.135
442731_uff_e=416.25_out,-6.7,2.404,1.706
442736_uff_e=278.70_out,-4.6,0.0,0.0
442736_uff_e=278.70_out,-4.5,2.951,1.644
442736_uff_e=278.70_out,-4.4,12.204,11.183
442736_uff_e=278.70_out,-4.3,3.147,1.432
442736_uff_e=278.70_out,-4.3,3.115,1.692
442736_uff_e=278.70_out,-4.2,4.08,2.227
442736_uff_e=278.70_out,-4.2,3.642,2.019
442736_uff_e=278.70_out,-4.2,13.843,13.013
442736_uff_e=278.70_out,-4.2,11.674,10.586
442739_uff_e=156.05_out,-6.1,0.0,0.0
442739_uff_e=156.05_out,-6.0,5.027,1.349
442739_uff_e=156.05_out,-5.7,3.305,1.462
442739_uff_e=156.05_out,-5.6,19.978,19.029
442739_uff_e=156.05_out,-5.6,21.949,20.628
442739_uff_e=156.05_out,-5.6,4.045,1.146
442739_uff_e=156.05_out,-5.5,3.907,1.515
442739_uff_e=156.05_out,-5.5,20.014,19.15
442739_uff_e=156.05_out,-5.4,5.217,1.686
442740_uff_e=389.44_out,-4.8,0.0,0.0
442740_uff_e=389.44_out,-4.6,4.325,2.093
442740_uff_e=389.44_out,-4.6,16.12,14.374
442740_uff_e=389.44_out,-4.6,1.85,1.504
442740_uff_e=389.44_out,-4.6,2.818,2.058
442740_uff_e=389.44_out,-4.6,3.654,2.402
442740_uff_e=389.44_out,-4.5,4.632,2.361
442740_uff_e=389.44_out,-4.5,20.065,17.867
442740_uff_e=389.44_out,-4.4,2.661,1.792
442741_uff_e=1894.14_out,-6.4,0.0,0.0
442741_uff_e=1894.14_out,-5.9,22.83,20.187
442741_uff_e=1894.14_out,-5.8,25.142,22.742
442741_uff_e=1894.14_out,-5.8,24.621,22.7
442741_uff_e=1894.14_out,-5.8,10.34,6.94
442741_uff_e=1894.14_out,-5.8,24.656,22.897
442741_uff_e=1894.14_out,-5.7,24.925,22.649
442741_uff_e=1894.14_out,-5.7,25.168,22.881
442741_uff_e=1894.14_out,-5.7,24.944,22.653
442744_uff_e=467.01_out,-7.2,0.0,0.0
442744_uff_e=467.01_out,-7.0,3.179,1.728
442744_uff_e=467.01_out,-6.9,3.673,2.282
442744_uff_e=467.01_out,-6.8,24.296,23.286
442744_uff_e=467.01_out,-6.8,3.396,1.953
442744_uff_e=467.01_out,-6.7,27.914,25.62
442744_uff_e=467.01_out,-6.7,23.692,21.237
442744_uff_e=467.01_out,-6.7,22.591,19.51
442744_uff_e=467.01_out,-6.7,24.679,22.401
442746_uff_e=687.26_out,-6.3,0.0,0.0
442746_uff_e=687.26_out,-6.3,24.729,22.694
442746_uff_e=687.26_out,-6.2,24.957,23.06
442746_uff_e=687.26_out,-6.2,24.833,22.601
442746_uff_e=687.26_out,-6.1,25.155,23.086
442746_uff_e=687.26_out,-6.1,19.405,16.923
442746_uff_e=687.26_out,-6.1,24.723,22.758
442746_uff_e=687.26_out,-6.0,24.307,22.421
442746_uff_e=687.26_out,-6.0,24.959,23.061
442750_uff_e=281.03_out,-7.0,0.0,0.0
442750_uff_e=281.03_out,-6.9,3.239,1.175
442750_uff_e=281.03_out,-6.8,2.337,1.57
442750_uff_e=281.03_out,-6.7,5.317,3.043
442750_uff_e=281.03_out,-6.6,26.351,23.079
442750_uff_e=281.03_out,-6.6,19.896,18.21
442750_uff_e=281.03_out,-6.6,7.478,2.14
442750_uff_e=281.03_out,-6.6,21.543,18.674
442750_uff_e=281.03_out,-6.5,24.085,21.187
442751_uff_e=437.81_out,-5.5,0.0,0.0
442751_uff_e=437.81_out,-5.5,23.844,20.914
442751_uff_e=437.81_out,-5.5,7.51,4.253
442751_uff_e=437.81_out,-5.4,25.786,22.735
442751_uff_e=437.81_out,-5.3,5.598,3.795
442751_uff_e=437.81_out,-5.2,4.633,3.006
442751_uff_e=437.81_out,-5.2,22.747,19.629
442751_uff_e=437.81_out,-5.1,9.593,6.336
442751_uff_e=437.81_out,-5.1,28.466,26.585
442753_uff_e=692.70_out,-7.4,0.0,0.0
442753_uff_e=692.70_out,-7.3,2.565,1.239
442753_uff_e=692.70_out,-7.1,4.406,1.618
442753_uff_e=692.70_out,-7.0,15.592,11.556
442753_uff_e=692.70_out,-6.9,6.001,2.243
442753_uff_e=692.70_out,-6.8,23.367,21.634
442753_uff_e=692.70_out,-6.6,10.954,7.214
442753_uff_e=692.70_out,-6.6,12.071,7.111
442753_uff_e=692.70_out,-6.5,9.952,6.41
442756_uff_e=222.96_out,-7.0,0.0,0.0
442756_uff_e=222.96_out,-6.8,6.384,1.026
442756_uff_e=222.96_out,-6.6,3.042,1.461
442756_uff_e=222.96_out,-6.6,5.473,2.26
442756_uff_e=222.96_out,-6.5,5.543,1.448
442756_uff_e=222.96_out,-6.3,24.823,22.463
442756_uff_e=222.96_out,-6.3,23.694,21.703
442756_uff_e=222.96_out,-6.2,23.739,22.352
442756_uff_e=222.96_out,-6.2,14.129,12.418
442758_uff_e=377.37_out,-5.1,0.0,0.0
442758_uff_e=377.37_out,-5.0,6.397,3.051
442758_uff_e=377.37_out,-4.9,6.822,3.325
442758_uff_e=377.37_out,-4.8,7.019,3.415
442758_uff_e=377.37_out,-4.8,6.949,3.475
442758_uff_e=377.37_out,-4.8,3.986,2.693
442758_uff_e=377.37_out,-4.8,13.084,11.262
442758_uff_e=377.37_out,-4.7,5.757,2.881
442758_uff_e=377.37_out,-4.7,5.883,3.13
442759_uff_e=201.04_out,-7.2,0.0,0.0
442759_uff_e=201.04_out,-6.7,6.286,1.47
442759_uff_e=201.04_out,-6.7,5.424,0.814
442759_uff_e=201.04_out,-6.6,5.389,1.608
442759_uff_e=201.04_out,-6.5,3.144,1.187
442759_uff_e=201.04_out,-6.3,23.383,22.298
442759_uff_e=201.04_out,-6.3,13.139,10.715
442759_uff_e=201.04_out,-6.2,13.788,12.062
442759_uff_e=201.04_out,-6.2,4.804,2.817
442761_uff_e=496.46_out,-7.2,0.0,0.0
442761_uff_e=496.46_out,-6.7,10.088,7.998
442761_uff_e=496.46_out,-6.7,23.258,21.66
442761_uff_e=496.46_out,-6.5,25.093,23.221
442761_uff_e=496.46_out,-6.5,8.475,3.878
442761_uff_e=496.46_out,-6.5,21.87,19.508
442761_uff_e=496.46_out,-6.4,27.382,24.077
442761_uff_e=496.46_out,-6.4,9.773,7.503
442761_uff_e=496.46_out,-6.4,11.515,6.966
442762_uff_e=623.80_out,-8.2,0.0,0.0
442762_uff_e=623.80_out,-8.1,1.953,1.016
442762_uff_e=623.80_out,-7.8,25.896,22.143
442762_uff_e=623.80_out,-7.6,24.538,21.218
442762_uff_e=623.80_out,-7.6,3.423,2.396
442762_uff_e=623.80_out,-7.5,5.264,3.191
442762_uff_e=623.80_out,-7.5,13.188,7.624
442762_uff_e=623.80_out,-7.5,12.53,7.374
442762_uff_e=623.80_out,-7.4,9.369,2.048
442764_uff_e=427.68_out,-6.4,0.0,0.0
442764_uff_e=427.68_out,-6.3,1.594,1.322
442764_uff_e=427.68_out,-6.2,24.295,22.442
442764_uff_e=427.68_out,-6.2,6.093,2.59
442764_uff_e=427.68_out,-6.2,21.253,19.647
442764_uff_e=427.68_out,-6.2,13.681,11.479
442764_uff_e=427.68_out,-6.0,16.951,15.0
442764_uff_e=427.68_out,-6.0,15.189,12.481
442764_uff_e=427.68_out,-6.0,15.974,14.076
442765_uff_e=375.28_out,-7.1,0.0,0.0
442765_uff_e=375.28_out,-7.0,3.166,0.633
442765_uff_e=375.28_out,-6.7,23.408,21.008
442765_uff_e=375.28_out,-6.4,24.164,22.744
442765_uff_e=375.28_out,-6.4,20.93,18.043
442765_uff_e=375.28_out,-6.4,14.396,11.708
442765_uff_e=375.28_out,-6.3,24.413,22.35
442765_uff_e=375.28_out,-6.2,23.146,21.886
442765_uff_e=375.28_out,-6.2,24.077,22.062
442766_uff_e=252.64_out,-6.9,0.0,0.0
442766_uff_e=252.64_out,-5.9,14.68,12.868
442766_uff_e=252.64_out,-5.9,14.028,11.671
442766_uff_e=252.64_out,-5.9,12.938,10.45
442766_uff_e=252.64_out,-5.9,22.936,21.341
442766_uff_e=252.64_out,-5.9,5.037,1.35
442766_uff_e=252.64_out,-5.8,12.928,11.344
442766_uff_e=252.64_out,-5.8,4.157,1.932
442766_uff_e=252.64_out,-5.8,14.009,11.605
442767_uff_e=268.63_out,-6.4,0.0,0.0
442767_uff_e=268.63_out,-6.3,24.872,22.622
442767_uff_e=268.63_out,-6.3,24.339,22.3
442767_uff_e=268.63_out,-6.3,14.675,12.373
442767_uff_e=268.63_out,-6.2,25.955,23.434
442767_uff_e=268.63_out,-6.2,3.389,0.946
442767_uff_e=268.63_out,-6.2,6.662,1.823
442767_uff_e=268.63_out,-6.2,15.273,12.118
442767_uff_e=268.63_out,-6.1,24.772,22.668
442768_uff_e=339.56_out,-7.2,0.0,0.0
442768_uff_e=339.56_out,-6.9,4.065,1.426
442768_uff_e=339.56_out,-6.5,23.873,21.999
442768_uff_e=339.56_out,-6.4,5.13,3.392
442768_uff_e=339.56_out,-6.2,24.615,22.372
442768_uff_e=339.56_out,-6.1,22.784,21.267
442768_uff_e=339.56_out,-6.1,2.484,2.313
442768_uff_e=339.56_out,-6.0,27.187,25.625
442768_uff_e=339.56_out,-6.0,9.518,7.665
442769_uff_e=602.36_out,-7.5,0.0,0.0
442769_uff_e=602.36_out,-7.4,11.394,6.94
442769_uff_e=602.36_out,-7.3,11.981,3.603
442769_uff_e=602.36_out,-7.1,12.56,8.693
442769_uff_e=602.36_out,-7.1,6.118,3.266
442769_uff_e=602.36_out,-7.0,25.143,21.677
442769_uff_e=602.36_out,-7.0,18.167,14.336
442769_uff_e=602.36_out,-7.0,10.543,3.07
442769_uff_e=602.36_out,-6.9,6.176,3.215
442770_uff_e=266.57_out,-7.3,0.0,0.0
442770_uff_e=266.57_out,-6.7,2.039,1.143
442770_uff_e=266.57_out,-6.6,7.939,2.087
442770_uff_e=266.57_out,-6.6,7.991,4.977
442770_uff_e=266.57_out,-6.4,25.387,22.273
442770_uff_e=266.57_out,-6.4,5.982,3.862
442770_uff_e=266.57_out,-6.4,25.114,22.997
442770_uff_e=266.57_out,-6.3,24.183,22.143
442770_uff_e=266.57_out,-6.3,5.896,3.53
442771_uff_e=242.22_out,-6.5,0.0,0.0
442771_uff_e=242.22_out,-6.3,7.195,3.97
442771_uff_e=242.22_out,-6.0,23.85,21.654
442771_uff_e=242.22_out,-6.0,13.616,11.314
442771_uff_e=242.22_out,-5.9,13.564,12.362
442771_uff_e=242.22_out,-5.9,16.77,13.42
442771_uff_e=242.22_out,-5.8,13.2,7.085
442771_uff_e=242.22_out,-5.8,24.28,22.465
442771_uff_e=242.22_out,-5.7,25.48,23.333
442773_uff_e=536.94_out,-6.3,0.0,0.0
442773_uff_e=536.94_out,-6.3,13.315,10.613
442773_uff_e=536.94_out,-6.1,16.802,14.513
442773_uff_e=536.94_out,-6.0,11.739,9.704
442773_uff_e=536.94_out,-6.0,25.355,22.709
442773_uff_e=536.94_out,-6.0,4.437,2.366
442773_uff_e=536.94_out,-6.0,4.175,2.716
442773_uff_e=536.94_out,-5.9,6.292,2.157
442773_uff_e=536.94_out,-5.9,25.106,22.953
442774_uff_e=344.87_out,-7.4,0.0,0.0
442774_uff_e=344.87_out,-7.3,11.936,3.653
442774_uff_e=344.87_out,-7.3,23.216,21.203
442774_uff_e=344.87_out,-7.1,22.463,19.893
442774_uff_e=344.87_out,-7.0,26.689,23.671
442774_uff_e=344.87_out,-6.9,6.613,3.13
442774_uff_e=344.87_out,-6.9,27.005,25.632
442774_uff_e=344.87_out,-6.9,25.556,23.168
442774_uff_e=344.87_out,-6.8,25.284,20.823
442792_uff_e=413.57_out,-6.1,0.0,0.0
442792_uff_e=413.57_out,-6.0,23.544,21.447
442792_uff_e=413.57_out,-5.9,19.067,15.636
442792_uff_e=413.57_out,-5.7,23.41,21.923
442792_uff_e=413.57_out,-5.7,13.184,10.95
442792_uff_e=413.57_out,-5.7,23.309,21.971
442792_uff_e=413.57_out,-5.7,25.926,24.392
442792_uff_e=413.57_out,-5.7,7.386,4.274
442792_uff_e=413.57_out,-5.7,7.705,3.672
442793_uff_e=168.19_out,-5.6,0.0,0.0
442793_uff_e=168.19_out,-5.3,5.58,1.606
442793_uff_e=168.19_out,-5.1,23.77,22.12
442793_uff_e=168.19_out,-5.0,5.002,2.075
442793_uff_e=168.19_out,-4.9,23.506,21.743
442793_uff_e=168.19_out,-4.9,6.213,2.303
442793_uff_e=168.19_out,-4.9,3.522,1.611
442793_uff_e=168.19_out,-4.9,24.102,21.649
442793_uff_e=168.19_out,-4.9,23.931,21.425
442805_uff_e=287.73_out,-6.5,0.0,0.0
442805_uff_e=287.73_out,-6.1,3.61,1.938
442805_uff_e=287.73_out,-6.1,8.239,4.709
442805_uff_e=287.73_out,-6.0,9.972,7.855
442805_uff_e=287.73_out,-6.0,23.117,21.537
442805_uff_e=287.73_out,-5.9,23.983,22.011
442805_uff_e=287.73_out,-5.9,9.321,7.779
442805_uff_e=287.73_out,-5.8,8.988,6.86
442805_uff_e=287.73_out,-5.8,24.559,21.519
442808_uff_e=343.20_out,-6.9,0.0,0.0
442808_uff_e=343.20_out,-6.5,6.093,3.301
442808_uff_e=343.20_out,-6.4,4.1,1.279
442808_uff_e=343.20_out,-6.3,24.045,22.48
442808_uff_e=343.20_out,-6.2,23.333,21.888
442808_uff_e=343.20_out,-6.2,23.818,22.452
442808_uff_e=343.20_out,-6.2,12.48,9.248
442808_uff_e=343.20_out,-6.1,27.324,24.07
442808_uff_e=343.20_out,-6.1,5.951,4.185
442809_uff_e=247.22_out,-6.2,0.0,0.0
442809_uff_e=247.22_out,-6.1,19.196,16.408
442809_uff_e=247.22_out,-6.0,4.586,2.969
442809_uff_e=247.22_out,-6.0,2.442,1.732
442809_uff_e=247.22_out,-5.9,3.263,2.668
442809_uff_e=247.22_out,-5.9,6.503,3.276
442809_uff_e=247.22_out,-5.9,3.105,2.338
442809_uff_e=247.22_out,-5.8,3.785,1.633
442809_uff_e=247.22_out,-5.7,22.892,21.585
442810_uff_e=406.01_out,-7.8,0.0,0.0
442810_uff_e=406.01_out,-7.5,23.709,21.796
442810_uff_e=406.01_out,-7.4,7.436,1.232
442810_uff_e=406.01_out,-7.4,8.781,3.575
442810_uff_e=406.01_out,-7.3,25.813,22.906
442810_uff_e=406.01_out,-7.3,6.053,3.001
442810_uff_e=406.01_out,-7.3,24.145,21.827
442810_uff_e=406.01_out,-7.2,26.505,22.87
442810_uff_e=406.01_out,-7.2,13.385,10.218
442811_uff_e=357.12_out,-6.3,0.0,0.0
442811_uff_e=357.12_out,-6.1,25.171,22.598
442811_uff_e=357.12_out,-6.0,7.269,4.241
442811_uff_e=357.12_out,-5.9,24.528,23.065
442811_uff_e=357.12_out,-5.8,7.826,4.812
442811_uff_e=357.12_out,-5.8,24.624,22.681
442811_uff_e=357.12_out,-5.8,24.099,22.778
442811_uff_e=357.12_out,-5.8,24.039,22.942
442811_uff_e=357.12_out,-5.7,25.076,23.673
442812_uff_e=354.49_out,-6.3,0.0,0.0
442812_uff_e=354.49_out,-6.2,22.15,19.19
442812_uff_e=354.49_out,-6.0,22.834,21.696
442812_uff_e=354.49_out,-5.9,22.689,19.564
442812_uff_e=354.49_out,-5.9,23.973,22.834
442812_uff_e=354.49_out,-5.8,6.401,4.056
442812_uff_e=354.49_out,-5.8,20.058,17.545
442812_uff_e=354.49_out,-5.8,23.0,20.281
442812_uff_e=354.49_out,-5.7,22.89,20.147
442813_uff_e=531.01_out,-7.5,0.0,0.0
442813_uff_e=531.01_out,-7.1,10.431,3.191
442813_uff_e=531.01_out,-7.0,10.08,3.403
442813_uff_e=531.01_out,-6.9,10.429,3.151
442813_uff_e=531.01_out,-6.9,24.014,20.844
442813_uff_e=531.01_out,-6.9,3.219,1.936
442813_uff_e=531.01_out,-6.8,22.95,19.025
442813_uff_e=531.01_out,-6.8,37.141,33.9
442813_uff_e=531.01_out,-6.7,10.943,2.979
442814_uff_e=561.63_out,-6.8,0.0,0.0
442814_uff_e=561.63_out,-6.7,6.992,2.842
442814_uff_e=561.63_out,-6.6,26.646,23.848
442814_uff_e=561.63_out,-6.6,4.887,2.491
442814_uff_e=561.63_out,-6.6,6.057,2.817
442814_uff_e=561.63_out,-6.6,14.195,11.142
442814_uff_e=561.63_out,-6.6,9.746,6.51
442814_uff_e=561.63_out,-6.5,25.028,23.027
442814_uff_e=561.63_out,-6.5,18.445,15.926
442819_uff_e=599.01_out,-7.2,0.0,0.0
442819_uff_e=599.01_out,-7.2,8.939,1.941
442819_uff_e=599.01_out,-7.1,26.77,25.091
442819_uff_e=599.01_out,-7.0,22.966,18.932
442819_uff_e=599.01_out,-6.9,6.792,2.928
442819_uff_e=599.01_out,-6.8,6.755,3.053
442819_uff_e=599.01_out,-6.8,19.923,17.181
442819_uff_e=599.01_out,-6.8,12.355,9.198
442819_uff_e=599.01_out,-6.7,21.722,19.29
442820_uff_e=423.13_out,-6.3,0.0,0.0
442820_uff_e=423.13_out,-6.1,23.547,22.199
442820_uff_e=423.13_out,-5.9,26.526,24.457
442820_uff_e=423.13_out,-5.9,24.099,22.775
442820_uff_e=423.13_out,-5.9,2.152,1.421
442820_uff_e=423.13_out,-5.8,28.082,25.552
442820_uff_e=423.13_out,-5.8,24.396,22.332
442820_uff_e=423.13_out,-5.7,24.62,22.835
442820_uff_e=423.13_out,-5.7,24.419,22.597
442822_uff_e=358.31_out,-7.0,0.0,0.0
442822_uff_e=358.31_out,-6.8,9.627,5.221
442822_uff_e=358.31_out,-6.6,24.555,22.107
442822_uff_e=358.31_out,-6.6,26.147,23.719
442822_uff_e=358.31_out,-6.5,3.337,1.894
442822_uff_e=358.31_out,-6.4,9.288,6.168
442822_uff_e=358.31_out,-6.4,8.009,5.361
442822_uff_e=358.31_out,-6.3,9.089,5.362
442822_uff_e=358.31_out,-6.3,7.811,3.179
442823_uff_e=478.97_out,-6.5,0.0,0.0
442823_uff_e=478.97_out,-6.1,8.933,4.656
442823_uff_e=478.97_out,-6.1,6.764,3.632
442823_uff_e=478.97_out,-6.0,16.123,12.409
442823_uff_e=478.97_out,-6.0,26.118,23.573
442823_uff_e=478.97_out,-5.9,13.754,10.489
442823_uff_e=478.97_out,-5.9,22.516,21.214
442823_uff_e=478.97_out,-5.8,10.593,9.052
442823_uff_e=478.97_out,-5.7,5.299,3.356
442824_uff_e=614.12_out,-6.9,0.0,0.0
442824_uff_e=614.12_out,-6.8,25.486,23.351
442824_uff_e=614.12_out,-6.7,11.308,7.192
442824_uff_e=614.12_out,-6.6,7.438,4.046
442824_uff_e=614.12_out,-6.4,13.189,7.697
442824_uff_e=614.12_out,-6.4,26.989,24.217
442824_uff_e=614.12_out,-6.4,23.545,19.427
442824_uff_e=614.12_out,-6.3,8.031,3.88
442824_uff_e=614.12_out,-6.3,7.768,4.801
442826_uff_e=487.52_out,-7.1,0.0,0.0
442826_uff_e=487.52_out,-6.7,24.718,20.986
442826_uff_e=487.52_out,-6.6,7.899,4.818
442826_uff_e=487.52_out,-6.6,7.389,4.488
442826_uff_e=487.52_out,-6.5,24.495,19.716
442826_uff_e=487.52_out,-6.4,10.718,4.191
442826_uff_e=487.52_out,-6.4,23.767,18.756
442826_uff_e=487.52_out,-6.3,9.26,3.595
442826_uff_e=487.52_out,-6.3,15.673,11.716
442827_uff_e=622.99_out,-7.6,0.0,0.0
442827_uff_e=622.99_out,-7.4,8.857,1.976
442827_uff_e=622.99_out,-7.3,9.235,2.227
442827_uff_e=622.99_out,-7.3,2.421,1.245
442827_uff_e=622.99_out,-7.2,21.956,17.852
442827_uff_e=622.99_out,-7.0,22.74,20.389
442827_uff_e=622.99_out,-6.9,30.765,27.97
442827_uff_e=622.99_out,-6.9,32.888,29.24
442827_uff_e=622.99_out,-6.9,2.667,1.54
442828_uff_e=361.68_out,-6.1,0.0,0.0
442828_uff_e=361.68_out,-5.9,6.125,1.487
442828_uff_e=361.68_out,-5.8,22.798,20.981
442828_uff_e=361.68_out,-5.7,24.754,22.891
442828_uff_e=361.68_out,-5.7,22.347,20.429
442828_uff_e=361.68_out,-5.7,21.973,20.362
442828_uff_e=361.68_out,-5.7,29.509,26.856
442828_uff_e=361.68_out,-5.7,22.065,18.541
442828_uff_e=361.68_out,-5.6,16.94,12.24
442831_uff_e=572.88_out,-6.1,0.0,0.0
442831_uff_e=572.88_out,-6.0,7.618,2.277
442831_uff_e=572.88_out,-5.9,12.743,10.344
442831_uff_e=572.88_out,-5.8,25.323,22.307
442831_uff_e=572.88_out,-5.7,32.266,28.938
442831_uff_e=572.88_out,-5.7,7.292,1.781
442831_uff_e=572.88_out,-5.6,25.338,22.318
442831_uff_e=572.88_out,-5.5,24.238,21.943
442831_uff_e=572.88_out,-5.5,23.779,20.438
442833_uff_e=1054.86_out,-7.1,0.0,0.0
442833_uff_e=1054.86_out,-7.0,29.776,24.202
442833_uff_e=1054.86_out,-6.7,26.903,22.131
442833_uff_e=1054.86_out,-6.7,1.936,1.136
442833_uff_e=1054.86_out,-6.6,4.392,1.104
442833_uff_e=1054.86_out,-6.5,29.333,24.94
442833_uff_e=1054.86_out,-6.5,26.633,22.562
442833_uff_e=1054.86_out,-6.5,23.754,20.171
442833_uff_e=1054.86_out,-6.4,37.291,33.853
442834_uff_e=558.19_out,-6.1,0.0,0.0
442834_uff_e=558.19_out,-6.1,7.422,2.534
442834_uff_e=558.19_out,-6.0,24.01,21.57
442834_uff_e=558.19_out,-6.0,2.247,1.602
442834_uff_e=558.19_out,-6.0,21.215,17.372
442834_uff_e=558.19_out,-5.9,24.275,21.894
442834_uff_e=558.19_out,-5.9,19.506,17.291
442834_uff_e=558.19_out,-5.9,7.759,2.419
442834_uff_e=558.19_out,-5.8,24.289,20.458
442835_uff_e=711.87_out,-6.1,0.0,0.0
442835_uff_e=711.87_out,-6.0,3.386,1.999
442835_uff_e=711.87_out,-5.9,4.505,1.89
442835_uff_e=711.87_out,-5.9,3.994,1.852
442835_uff_e=711.87_out,-5.8,23.273,20.467
442835_uff_e=711.87_out,-5.8,10.676,6.43
442835_uff_e=711.87_out,-5.7,24.785,22.449
442835_uff_e=711.87_out,-5.7,25.288,23.385
442835_uff_e=711.87_out,-5.7,5.589,1.706
442836_uff_e=832.34_out,-6.6,0.0,0.0
442836_uff_e=832.34_out,-6.5,2.166,0.707
442836_uff_e=832.34_out,-6.5,34.092,30.238
442836_uff_e=832.34_out,-6.5,5.348,3.627
442836_uff_e=832.34_out,-6.4,34.421,30.593
442836_uff_e=832.34_out,-6.4,29.431,26.157
442836_uff_e=832.34_out,-6.3,4.751,3.456
442836_uff_e=832.34_out,-6.3,29.472,26.289
442836_uff_e=832.34_out,-6.3,33.274,29.489
442837_uff_e=769.75_out,-8.1,0.0,0.0
442837_uff_e=769.75_out,-7.7,13.702,7.849
442837_uff_e=769.75_out,-7.4,9.579,2.363
442837_uff_e=769.75_out,-7.4,2.714,1.988
442837_uff_e=769.75_out,-7.3,26.514,23.794
442837_uff_e=769.75_out,-7.3,3.064,2.151
442837_uff_e=769.75_out,-7.2,9.085,1.992
442837_uff_e=769.75_out,-7.2,9.142,2.209
442837_uff_e=769.75_out,-7.1,27.288,23.535
442838_uff_e=550.89_out,-5.8,0.0,0.0
442838_uff_e=550.89_out,-5.7,3.479,2.762
442838_uff_e=550.89_out,-5.7,26.229,23.584
442838_uff_e=550.89_out,-5.7,5.469,2.803
442838_uff_e=550.89_out,-5.7,27.279,24.704
442838_uff_e=550.89_out,-5.7,24.591,22.757
442838_uff_e=550.89_out,-5.7,2.809,2.151
442838_uff_e=550.89_out,-5.5,10.977,9.408
442838_uff_e=550.89_out,-5.5,15.815,14.133
442849_uff_e=258.93_out,-5.3,0.0,0.0
442849_uff_e=258.93_out,-5.2,19.616,18.693
442849_uff_e=258.93_out,-5.2,14.133,13.142
442849_uff_e=258.93_out,-5.2,3.2,1.738
442849_uff_e=258.93_out,-5.2,14.128,12.887
442849_uff_e=258.93_out,-5.1,20.102,19.207
442849_uff_e=258.93_out,-4.9,13.632,13.098
442849_uff_e=258.93_out,-4.8,15.926,14.497
442849_uff_e=258.93_out,-4.8,25.015,23.405
442854_uff_e=400.39_out,-6.9,0.0,0.0
442854_uff_e=400.39_out,-6.5,3.311,2.515
442854_uff_e=400.39_out,-6.4,3.046,0.915
442854_uff_e=400.39_out,-6.3,4.258,2.599
442854_uff_e=400.39_out,-6.2,23.499,21.897
442854_uff_e=400.39_out,-6.1,5.553,2.626
442854_uff_e=400.39_out,-5.9,24.831,22.695
442854_uff_e=400.39_out,-5.9,25.101,22.694
442854_uff_e=400.39_out,-5.9,23.123,22.173
442855_uff_e=312.38_out,-4.9,0.0,0.0
442855_uff_e=312.38_out,-4.8,12.212,10.92
442855_uff_e=312.38_out,-4.7,4.442,2.183
442855_uff_e=312.38_out,-4.7,4.642,3.204
442855_uff_e=312.38_out,-4.7,4.258,2.694
442855_uff_e=312.38_out,-4.5,23.805,22.908
442855_uff_e=312.38_out,-4.5,13.239,11.395
442855_uff_e=312.38_out,-4.4,14.371,13.655
442855_uff_e=312.38_out,-4.4,22.01,20.155
442858_uff_e=273.89_out,-6.4,0.0,0.0
442858_uff_e=273.89_out,-6.2,5.979,4.09
442858_uff_e=273.89_out,-6.2,6.016,4.012
442858_uff_e=273.89_out,-6.1,6.286,3.946
442858_uff_e=273.89_out,-6.0,17.489,14.889
442858_uff_e=273.89_out,-6.0,5.679,3.839
442858_uff_e=273.89_out,-5.9,23.664,22.608
442858_uff_e=273.89_out,-5.8,23.253,21.376
442858_uff_e=273.89_out,-5.8,22.858,21.834
442861_uff_e=470.11_out,-7.5,0.0,0.0
442861_uff_e=470.11_out,-7.4,25.992,24.384
442861_uff_e=470.11_out,-7.3,1.833,1.031
442861_uff_e=470.11_out,-7.1,25.398,24.138
442861_uff_e=470.11_out,-7.0,2.536,1.685
442861_uff_e=470.11_out,-6.9,21.832,19.084
442861_uff_e=470.11_out,-6.9,25.95,24.393
442861_uff_e=470.11_out,-6.8,23.853,22.481
442861_uff_e=470.11_out,-6.8,3.451,1.666
442868_uff_e=625.11_out,-7.2,0.0,0.0
442868_uff_e=625.11_out,-6.8,24.287,23.305
442868_uff_e=625.11_out,-6.8,2.454,1.681
442868_uff_e=625.11_out,-6.7,24.171,22.511
442868_uff_e=625.11_out,-6.7,10.359,7.922
442868_uff_e=625.11_out,-6.6,26.756,23.283
442868_uff_e=625.11_out,-6.6,25.529,23.721
442868_uff_e=625.11_out,-6.6,22.555,20.508
442868_uff_e=625.11_out,-6.5,13.322,10.755
442869_uff_e=486.15_out,-5.8,0.0,0.0
442869_uff_e=486.15_out,-5.7,22.227,20.364
442869_uff_e=486.15_out,-5.6,21.525,20.294
442869_uff_e=486.15_out,-5.5,23.396,21.379
442869_uff_e=486.15_out,-5.5,22.954,20.564
442869_uff_e=486.15_out,-5.4,13.129,9.924
442869_uff_e=486.15_out,-5.4,9.588,5.802
442869_uff_e=486.15_out,-5.4,14.371,12.563
442869_uff_e=486.15_out,-5.4,7.114,4.249
442873_uff_e=524.89_out,-7.3,0.0,0.0
442873_uff_e=524.89_out,-7.3,8.223,0.043
442873_uff_e=524.89_out,-7.2,5.695,3.698
442873_uff_e=524.89_out,-7.2,8.61,3.7
442873_uff_e=524.89_out,-7.1,8.878,3.838
442873_uff_e=524.89_out,-7.1,5.533,3.841
442873_uff_e=524.89_out,-6.8,24.558,22.467
442873_uff_e=524.89_out,-6.8,2.23,1.361
442873_uff_e=524.89_out,-6.7,23.185,19.913
442876_uff_e=803.21_out,-6.2,0.0,0.0
442876_uff_e=803.21_out,-6.1,8.581,0.241
442876_uff_e=803.21_out,-6.1,8.754,0.577
442876_uff_e=803.21_out,-6.1,2.302,0.433
442876_uff_e=803.21_out,-6.1,8.909,0.493
442876_uff_e=803.21_out,-6.1,2.418,0.68
442876_uff_e=803.21_out,-6.0,9.116,4.19
442876_uff_e=803.21_out,-6.0,23.527,21.465
442876_uff_e=803.21_out,-6.0,23.222,20.684
442879_uff_e=578.93_out,-7.0,0.0,0.0
442879_uff_e=578.93_out,-6.9,24.385,22.858
442879_uff_e=578.93_out,-6.7,3.545,2.438
442879_uff_e=578.93_out,-6.7,24.464,22.738
442879_uff_e=578.93_out,-6.6,2.288,1.459
442879_uff_e=578.93_out,-6.6,24.936,22.588
442879_uff_e=578.93_out,-6.5,23.597,21.172
442879_uff_e=578.93_out,-6.5,2.329,1.907
442879_uff_e=578.93_out,-6.5,24.064,21.014
442881_uff_e=634.50_out,-6.3,0.0,0.0
442881_uff_e=634.50_out,-6.0,23.267,21.592
442881_uff_e=634.50_out,-6.0,23.778,21.005
442881_uff_e=634.50_out,-6.0,10.387,7.251
442881_uff_e=634.50_out,-5.9,11.819,8.192
442881_uff_e=634.50_out,-5.9,5.616,3.582
442881_uff_e=634.50_out,-5.8,11.176,6.742
442881_uff_e=634.50_out,-5.7,28.112,25.354
442881_uff_e=634.50_out,-5.7,4.487,2.336
442882_uff_e=713.57_out,-7.6,0.0,0.0
442882_uff_e=713.57_out,-7.1,23.089,21.542
442882_uff_e=713.57_out,-6.9,23.487,21.482
442882_uff_e=713.57_out,-6.7,24.578,21.687
442882_uff_e=713.57_out,-6.7,32.826,29.639
442882_uff_e=713.57_out,-6.6,17.861,13.866
442882_uff_e=713.57_out,-6.5,6.495,2.52
442882_uff_e=713.57_out,-6.5,11.594,7.549
442882_uff_e=713.57_out,-6.5,23.932,20.948
442883_uff_e=408.33_out,-6.3,0.0,0.0
442883_uff_e=408.33_out,-6.2,15.556,12.795
442883_uff_e=408.33_out,-6.2,24.594,22.528
442883_uff_e=408.33_out,-6.1,2.124,1.443
442883_uff_e=408.33_out,-5.9,5.692,2.898
442883_uff_e=408.33_out,-5.9,6.743,2.487
442883_uff_e=408.33_out,-5.9,8.448,6.168
442883_uff_e=408.33_out,-5.9,8.573,5.57
442883_uff_e=408.33_out,-5.9,22.121,20.282
442884_uff_e=425.86_out,-7.1,0.0,0.0
442884_uff_e=425.86_out,-6.7,23.318,21.627
442884_uff_e=425.86_out,-6.7,23.144,21.442
442884_uff_e=425.86_out,-6.7,2.574,1.742
442884_uff_e=425.86_out,-6.7,7.988,1.934
442884_uff_e=425.86_out,-6.6,22.954,20.289
442884_uff_e=425.86_out,-6.6,7.396,2.572
442884_uff_e=425.86_out,-6.6,30.931,29.054
442884_uff_e=425.86_out,-6.5,21.551,19.104
442885_uff_e=572.54_out,-6.5,0.0,0.0
442885_uff_e=572.54_out,-6.2,7.354,3.022
442885_uff_e=572.54_out,-6.2,8.215,2.769
442885_uff_e=572.54_out,-6.1,20.476,18.28
442885_uff_e=572.54_out,-6.1,24.527,22.708
442885_uff_e=572.54_out,-6.0,24.339,21.869
442885_uff_e=572.54_out,-6.0,23.964,21.446
442885_uff_e=572.54_out,-6.0,23.355,19.917
442885_uff_e=572.54_out,-5.9,7.446,2.075
442887_uff_e=395.38_out,-6.8,0.0,0.0
442887_uff_e=395.38_out,-6.7,4.417,1.306
442887_uff_e=395.38_out,-6.6,6.582,1.674
442887_uff_e=395.38_out,-6.5,40.06,36.806
442887_uff_e=395.38_out,-6.5,27.828,24.946
442887_uff_e=395.38_out,-6.4,5.648,1.637
442887_uff_e=395.38_out,-6.4,25.162,22.742
442887_uff_e=395.38_out,-6.4,10.85,6.335
442887_uff_e=395.38_out,-6.3,26.44,23.443
442888_uff_e=427.94_out,-6.3,0.0,0.0
442888_uff_e=427.94_out,-6.1,5.764,2.009
442888_uff_e=427.94_out,-5.9,24.051,22.249
442888_uff_e=427.94_out,-5.9,34.542,30.98
442888_uff_e=427.94_out,-5.8,15.948,11.975
442888_uff_e=427.94_out,-5.8,15.215,11.4
442888_uff_e=427.94_out,-5.8,5.914,1.76
442888_uff_e=427.94_out,-5.8,21.778,20.084
442888_uff_e=427.94_out,-5.8,24.844,22.839
442893_uff_e=396.86_out,-6.8,0.0,0.0
442893_uff_e=396.86_out,-6.6,23.889,21.666
442893_uff_e=396.86_out,-6.6,22.606,21.81
442893_uff_e=396.86_out,-6.6,1.971,1.672
442893_uff_e=396.86_out,-6.6,2.44,1.724
442893_uff_e=396.86_out,-6.5,23.445,22.448
442893_uff_e=396.86_out,-6.5,25.175,22.446
442893_uff_e=396.86_out,-6.5,4.462,2.193
442893_uff_e=396.86_out,-6.4,22.28,20.191
442894_uff_e=227.61_out,-5.8,0.0,0.0
442894_uff_e=227.61_out,-5.5,2.106,0.775
442894_uff_e=227.61_out,-5.2,3.783,2.366
442894_uff_e=227.61_out,-5.2,23.277,22.08
442894_uff_e=227.61_out,-5.0,5.009,1.911
442894_uff_e=227.61_out,-5.0,3.312,2.126
442894_uff_e=227.61_out,-5.0,21.461,20.363
442894_uff_e=227.61_out,-5.0,22.105,21.337
442894_uff_e=227.61_out,-5.0,11.189,10.058
442895_uff_e=744.33_out,-5.5,0.0,0.0
442895_uff_e=744.33_out,-5.4,20.998,16.252
442895_uff_e=744.33_out,-5.4,23.184,20.549
442895_uff_e=744.33_out,-5.3,31.821,28.5
442895_uff_e=744.33_out,-5.3,23.392,21.594
442895_uff_e=744.33_out,-5.3,23.313,20.597
442895_uff_e=744.33_out,-5.3,19.441,15.826
442895_uff_e=744.33_out,-5.3,18.927,15.799
442895_uff_e=744.33_out,-5.2,26.371,24.027
442896_uff_e=744.52_out,-6.1,0.0,0.0
442896_uff_e=744.52_out,-5.7,18.87,15.267
442896_uff_e=744.52_out,-5.6,19.945,16.483
442896_uff_e=744.52_out,-5.4,12.904,9.999
442896_uff_e=744.52_out,-5.3,25.289,22.366
442896_uff_e=744.52_out,-5.3,12.599,8.462
442896_uff_e=744.52_out,-5.3,13.504,9.383
442896_uff_e=744.52_out,-5.3,27.966,24.721
442896_uff_e=744.52_out,-5.2,13.957,9.977
442897_uff_e=403.26_out,-6.6,0.0,0.0
442897_uff_e=403.26_out,-6.3,23.244,21.522
442897_uff_e=403.26_out,-6.0,24.728,22.879
442897_uff_e=403.26_out,-5.9,20.921,18.251
442897_uff_e=403.26_out,-5.8,1.685,1.216
442897_uff_e=403.26_out,-5.7,23.364,22.641
442897_uff_e=403.26_out,-5.7,18.787,15.658
442897_uff_e=403.26_out,-5.6,23.511,22.608
442897_uff_e=403.26_out,-5.6,3.167,1.827
442898_uff_e=142.47_out,-5.1,0.0,0.0
442898_uff_e=142.47_out,-4.9,4.432,2.361
442898_uff_e=142.47_out,-4.9,3.647,1.922
442898_uff_e=142.47_out,-4.8,19.893,19.11
442898_uff_e=142.47_out,-4.8,3.732,1.816
442898_uff_e=142.47_out,-4.7,2.2,1.666
442898_uff_e=142.47_out,-4.7,3.108,1.145
442898_uff_e=142.47_out,-4.7,19.112,17.557
442898_uff_e=142.47_out,-4.6,3.317,2.025
442899_uff_e=327.41_out,-6.5,0.0,0.0
442899_uff_e=327.41_out,-6.5,23.975,22.571
442899_uff_e=327.41_out,-6.4,21.926,19.737
442899_uff_e=327.41_out,-6.4,23.563,22.221
442899_uff_e=327.41_out,-6.2,24.481,23.093
442899_uff_e=327.41_out,-6.1,23.716,22.389
442899_uff_e=327.41_out,-6.1,23.917,22.647
442899_uff_e=327.41_out,-6.0,11.795,10.415
442899_uff_e=327.41_out,-5.9,23.293,20.96
442903_uff_e=394.80_out,-6.3,0.0,0.0
442903_uff_e=394.80_out,-6.3,7.38,3.007
442903_uff_e=394.80_out,-6.2,7.595,2.955
442903_uff_e=394.80_out,-6.2,25.735,22.673
442903_uff_e=394.80_out,-6.2,25.378,22.2
442903_uff_e=394.80_out,-6.1,21.071,18.121
442903_uff_e=394.80_out,-6.1,7.069,4.281
442903_uff_e=394.80_out,-6.0,7.498,4.75
442903_uff_e=394.80_out,-5.9,25.487,23.724
442906_uff_e=650.73_out,-6.7,0.0,0.0
442906_uff_e=650.73_out,-6.6,8.528,4.489
442906_uff_e=650.73_out,-6.5,3.474,1.901
442906_uff_e=650.73_out,-6.5,6.479,3.846
442906_uff_e=650.73_out,-6.5,19.628,17.108
442906_uff_e=650.73_out,-6.5,2.879,1.4
442906_uff_e=650.73_out,-6.4,1.482,0.96
442906_uff_e=650.73_out,-6.3,17.66,15.334
442906_uff_e=650.73_out,-6.3,23.658,21.066
442907_uff_e=199.96_out,-6.4,0.0,0.0
442907_uff_e=199.96_out,-6.3,23.287,21.549
442907_uff_e=199.96_out,-6.2,22.466,21.389
442907_uff_e=199.96_out,-6.1,22.348,19.498
442907_uff_e=199.96_out,-6.0,22.811,21.42
442907_uff_e=199.96_out,-5.9,23.523,22.369
442907_uff_e=199.96_out,-5.8,17.553,13.628
442907_uff_e=199.96_out,-5.8,23.244,19.389
442907_uff_e=199.96_out,-5.8,6.5,4.189
442908_uff_e=453.21_out,-5.8,0.0,0.0
442908_uff_e=453.21_out,-5.6,2.399,0.612
442908_uff_e=453.21_out,-5.4,3.898,1.874
442908_uff_e=453.21_out,-5.3,10.357,7.308
442908_uff_e=453.21_out,-5.3,4.772,3.002
442908_uff_e=453.21_out,-5.3,25.812,22.696
442908_uff_e=453.21_out,-5.3,25.871,22.732
442908_uff_e=453.21_out,-5.3,10.517,7.256
442908_uff_e=453.21_out,-5.3,5.059,2.939
442909_uff_e=1175.63_out,-7.3,0.0,0.0
442909_uff_e=1175.63_out,-6.9,11.886,7.746
442909_uff_e=1175.63_out,-6.7,11.51,7.548
442909_uff_e=1175.63_out,-6.5,26.091,23.622
442909_uff_e=1175.63_out,-6.5,6.584,1.884
442909_uff_e=1175.63_out,-6.4,7.084,2.293
442909_uff_e=1175.63_out,-6.4,28.754,25.026
442909_uff_e=1175.63_out,-6.4,5.386,2.603
442909_uff_e=1175.63_out,-6.4,26.181,23.25
442910_uff_e=500.02_out,-5.8,0.0,0.0
442910_uff_e=500.02_out,-5.7,10.003,7.417
442910_uff_e=500.02_out,-5.6,11.488,8.631
442910_uff_e=500.02_out,-5.4,10.83,7.972
442910_uff_e=500.02_out,-5.4,23.4,20.701
442910_uff_e=500.02_out,-5.4,17.551,15.369
442910_uff_e=500.02_out,-5.3,13.196,10.613
442910_uff_e=500.02_out,-5.3,9.383,6.682
442910_uff_e=500.02_out,-5.3,23.784,20.091
442911_uff_e=337.83_out,-6.6,0.0,0.0
442911_uff_e=337.83_out,-6.5,26.03,23.318
442911_uff_e=337.83_out,-6.4,5.967,0.775
442911_uff_e=337.83_out,-6.0,27.002,24.52
442911_uff_e=337.83_out,-5.9,23.003,20.099
442911_uff_e=337.83_out,-5.9,21.273,17.607
442911_uff_e=337.83_out,-5.9,22.178,20.18
442911_uff_e=337.83_out,-5.9,20.333,16.431
442911_uff_e=337.83_out,-5.8,26.412,23.819
442912_uff_e=538.69_out,-6.3,0.0,0.0
442912_uff_e=538.69_out,-6.2,24.914,21.786
442912_uff_e=538.69_out,-6.1,15.1,12.991
442912_uff_e=538.69_out,-6.0,26.507,23.113
442912_uff_e=538.69_out,-5.9,26.094,23.193
442912_uff_e=538.69_out,-5.8,24.737,23.287
442912_uff_e=538.69_out,-5.6,24.621,21.443
442912_uff_e=538.69_out,-5.6,25.284,22.007
442912_uff_e=538.69_out,-5.6,21.418,18.312
442913_uff_e=286.51_out,-6.4,0.0,0.0
442913_uff_e=286.51_out,-5.8,4.192,1.417
442913_uff_e=286.51_out,-5.6,2.838,1.263
442913_uff_e=286.51_out,-5.6,3.659,1.968
442913_uff_e=286.51_out,-5.4,2.983,1.537
442913_uff_e=286.51_out,-5.4,5.178,2.116
442913_uff_e=286.51_out,-5.3,3.841,1.771
442913_uff_e=286.51_out,-5.3,20.723,19.415
442913_uff_e=286.51_out,-5.3,11.375,10.564
442915_uff_e=434.42_out,-5.9,0.0,0.0
442915_uff_e=434.42_out,-5.9,25.437,24.05
442915_uff_e=434.42_out,-5.8,3.096,1.952
442915_uff_e=434.42_out,-5.7,25.81,23.955
442915_uff_e=434.42_out,-5.6,6.692,4.321
442915_uff_e=434.42_out,-5.5,27.992,24.145
442915_uff_e=434.42_out,-5.5,24.763,23.433
442915_uff_e=434.42_out,-5.5,6.364,2.825
442915_uff_e=434.42_out,-5.5,27.148,23.946
442917_uff_e=319.27_out,-6.3,0.0,0.0
442917_uff_e=319.27_out,-6.2,2.031,1.845
442917_uff_e=319.27_out,-5.9,10.507,9.212
442917_uff_e=319.27_out,-5.8,9.927,8.756
442917_uff_e=319.27_out,-5.8,23.504,21.588
442917_uff_e=319.27_out,-5.8,23.836,22.81
442917_uff_e=319.27_out,-5.8,3.303,1.896
442917_uff_e=319.27_out,-5.7,23.989,22.645
442917_uff_e=319.27_out,-5.5,24.315,22.917
442918_uff_e=944.64_out,-6.1,0.0,0.0
442918_uff_e=944.64_out,-6.0,8.324,2.686
442918_uff_e=944.64_out,-6.0,29.628,27.838
442918_uff_e=944.64_out,-5.8,31.478,29.343
442918_uff_e=944.64_out,-5.8,25.762,22.517
442918_uff_e=944.64_out,-5.7,25.034,22.383
442918_uff_e=944.64_out,-5.7,11.168,6.791
442918_uff_e=944.64_out,-5.7,25.96,22.52
442918_uff_e=944.64_out,-5.7,27.505,24.079
442920_uff_e=413.38_out,-5.4,0.0,0.0
442920_uff_e=413.38_out,-5.4,27.201,23.957
442920_uff_e=413.38_out,-5.4,22.963,21.31
442920_uff_e=413.38_out,-5.3,25.43,21.936
442920_uff_e=413.38_out,-5.1,26.868,23.7
442920_uff_e=413.38_out,-5.1,24.124,21.52
442920_uff_e=413.38_out,-5.1,20.725,17.439
442920_uff_e=413.38_out,-5.0,20.466,17.929
442920_uff_e=413.38_out,-5.0,21.628,19.43
442921_uff_e=399.85_out,-6.2,0.0,0.0
442921_uff_e=399.85_out,-6.0,5.432,1.759
442921_uff_e=399.85_out,-5.8,24.914,23.025
442921_uff_e=399.85_out,-5.8,5.437,3.18
442921_uff_e=399.85_out,-5.7,24.613,22.795
442921_uff_e=399.85_out,-5.7,15.094,11.335
442921_uff_e=399.85_out,-5.6,5.475,2.851
442921_uff_e=399.85_out,-5.5,24.888,22.537
442921_uff_e=399.85_out,-5.5,25.52,23.349
442922_uff_e=491.42_out,-7.1,0.0,0.0
442922_uff_e=491.42_out,-6.8,6.066,3.819
442922_uff_e=491.42_out,-6.7,23.847,22.023
442922_uff_e=491.42_out,-6.3,25.439,22.933
442922_uff_e=491.42_out,-6.3,23.634,22.058
442922_uff_e=491.42_out,-6.0,25.121,23.492
442922_uff_e=491.42_out,-6.0,22.675,21.635
442922_uff_e=491.42_out,-5.9,17.19,13.566
442922_uff_e=491.42_out,-5.9,7.605,1.819
442925_uff_e=533.55_out,-6.3,0.0,0.0
442925_uff_e=533.55_out,-6.3,24.324,21.824
442925_uff_e=533.55_out,-6.2,24.263,21.884
442925_uff_e=533.55_out,-6.1,24.841,22.902
442925_uff_e=533.55_out,-5.9,11.12,7.251
442925_uff_e=533.55_out,-5.9,24.974,22.871
442925_uff_e=533.55_out,-5.8,23.171,21.718
442925_uff_e=533.55_out,-5.8,10.086,6.427
442925_uff_e=533.55_out,-5.7,2.62,1.926
442927_uff_e=633.31_out,-8.3,0.0,0.0
442927_uff_e=633.31_out,-7.9,24.998,23.164
442927_uff_e=633.31_out,-7.6,24.579,22.71
442927_uff_e=633.31_out,-7.4,25.57,23.622
442927_uff_e=633.31_out,-7.1,25.623,23.8
442927_uff_e=633.31_out,-7.1,28.211,25.934
442927_uff_e=633.31_out,-7.0,23.98,22.256
442927_uff_e=633.31_out,-7.0,24.777,22.953
442927_uff_e=633.31_out,-7.0,3.523,2.091
442928_uff_e=442.91_out,-7.6,0.0,0.0
442928_uff_e=442.91_out,-7.1,5.082,2.706
442928_uff_e=442.91_out,-6.8,6.102,3.159
442928_uff_e=442.91_out,-6.8,23.547,21.776
442928_uff_e=442.91_out,-6.8,26.167,23.658
442928_uff_e=442.91_out,-6.7,4.935,2.908
442928_uff_e=442.91_out,-6.7,23.522,21.605
442928_uff_e=442.91_out,-6.6,24.376,21.916
442928_uff_e=442.91_out,-6.5,5.244,2.948
442929_uff_e=253.81_out,-5.7,0.0,0.0
442929_uff_e=253.81_out,-5.6,23.424,22.295
442929_uff_e=253.81_out,-5.4,3.085,2.018
442929_uff_e=253.81_out,-5.3,2.882,2.194
442929_uff_e=253.81_out,-5.3,25.043,23.605
442929_uff_e=253.81_out,-5.3,21.483,20.737
442929_uff_e=253.81_out,-5.2,21.428,20.238
442929_uff_e=253.81_out,-5.0,21.892,20.211
442929_uff_e=253.81_out,-5.0,11.609,9.967
442930_uff_e=431.29_out,-5.9,0.0,0.0
442930_uff_e=431.29_out,-5.9,15.299,12.812
442930_uff_e=431.29_out,-5.8,6.383,1.978
442930_uff_e=431.29_out,-5.6,34.214,30.947
442930_uff_e=431.29_out,-5.6,14.928,11.868
442930_uff_e=431.29_out,-5.6,24.104,23.654
442930_uff_e=431.29_out,-5.5,34.694,31.469
442930_uff_e=431.29_out,-5.5,24.122,23.675
442930_uff_e=431.29_out,-5.5,12.747,9.811
442931_uff_e=411.53_out,-5.9,0.0,0.0
442931_uff_e=411.53_out,-5.7,5.42,2.551
442931_uff_e=411.53_out,-5.7,15.704,13.18
442931_uff_e=411.53_out,-5.6,13.33,10.939
442931_uff_e=411.53_out,-5.6,5.238,3.096
442931_uff_e=411.53_out,-5.6,24.114,23.655
442931_uff_e=411.53_out,-5.5,6.426,2.57
442931_uff_e=411.53_out,-5.4,13.487,10.267
442931_uff_e=411.53_out,-5.4,13.69,10.438
442932_uff_e=918.90_out,-6.5,0.0,0.0
442932_uff_e=918.90_out,-6.5,25.44,22.767
442932_uff_e=918.90_out,-6.4,11.372,8.358
442932_uff_e=918.90_out,-6.3,11.061,8.328
442932_uff_e=918.90_out,-6.3,26.169,23.161
442932_uff_e=918.90_out,-6.2,10.784,6.7
442932_uff_e=918.90_out,-6.1,29.157,26.861
442932_uff_e=918.90_out,-6.1,18.548,13.803
442932_uff_e=918.90_out,-6.1,25.746,23.451
442933_uff_e=278.86_out,-5.5,0.0,0.0
442933_uff_e=278.86_out,-5.2,22.454,21.256
442933_uff_e=278.86_out,-5.0,21.587,19.727
442933_uff_e=278.86_out,-5.0,23.101,22.02
442933_uff_e=278.86_out,-4.9,15.801,13.918
442933_uff_e=278.86_out,-4.9,21.195,19.062
442933_uff_e=278.86_out,-4.8,3.018,1.501
442933_uff_e=278.86_out,-4.8,20.756,18.97
442933_uff_e=278.86_out,-4.7,21.733,20.035
442934_uff_e=250.26_out,-5.9,0.0,0.0
442934_uff_e=250.26_out,-5.7,21.953,20.762
442934_uff_e=250.26_out,-5.6,19.545,19.167
442934_uff_e=250.26_out,-5.6,4.196,2.948
442934_uff_e=250.26_out,-5.6,4.7,2.854
442934_uff_e=250.26_out,-5.5,10.165,8.16
442934_uff_e=250.26_out,-5.4,3.651,2.525
442934_uff_e=250.26_out,-5.4,12.833,11.114
442934_uff_e=250.26_out,-5.3,23.798,22.453
442935_uff_e=277.37_out,-6.1,0.0,0.0
442935_uff_e=277.37_out,-6.0,2.617,1.319
442935_uff_e=277.37_out,-5.9,4.292,2.503
442935_uff_e=277.37_out,-5.6,21.451,20.252
442935_uff_e=277.37_out,-5.5,23.382,22.045
442935_uff_e=277.37_out,-5.4,11.218,10.107
442935_uff_e=277.37_out,-5.4,20.696,19.64
442935_uff_e=277.37_out,-5.4,22.268,20.85
442935_uff_e=277.37_out,-5.4,22.906,21.885
442936_uff_e=872.08_out,-5.6,0.0,0.0
442936_uff_e=872.08_out,-5.5,4.698,2.015
442936_uff_e=872.08_out,-5.4,3.966,2.051
442936_uff_e=872.08_out,-5.3,5.774,2.836
442936_uff_e=872.08_out,-5.3,23.149,22.041
442936_uff_e=872.08_out,-5.3,11.549,9.301
442936_uff_e=872.08_out,-5.2,10.703,8.645
442936_uff_e=872.08_out,-5.0,4.398,1.78
442936_uff_e=872.08_out,-5.0,25.275,23.848
442938_uff_e=363.19_out,-6.3,0.0,0.0
442938_uff_e=363.19_out,-6.1,3.498,2.482
442938_uff_e=363.19_out,-5.9,5.028,3.233
442938_uff_e=363.19_out,-5.7,21.774,19.725
442938_uff_e=363.19_out,-5.6,24.335,22.486
442938_uff_e=363.19_out,-5.5,4.544,2.81
442938_uff_e=363.19_out,-5.5,23.245,22.013
442938_uff_e=363.19_out,-5.5,12.119,10.021
442938_uff_e=363.19_out,-5.4,23.497,22.115
442939_uff_e=958.77_out,-5.1,0.0,0.0
442939_uff_e=958.77_out,-5.1,24.715,23.011
442939_uff_e=958.77_out,-5.1,24.09,23.285
442939_uff_e=958.77_out,-5.0,11.403,9.296
442939_uff_e=958.77_out,-5.0,6.05,2.727
442939_uff_e=958.77_out,-5.0,6.272,3.626
442939_uff_e=958.77_out,-5.0,24.72,23.349
442939_uff_e=958.77_out,-5.0,13.818,12.192
442939_uff_e=958.77_out,-5.0,21.94,20.272
442940_uff_e=305.82_out,-6.0,0.0,0.0
442940_uff_e=305.82_out,-6.0,24.662,23.083
442940_uff_e=305.82_out,-5.9,23.233,21.804
442940_uff_e=305.82_out,-5.8,13.387,11.943
442940_uff_e=305.82_out,-5.8,24.831,23.112
442940_uff_e=305.82_out,-5.5,25.417,23.869
442940_uff_e=305.82_out,-5.4,24.558,23.086
442940_uff_e=305.82_out,-5.4,24.38,22.936
442940_uff_e=305.82_out,-5.4,20.77,19.071
442941_uff_e=810.34_out,-8.3,0.0,0.0
442941_uff_e=810.34_out,-7.7,9.925,5.686
442941_uff_e=810.34_out,-7.7,9.755,2.318
442941_uff_e=810.34_out,-7.6,8.298,5.718
442941_uff_e=810.34_out,-7.6,27.645,26.066
442941_uff_e=810.34_out,-7.5,9.173,0.889
442941_uff_e=810.34_out,-7.5,11.088,3.479
442941_uff_e=810.34_out,-7.5,12.589,8.687
442941_uff_e=810.34_out,-7.4,21.521,19.662
442942_uff_e=482.39_out,-6.1,0.0,0.0
442942_uff_e=482.39_out,-6.0,4.754,2.362
442942_uff_e=482.39_out,-5.8,22.265,19.429
442942_uff_e=482.39_out,-5.8,13.41,10.762
442942_uff_e=482.39_out,-5.7,4.164,2.415
442942_uff_e=482.39_out,-5.7,25.353,23.145
442942_uff_e=482.39_out,-5.7,4.621,2.671
442942_uff_e=482.39_out,-5.6,24.828,23.053
442942_uff_e=482.39_out,-5.5,34.364,31.572
442943_uff_e=384.58_out,-6.2,0.0,0.0
442943_uff_e=384.58_out,-6.1,5.321,2.749
442943_uff_e=384.58_out,-6.1,5.331,3.284
442943_uff_e=384.58_out,-6.0,6.065,1.694
442943_uff_e=384.58_out,-5.9,5.854,1.786
442943_uff_e=384.58_out,-5.9,5.125,2.553
442943_uff_e=384.58_out,-5.8,24.73,22.594
442943_uff_e=384.58_out,-5.7,10.796,8.831
442943_uff_e=384.58_out,-5.7,11.261,9.5
442945_uff_e=1157.03_out,-6.9,0.0,0.0
442945_uff_e=1157.03_out,-6.4,16.52,13.388
442945_uff_e=1157.03_out,-6.4,19.255,16.96
442945_uff_e=1157.03_out,-6.4,3.665,2.587
442945_uff_e=1157.03_out,-6.3,26.079,24.059
442945_uff_e=1157.03_out,-6.3,24.581,23.001
442945_uff_e=1157.03_out,-6.3,23.918,22.1
442945_uff_e=1157.03_out,-6.2,18.981,17.19
442945_uff_e=1157.03_out,-6.2,7.507,4.257
442946_uff_e=490.65_out,-6.2,0.0,0.0
442946_uff_e=490.65_out,-5.7,23.213,20.844
442946_uff_e=490.65_out,-5.5,14.689,13.094
442946_uff_e=490.65_out,-5.5,22.988,20.726
442946_uff_e=490.65_out,-5.4,22.79,20.522
442946_uff_e=490.65_out,-5.3,4.131,2.328
442946_uff_e=490.65_out,-5.3,24.204,22.483
442946_uff_e=490.65_out,-5.3,24.338,22.553
442946_uff_e=490.65_out,-5.3,22.75,21.428
442947_uff_e=306.50_out,-5.9,0.0,0.0
442947_uff_e=306.50_out,-5.6,3.303,2.276
442947_uff_e=306.50_out,-5.2,23.881,22.253
442947_uff_e=306.50_out,-5.2,5.223,3.251
442947_uff_e=306.50_out,-5.2,22.904,21.417
442947_uff_e=306.50_out,-5.1,23.419,22.375
442947_uff_e=306.50_out,-5.1,4.02,2.363
442947_uff_e=306.50_out,-5.0,22.811,20.454
442947_uff_e=306.50_out,-5.0,22.549,21.325
442948_uff_e=1193.50_out,-7.1,0.0,0.0
442948_uff_e=1193.50_out,-7.0,8.336,5.683
442948_uff_e=1193.50_out,-6.8,23.635,20.918
442948_uff_e=1193.50_out,-6.7,20.17,17.95
442948_uff_e=1193.50_out,-6.6,23.763,21.813
442948_uff_e=1193.50_out,-6.6,10.535,8.035
442948_uff_e=1193.50_out,-6.5,26.07,23.385
442948_uff_e=1193.50_out,-6.5,16.069,12.267
442948_uff_e=1193.50_out,-6.5,25.112,22.108
442949_uff_e=240.58_out,-5.7,0.0,0.0
442949_uff_e=240.58_out,-5.4,3.113,2.223
442949_uff_e=240.58_out,-5.3,20.276,19.029
442949_uff_e=240.58_out,-5.2,4.427,2.491
442949_uff_e=240.58_out,-5.2,24.932,22.944
442949_uff_e=240.58_out,-5.1,22.424,21.111
442949_uff_e=240.58_out,-5.1,5.116,3.173
442949_uff_e=240.58_out,-5.0,4.165,2.31
442949_uff_e=240.58_out,-4.9,23.66,22.088
442950_uff_e=406.94_out,-6.1,0.0,0.0
442950_uff_e=406.94_out,-5.9,6.11,2.293
442950_uff_e=406.94_out,-5.8,23.167,21.486
442950_uff_e=406.94_out,-5.7,20.092,18.862
442950_uff_e=406.94_out,-5.6,24.881,23.318
442950_uff_e=406.94_out,-5.6,23.965,22.759
442950_uff_e=406.94_out,-5.5,7.173,3.109
442950_uff_e=406.94_out,-5.5,24.259,22.974
442950_uff_e=406.94_out,-5.5,12.503,10.927
442952_uff_e=914.74_out,-7.5,0.0,0.0
442952_uff_e=914.74_out,-7.2,24.704,23.289
442952_uff_e=914.74_out,-7.1,8.97,2.977
442952_uff_e=914.74_out,-7.0,25.519,23.826
442952_uff_e=914.74_out,-7.0,25.087,23.464
442952_uff_e=914.74_out,-6.9,4.743,3.025
442952_uff_e=914.74_out,-6.8,10.594,5.642
442952_uff_e=914.74_out,-6.7,25.979,23.912
442952_uff_e=914.74_out,-6.7,7.231,3.053
442956_uff_e=983.43_out,-5.6,0.0,0.0
442956_uff_e=983.43_out,-5.4,24.422,23.052
442956_uff_e=983.43_out,-5.4,24.066,22.642
442956_uff_e=983.43_out,-5.4,14.375,11.822
442956_uff_e=983.43_out,-5.4,24.94,23.655
442956_uff_e=983.43_out,-5.4,24.12,22.436
442956_uff_e=983.43_out,-5.3,24.817,23.423
442956_uff_e=983.43_out,-5.2,14.871,12.756
442956_uff_e=983.43_out,-5.2,24.94,23.322
442958_uff_e=504.49_out,-6.0,0.0,0.0
442958_uff_e=504.49_out,-5.9,24.178,22.66
442958_uff_e=504.49_out,-5.5,3.64,1.991
442958_uff_e=504.49_out,-5.5,23.856,22.609
442958_uff_e=504.49_out,-5.5,23.617,20.489
442958_uff_e=504.49_out,-5.4,5.793,3.505
442958_uff_e=504.49_out,-5.4,22.156,20.641
442958_uff_e=504.49_out,-5.4,23.891,21.247
442958_uff_e=504.49_out,-5.4,23.072,21.23
442962_uff_e=474.36_out,-5.6,0.0,0.0
442962_uff_e=474.36_out,-5.5,22.173,20.09
442962_uff_e=474.36_out,-5.4,5.164,1.758
442962_uff_e=474.36_out,-5.3,22.223,19.551
442962_uff_e=474.36_out,-5.3,12.051,10.011
442962_uff_e=474.36_out,-5.3,24.669,22.309
442962_uff_e=474.36_out,-5.3,22.848,21.192
442962_uff_e=474.36_out,-5.3,11.663,9.839
442962_uff_e=474.36_out,-5.2,5.483,2.252
442963_uff_e=340.71_out,-5.5,0.0,0.0
442963_uff_e=340.71_out,-5.4,24.321,22.629
442963_uff_e=340.71_out,-5.3,22.981,21.271
442963_uff_e=340.71_out,-5.2,20.476,19.35
442963_uff_e=340.71_out,-5.0,23.585,21.747
442963_uff_e=340.71_out,-5.0,12.203,9.776
442963_uff_e=340.71_out,-5.0,23.009,21.514
442963_uff_e=340.71_out,-4.9,3.945,2.683
442963_uff_e=340.71_out,-4.9,24.194,22.261
442967_uff_e=344.11_out,-6.4,0.0,0.0
442967_uff_e=344.11_out,-6.4,24.626,23.121
442967_uff_e=344.11_out,-5.9,24.489,22.867
442967_uff_e=344.11_out,-5.6,24.408,23.059
442967_uff_e=344.11_out,-5.6,24.745,23.175
442967_uff_e=344.11_out,-5.6,20.46,19.036
442967_uff_e=344.11_out,-5.5,24.65,23.32
442967_uff_e=344.11_out,-5.5,14.004,12.495
442967_uff_e=344.11_out,-5.4,25.354,23.834
442968_uff_e=369.87_out,-6.1,0.0,0.0
442968_uff_e=369.87_out,-5.9,5.41,2.909
442968_uff_e=369.87_out,-5.8,5.185,2.242
442968_uff_e=369.87_out,-5.8,2.895,1.783
442968_uff_e=369.87_out,-5.8,4.617,2.55
442968_uff_e=369.87_out,-5.6,21.352,19.782
442968_uff_e=369.87_out,-5.6,2.011,1.625
442968_uff_e=369.87_out,-5.5,24.214,22.637
442968_uff_e=369.87_out,-5.5,23.772,22.541
442970_uff_e=917.71_out,-6.6,0.0,0.0
442970_uff_e=917.71_out,-6.5,37.713,35.296
442970_uff_e=917.71_out,-6.5,29.76,26.456
442970_uff_e=917.71_out,-6.5,38.488,36.33
442970_uff_e=917.71_out,-6.4,28.41,26.103
442970_uff_e=917.71_out,-6.2,39.253,36.704
442970_uff_e=917.71_out,-6.1,28.004,26.335
442970_uff_e=917.71_out,-6.1,37.598,35.243
442970_uff_e=917.71_out,-6.0,23.3,19.037
442972_uff_e=664.39_out,-8.3,0.0,0.0
442972_uff_e=664.39_out,-8.2,1.053,0.961
442972_uff_e=664.39_out,-8.1,4.085,2.381
442972_uff_e=664.39_out,-7.9,3.316,1.868
442972_uff_e=664.39_out,-7.8,9.156,3.579
442972_uff_e=664.39_out,-7.7,26.777,23.443
442972_uff_e=664.39_out,-7.7,9.027,2.933
442972_uff_e=664.39_out,-7.7,9.374,3.788
442972_uff_e=664.39_out,-7.5,34.779,32.153
442973_uff_e=2202.53_out,-6.8,0.0,0.0
442973_uff_e=2202.53_out,-6.5,37.239,35.704
442973_uff_e=2202.53_out,-6.4,2.559,1.675
442973_uff_e=2202.53_out,-6.3,8.348,2.44
442973_uff_e=2202.53_out,-6.3,8.434,2.393
442973_uff_e=2202.53_out,-6.3,4.324,2.216
442973_uff_e=2202.53_out,-6.2,24.036,21.95
442973_uff_e=2202.53_out,-6.2,24.405,21.586
442973_uff_e=2202.53_out,-6.1,25.909,22.933
442976_uff_e=1065.58_out,-8.2,0.0,0.0
442976_uff_e=1065.58_out,-7.8,23.954,21.712
442976_uff_e=1065.58_out,-7.7,10.16,4.451
442976_uff_e=1065.58_out,-7.5,24.468,20.617
442976_uff_e=1065.58_out,-7.2,27.185,23.896
442976_uff_e=1065.58_out,-7.0,26.45,22.478
442976_uff_e=1065.58_out,-6.9,27.627,24.671
442976_uff_e=1065.58_out,-6.8,8.399,4.299
442976_uff_e=1065.58_out,-6.8,26.412,22.731
442978_uff_e=570.58_out,-6.5,0.0,0.0
442978_uff_e=570.58_out,-6.4,4.679,2.78
442978_uff_e=570.58_out,-6.3,3.649,2.169
442978_uff_e=570.58_out,-6.2,21.559,18.032
442978_uff_e=570.58_out,-6.2,7.643,4.091
442978_uff_e=570.58_out,-6.1,25.205,23.685
442978_uff_e=570.58_out,-6.0,35.846,33.548
442978_uff_e=570.58_out,-6.0,7.802,3.858
442978_uff_e=570.58_out,-6.0,25.794,23.725
442979_uff_e=623.25_out,-6.9,0.0,0.0
442979_uff_e=623.25_out,-6.7,2.04,1.374
442979_uff_e=623.25_out,-6.5,22.822,19.864
442979_uff_e=623.25_out,-6.2,35.616,33.756
442979_uff_e=623.25_out,-6.2,9.406,2.2
442979_uff_e=623.25_out,-6.1,37.08,35.421
442979_uff_e=623.25_out,-6.1,8.669,1.711
442979_uff_e=623.25_out,-6.1,23.994,22.788
442979_uff_e=623.25_out,-6.1,3.961,3.064
442980_uff_e=599.11_out,-7.1,0.0,0.0
442980_uff_e=599.11_out,-7.0,3.803,1.96
442980_uff_e=599.11_out,-7.0,3.263,1.87
442980_uff_e=599.11_out,-6.8,7.84,3.509
442980_uff_e=599.11_out,-6.8,7.972,3.997
442980_uff_e=599.11_out,-6.8,8.234,3.948
442980_uff_e=599.11_out,-6.7,26.192,24.571
442980_uff_e=599.11_out,-6.6,3.102,2.271
442980_uff_e=599.11_out,-6.5,8.424,3.632
442982_uff_e=972.39_out,-7.8,0.0,0.0
442982_uff_e=972.39_out,-7.2,25.984,21.024
442982_uff_e=972.39_out,-7.1,24.887,20.721
442982_uff_e=972.39_out,-7.1,24.644,20.529
442982_uff_e=972.39_out,-7.0,27.292,23.958
442982_uff_e=972.39_out,-7.0,10.258,4.531
442982_uff_e=972.39_out,-7.0,25.486,21.91
442982_uff_e=972.39_out,-6.9,24.94,21.132
442982_uff_e=972.39_out,-6.9,9.053,6.756
442983_uff_e=591.55_out,-7.3,0.0,0.0
442983_uff_e=591.55_out,-7.2,3.696,1.86
442983_uff_e=591.55_out,-7.2,9.474,2.913
442983_uff_e=591.55_out,-7.1,7.045,5.321
442983_uff_e=591.55_out,-7.1,9.902,3.214
442983_uff_e=591.55_out,-7.0,22.259,17.956
442983_uff_e=591.55_out,-7.0,26.748,25.2
442983_uff_e=591.55_out,-7.0,9.376,4.255
442983_uff_e=591.55_out,-6.9,6.368,4.923
442985_uff_e=718.57_out,-7.8,0.0,0.0
442985_uff_e=718.57_out,-7.8,4.161,2.841
442985_uff_e=718.57_out,-7.7,9.092,2.745
442985_uff_e=718.57_out,-7.6,9.225,2.499
442985_uff_e=718.57_out,-7.6,4.098,2.901
442985_uff_e=718.57_out,-7.5,26.123,24.242
442985_uff_e=718.57_out,-7.5,9.381,3.11
442985_uff_e=718.57_out,-7.4,26.809,24.937
442985_uff_e=718.57_out,-7.2,8.944,4.036
442986_uff_e=993.02_out,-7.3,0.0,0.0
442986_uff_e=993.02_out,-7.1,6.716,2.496
442986_uff_e=993.02_out,-7.0,26.175,24.223
442986_uff_e=993.02_out,-7.0,3.82,2.014
442986_uff_e=993.02_out,-7.0,14.259,11.78
442986_uff_e=993.02_out,-6.8,7.643,3.517
442986_uff_e=993.02_out,-6.8,26.127,22.448
442986_uff_e=993.02_out,-6.8,24.994,21.243
442986_uff_e=993.02_out,-6.7,8.343,4.418
442987_uff_e=948.50_out,-7.8,0.0,0.0
442987_uff_e=948.50_out,-7.3,24.302,20.751
442987_uff_e=948.50_out,-7.2,26.694,23.468
442987_uff_e=948.50_out,-7.2,17.979,13.993
442987_uff_e=948.50_out,-7.2,9.752,4.299
442987_uff_e=948.50_out,-7.1,24.911,20.79
442987_uff_e=948.50_out,-7.1,23.502,21.656
442987_uff_e=948.50_out,-7.0,23.939,21.499
442987_uff_e=948.50_out,-7.0,26.7,23.535
442993_uff_e=493.08_out,-5.7,0.0,0.0
442993_uff_e=493.08_out,-5.6,25.544,24.159
442993_uff_e=493.08_out,-5.6,23.839,22.598
442993_uff_e=493.08_out,-5.6,8.785,7.101
442993_uff_e=493.08_out,-5.5,3.758,2.576
442993_uff_e=493.08_out,-5.5,24.227,22.698
442993_uff_e=493.08_out,-5.4,3.811,2.608
442993_uff_e=493.08_out,-5.4,24.099,22.724
442993_uff_e=493.08_out,-5.4,20.678,18.317
442994_uff_e=1966.84_out,-6.6,0.0,0.0
442994_uff_e=1966.84_out,-6.1,22.737,21.355
442994_uff_e=1966.84_out,-6.0,22.723,21.389
442994_uff_e=1966.84_out,-6.0,23.313,21.317
442994_uff_e=1966.84_out,-6.0,4.053,2.477
442994_uff_e=1966.84_out,-5.8,22.773,21.596
442994_uff_e=1966.84_out,-5.7,23.902,21.737
442994_uff_e=1966.84_out,-5.7,4.472,2.979
442994_uff_e=1966.84_out,-5.6,3.62,2.114
442995_uff_e=884.43_out,-8.3,0.0,0.0
442995_uff_e=884.43_out,-8.0,2.665,1.743
442995_uff_e=884.43_out,-7.9,4.367,2.668
442995_uff_e=884.43_out,-7.8,5.791,2.839
442995_uff_e=884.43_out,-7.8,25.723,23.218
442995_uff_e=884.43_out,-7.8,3.343,2.221
442995_uff_e=884.43_out,-7.8,3.779,2.626
442995_uff_e=884.43_out,-7.7,25.53,22.963
442995_uff_e=884.43_out,-7.7,2.573,1.779
442996_uff_e=368.99_out,-5.7,0.0,0.0
442996_uff_e=368.99_out,-5.5,1.933,1.583
442996_uff_e=368.99_out,-5.5,2.827,1.299
442996_uff_e=368.99_out,-5.2,23.536,21.74
442996_uff_e=368.99_out,-5.1,22.716,21.302
442996_uff_e=368.99_out,-5.1,10.811,9.22
442996_uff_e=368.99_out,-5.1,4.782,2.187
442996_uff_e=368.99_out,-5.0,22.796,21.876
442996_uff_e=368.99_out,-5.0,16.211,14.516
442997_uff_e=406.09_out,-6.0,0.0,0.0
442997_uff_e=406.09_out,-5.7,23.745,21.698
442997_uff_e=406.09_out,-5.7,24.548,22.828
442997_uff_e=406.09_out,-5.6,19.844,17.698
442997_uff_e=406.09_out,-5.6,24.242,22.394
442997_uff_e=406.09_out,-5.6,24.683,22.645
442997_uff_e=406.09_out,-5.5,26.093,24.105
442997_uff_e=406.09_out,-5.5,10.642,7.783
442997_uff_e=406.09_out,-5.5,2.557,2.369
442998_uff_e=447.75_out,-4.7,0.0,0.0
442998_uff_e=447.75_out,-4.5,22.441,20.59
442998_uff_e=447.75_out,-4.5,2.962,2.228
442998_uff_e=447.75_out,-4.5,22.581,20.698
442998_uff_e=447.75_out,-4.5,22.939,22.083
442998_uff_e=447.75_out,-4.4,5.278,3.491
442998_uff_e=447.75_out,-4.4,20.564,19.366
442998_uff_e=447.75_out,-4.4,22.738,20.956
442998_uff_e=447.75_out,-4.4,21.065,19.848
442999_uff_e=353.04_out,-5.0,0.0,0.0
442999_uff_e=353.04_out,-5.0,3.645,2.531
442999_uff_e=353.04_out,-4.9,2.07,1.428
442999_uff_e=353.04_out,-4.8,1.982,1.549
442999_uff_e=353.04_out,-4.7,3.692,2.224
442999_uff_e=353.04_out,-4.6,3.24,1.605
442999_uff_e=353.04_out,-4.6,2.789,1.966
442999_uff_e=353.04_out,-4.6,2.824,2.111
442999_uff_e=353.04_out,-4.5,19.606,18.455
443003_uff_e=377.00_out,-5.3,0.0,0.0
443003_uff_e=377.00_out,-5.2,3.068,1.462
443003_uff_e=377.00_out,-5.1,2.981,1.4
443003_uff_e=377.00_out,-5.0,2.928,1.556
443003_uff_e=377.00_out,-4.9,3.517,2.268
443003_uff_e=377.00_out,-4.9,3.634,2.539
443003_uff_e=377.00_out,-4.8,3.645,2.402
443003_uff_e=377.00_out,-4.8,23.319,22.279
443003_uff_e=377.00_out,-4.7,2.563,1.581
443004_uff_e=447.97_out,-6.2,0.0,0.0
443004_uff_e=447.97_out,-6.1,4.932,2.154
443004_uff_e=447.97_out,-5.8,5.449,2.859
443004_uff_e=447.97_out,-5.7,5.603,2.204
443004_uff_e=447.97_out,-5.7,5.442,2.2
443004_uff_e=447.97_out,-5.6,23.776,22.45
443004_uff_e=447.97_out,-5.5,25.277,22.942
443004_uff_e=447.97_out,-5.5,10.43,8.642
443004_uff_e=447.97_out,-5.5,22.725,21.465
443005_uff_e=438.21_out,-5.3,0.0,0.0
443005_uff_e=438.21_out,-5.3,23.663,22.37
443005_uff_e=438.21_out,-5.2,24.127,22.299
443005_uff_e=438.21_out,-5.1,7.898,5.36
443005_uff_e=438.21_out,-5.0,24.26,22.5
443005_uff_e=438.21_out,-4.9,7.761,5.222
443005_uff_e=438.21_out,-4.8,24.227,22.365
443005_uff_e=438.21_out,-4.8,14.059,11.93
443005_uff_e=438.21_out,-4.8,24.545,22.766
443007_uff_e=471.26_out,-6.0,0.0,0.0
443007_uff_e=471.26_out,-5.9,14.863,12.182
443007_uff_e=471.26_out,-5.7,23.408,21.8
443007_uff_e=471.26_out,-5.6,20.158,17.983
443007_uff_e=471.26_out,-5.5,21.004,18.372
443007_uff_e=471.26_out,-5.5,2.672,1.503
443007_uff_e=471.26_out,-5.5,14.382,11.922
443007_uff_e=471.26_out,-5.4,27.892,24.238
443007_uff_e=471.26_out,-5.4,18.347,15.162
443008_uff_e=341.13_out,-4.4,0.0,0.0
443008_uff_e=341.13_out,-4.2,23.253,22.509
443008_uff_e=341.13_out,-4.2,1.646,1.429
443008_uff_e=341.13_out,-4.2,2.871,1.662
443008_uff_e=341.13_out,-4.1,2.411,1.51
443008_uff_e=341.13_out,-4.1,11.6,10.719
443008_uff_e=341.13_out,-4.1,11.461,10.237
443008_uff_e=341.13_out,-4.0,3.011,1.929
443008_uff_e=341.13_out,-4.0,20.693,19.683
443009_uff_e=420.09_out,-4.6,0.0,0.0
443009_uff_e=420.09_out,-4.3,2.432,1.789
443009_uff_e=420.09_out,-4.2,22.079,21.235
443009_uff_e=420.09_out,-4.2,2.864,1.739
443009_uff_e=420.09_out,-4.2,2.09,1.689
443009_uff_e=420.09_out,-4.1,2.738,1.669
443009_uff_e=420.09_out,-4.1,19.814,18.7
443009_uff_e=420.09_out,-4.1,2.401,1.688
443009_uff_e=420.09_out,-4.0,3.334,1.888
443010_uff_e=467.83_out,-7.0,0.0,0.0
443010_uff_e=467.83_out,-6.9,1.973,1.502
443010_uff_e=467.83_out,-6.8,4.754,4.135
443010_uff_e=467.83_out,-6.8,4.883,3.78
443010_uff_e=467.83_out,-6.7,24.149,23.043
443010_uff_e=467.83_out,-6.6,24.72,22.842
443010_uff_e=467.83_out,-6.5,24.186,21.722
443010_uff_e=467.83_out,-6.3,24.415,23.091
443010_uff_e=467.83_out,-6.3,2.748,2.016
443012_uff_e=397.29_out,-4.9,0.0,0.0
443012_uff_e=397.29_out,-4.9,23.461,21.852
443012_uff_e=397.29_out,-4.8,23.435,21.965
443012_uff_e=397.29_out,-4.7,11.851,9.79
443012_uff_e=397.29_out,-4.7,24.344,23.022
443012_uff_e=397.29_out,-4.7,21.976,20.154
443012_uff_e=397.29_out,-4.7,24.211,22.953
443012_uff_e=397.29_out,-4.7,23.423,21.977
443012_uff_e=397.29_out,-4.6,12.542,11.032
443013_uff_e=742.22_out,-7.0,0.0,0.0
443013_uff_e=742.22_out,-7.0,2.391,0.177
443013_uff_e=742.22_out,-6.6,4.934,2.025
443013_uff_e=742.22_out,-6.6,16.734,12.775
443013_uff_e=742.22_out,-6.6,16.585,12.725
443013_uff_e=742.22_out,-6.5,6.479,2.687
443013_uff_e=742.22_out,-6.5,13.173,9.695
443013_uff_e=742.22_out,-6.4,6.772,2.674
443013_uff_e=742.22_out,-6.3,24.341,22.575
443014_uff_e=658.89_out,-6.9,0.0,0.0
443014_uff_e=658.89_out,-6.7,2.418,0.656
443014_uff_e=658.89_out,-6.4,18.993,15.477
443014_uff_e=658.89_out,-6.4,24.525,22.415
443014_uff_e=658.89_out,-6.3,24.87,22.285
443014_uff_e=658.89_out,-6.3,6.186,2.759
443014_uff_e=658.89_out,-6.2,25.043,21.651
443014_uff_e=658.89_out,-6.2,6.367,2.332
443014_uff_e=658.89_out,-6.2,6.394,2.635
443015_uff_e=801.10_out,-6.8,0.0,0.0
443015_uff_e=801.10_out,-6.7,1.962,0.366
443015_uff_e=801.10_out,-6.6,25.725,21.57
443015_uff_e=801.10_out,-6.5,25.792,21.715
443015_uff_e=801.10_out,-6.5,24.871,20.836
443015_uff_e=801.10_out,-6.4,8.035,2.033
443015_uff_e=801.10_out,-6.4,8.963,4.242
443015_uff_e=801.10_out,-6.1,8.056,2.896
443015_uff_e=801.10_out,-6.1,25.276,21.107
443016_uff_e=716.07_out,-7.6,0.0,0.0
443016_uff_e=716.07_out,-7.1,9.191,5.789
443016_uff_e=716.07_out,-7.1,10.354,6.63
443016_uff_e=716.07_out,-7.1,32.722,29.592
443016_uff_e=716.07_out,-7.0,24.328,23.074
443016_uff_e=716.07_out,-6.9,24.685,20.993
443016_uff_e=716.07_out,-6.9,6.921,2.584
443016_uff_e=716.07_out,-6.8,23.951,21.722
443016_uff_e=716.07_out,-6.8,24.377,20.796
443018_uff_e=602.79_out,-6.5,0.0,0.0
443018_uff_e=602.79_out,-6.4,8.375,0.788
443018_uff_e=602.79_out,-6.4,8.298,0.152
443018_uff_e=602.79_out,-6.1,8.952,2.295
443018_uff_e=602.79_out,-6.1,4.223,2.319
443018_uff_e=602.79_out,-6.1,9.788,2.697
443018_uff_e=602.79_out,-6.0,3.562,2.552
443018_uff_e=602.79_out,-6.0,2.072,1.457
443018_uff_e=602.79_out,-6.0,2.836,2.084
443019_uff_e=692.66_out,-7.2,0.0,0.0
443019_uff_e=692.66_out,-6.9,20.397,17.038
443019_uff_e=692.66_out,-6.9,23.651,21.556
443019_uff_e=692.66_out,-6.8,21.457,17.684
443019_uff_e=692.66_out,-6.6,19.915,18.181
443019_uff_e=692.66_out,-6.5,22.136,18.444
443019_uff_e=692.66_out,-6.5,35.605,30.915
443019_uff_e=692.66_out,-6.5,27.33,22.777
443019_uff_e=692.66_out,-6.4,5.537,3.023
443020_uff_e=871.94_out,-7.5,0.0,0.0
443020_uff_e=871.94_out,-7.3,20.709,18.76
443020_uff_e=871.94_out,-7.2,1.991,1.424
443020_uff_e=871.94_out,-7.2,2.706,1.657
443020_uff_e=871.94_out,-7.2,3.933,2.04
443020_uff_e=871.94_out,-7.1,28.414,25.644
443020_uff_e=871.94_out,-7.1,32.258,29.05
443020_uff_e=871.94_out,-7.0,32.111,29.008
443020_uff_e=871.94_out,-7.0,4.511,3.159
443021_uff_e=926.93_out,-7.0,0.0,0.0
443021_uff_e=926.93_out,-6.5,10.444,6.137
443021_uff_e=926.93_out,-6.4,11.519,7.354
443021_uff_e=926.93_out,-6.2,25.911,22.514
443021_uff_e=926.93_out,-6.1,12.512,8.933
443021_uff_e=926.93_out,-6.1,6.013,2.349
443021_uff_e=926.93_out,-6.0,25.816,22.729
443021_uff_e=926.93_out,-6.0,26.032,23.389
443021_uff_e=926.93_out,-5.9,25.237,22.569
443022_uff_e=657.88_out,-7.0,0.0,0.0
443022_uff_e=657.88_out,-6.9,21.132,17.136
443022_uff_e=657.88_out,-6.8,19.308,15.008
443022_uff_e=657.88_out,-6.8,5.231,3.365
443022_uff_e=657.88_out,-6.7,26.793,21.988
443022_uff_e=657.88_out,-6.6,22.661,17.441
443022_uff_e=657.88_out,-6.6,23.254,21.372
443022_uff_e=657.88_out,-6.6,13.732,10.04
443022_uff_e=657.88_out,-6.6,23.309,21.245
443023_uff_e=801.82_out,-6.6,0.0,0.0
443023_uff_e=801.82_out,-6.5,25.608,22.715
443023_uff_e=801.82_out,-6.5,25.465,22.762
443023_uff_e=801.82_out,-6.4,25.403,22.685
443023_uff_e=801.82_out,-6.4,25.447,22.616
443023_uff_e=801.82_out,-6.3,24.33,22.844
443023_uff_e=801.82_out,-6.1,9.151,1.132
443023_uff_e=801.82_out,-6.1,9.356,2.405
443023_uff_e=801.82_out,-6.1,25.354,22.174
443024_uff_e=847.69_out,-6.4,0.0,0.0
443024_uff_e=847.69_out,-6.4,2.015,0.363
443024_uff_e=847.69_out,-6.4,29.072,26.306
443024_uff_e=847.69_out,-6.4,2.015,0.235
443024_uff_e=847.69_out,-6.3,2.828,0.374
443024_uff_e=847.69_out,-6.3,29.098,26.364
443024_uff_e=847.69_out,-6.3,4.907,3.195
443024_uff_e=847.69_out,-6.3,2.915,1.815
443024_uff_e=847.69_out,-6.2,5.571,3.318
443026_uff_e=504.53_out,-6.3,0.0,0.0
443026_uff_e=504.53_out,-6.1,3.753,2.036
443026_uff_e=504.53_out,-6.1,2.681,1.542
443026_uff_e=504.53_out,-6.0,24.128,22.62
443026_uff_e=504.53_out,-5.9,2.032,1.097
443026_uff_e=504.53_out,-5.8,24.715,22.819
443026_uff_e=504.53_out,-5.8,5.692,2.89
443026_uff_e=504.53_out,-5.8,2.034,1.16
443026_uff_e=504.53_out,-5.8,8.573,4.38
443027_uff_e=788.47_out,-7.4,0.0,0.0
443027_uff_e=788.47_out,-6.8,6.22,2.631
443027_uff_e=788.47_out,-6.6,19.055,17.167
443027_uff_e=788.47_out,-6.3,12.134,8.559
443027_uff_e=788.47_out,-6.3,13.554,10.381
443027_uff_e=788.47_out,-6.3,5.231,2.709
443027_uff_e=788.47_out,-6.2,12.18,9.667
443027_uff_e=788.47_out,-6.2,24.408,21.215
443027_uff_e=788.47_out,-6.2,12.441,10.385
443028_uff_e=820.16_out,-6.2,0.0,0.0
443028_uff_e=820.16_out,-6.2,22.887,18.517
443028_uff_e=820.16_out,-6.2,21.126,18.463
443028_uff_e=820.16_out,-6.1,22.867,18.557
443028_uff_e=820.16_out,-6.1,22.891,18.632
443028_uff_e=820.16_out,-6.1,21.295,18.659
443028_uff_e=820.16_out,-5.9,19.704,16.221
443028_uff_e=820.16_out,-5.9,22.588,18.256
443028_uff_e=820.16_out,-5.8,26.335,23.268
443030_uff_e=495.46_out,-7.1,0.0,0.0
443030_uff_e=495.46_out,-6.7,22.139,18.098
443030_uff_e=495.46_out,-6.6,24.276,22.018
443030_uff_e=495.46_out,-6.5,36.177,33.363
443030_uff_e=495.46_out,-6.5,9.868,5.048
443030_uff_e=495.46_out,-6.5,21.706,19.097
443030_uff_e=495.46_out,-6.4,11.582,4.465
443030_uff_e=495.46_out,-6.1,21.84,18.636
443030_uff_e=495.46_out,-6.1,25.967,23.771
443055_uff_e=729.62_out,-7.7,0.0,0.0
443055_uff_e=729.62_out,-7.6,5.329,3.415
443055_uff_e=729.62_out,-7.5,1.813,1.165
443055_uff_e=729.62_out,-7.4,2.735,1.746
443055_uff_e=729.62_out,-7.2,9.198,2.148
443055_uff_e=729.62_out,-7.2,3.758,1.778
443055_uff_e=729.62_out,-7.1,8.745,2.849
443055_uff_e=729.62_out,-7.0,26.69,24.166
443055_uff_e=729.62_out,-7.0,8.783,2.995
443056_uff_e=759.57_out,-7.8,0.0,0.0
443056_uff_e=759.57_out,-7.7,5.455,3.427
443056_uff_e=759.57_out,-7.3,4.756,2.908
443056_uff_e=759.57_out,-7.2,8.94,3.163
443056_uff_e=759.57_out,-7.1,4.837,2.776
443056_uff_e=759.57_out,-7.0,3.423,2.51
443056_uff_e=759.57_out,-7.0,2.321,1.644
443056_uff_e=759.57_out,-7.0,21.945,16.882
443056_uff_e=759.57_out,-6.9,23.53,20.933
443131_uff_e=465.75_out,-5.5,0.0,0.0
443131_uff_e=465.75_out,-5.1,3.256,1.741
443131_uff_e=465.75_out,-5.0,21.324,19.789
443131_uff_e=465.75_out,-4.8,4.434,2.364
443131_uff_e=465.75_out,-4.8,2.995,1.943
443131_uff_e=465.75_out,-4.8,4.14,2.294
443131_uff_e=465.75_out,-4.7,21.37,19.773
443131_uff_e=465.75_out,-4.7,4.672,2.59
443131_uff_e=465.75_out,-4.7,20.497,19.242
443143_uff_e=172.59_out,-5.1,0.0,0.0
443143_uff_e=172.59_out,-5.0,7.333,1.565
443143_uff_e=172.59_out,-5.0,17.795,15.383
443143_uff_e=172.59_out,-4.9,3.852,3.308
443143_uff_e=172.59_out,-4.9,24.653,23.576
443143_uff_e=172.59_out,-4.8,23.339,22.256
443143_uff_e=172.59_out,-4.7,24.367,22.583
443143_uff_e=172.59_out,-4.7,19.925,18.303
443143_uff_e=172.59_out,-4.7,24.061,22.31
443144_uff_e=253.80_out,-4.2,0.0,0.0
443144_uff_e=253.80_out,-4.2,3.497,2.448
443144_uff_e=253.80_out,-4.0,10.761,10.166
443144_uff_e=253.80_out,-4.0,4.235,2.719
443144_uff_e=253.80_out,-3.8,20.271,19.786
443144_uff_e=253.80_out,-3.8,2.888,2.641
443144_uff_e=253.80_out,-3.8,2.98,2.083
443144_uff_e=253.80_out,-3.8,21.866,20.524
443144_uff_e=253.80_out,-3.7,3.933,2.149
443155_uff_e=528.30_out,-6.3,0.0,0.0
443155_uff_e=528.30_out,-6.2,24.405,21.719
443155_uff_e=528.30_out,-6.1,20.767,18.004
443155_uff_e=528.30_out,-6.1,25.681,23.141
443155_uff_e=528.30_out,-6.0,19.598,17.845
443155_uff_e=528.30_out,-6.0,24.222,22.408
443155_uff_e=528.30_out,-6.0,25.109,22.747
443155_uff_e=528.30_out,-6.0,24.92,22.756
443155_uff_e=528.30_out,-6.0,24.166,22.829
443156_uff_e=1490.60_out,-5.2,0.0,0.0
443156_uff_e=1490.60_out,-5.0,2.843,1.365
443156_uff_e=1490.60_out,-4.9,3.666,1.431
443156_uff_e=1490.60_out,-4.7,3.844,1.236
443156_uff_e=1490.60_out,-4.7,3.861,1.253
443156_uff_e=1490.60_out,-4.7,3.306,1.403
443156_uff_e=1490.60_out,-4.6,3.286,1.617
443156_uff_e=1490.60_out,-4.6,3.793,1.884
443156_uff_e=1490.60_out,-4.4,11.42,10.017
443157_uff_e=88.52_out,-4.1,0.0,0.0
443157_uff_e=88.52_out,-4.1,22.379,21.371
443157_uff_e=88.52_out,-4.0,22.704,21.725
443157_uff_e=88.52_out,-4.0,2.529,1.366
443157_uff_e=88.52_out,-4.0,22.745,21.723
443157_uff_e=88.52_out,-4.0,1.895,1.366
443157_uff_e=88.52_out,-4.0,22.895,21.873
443157_uff_e=88.52_out,-3.9,22.601,21.572
443157_uff_e=88.52_out,-3.9,22.651,21.385
443158_uff_e=123.40_out,-4.6,0.0,0.0
443158_uff_e=123.40_out,-4.4,5.032,2.942
443158_uff_e=123.40_out,-4.3,5.045,2.121
443158_uff_e=123.40_out,-4.3,3.272,2.03
443158_uff_e=123.40_out,-4.3,4.223,2.564
443158_uff_e=123.40_out,-4.2,11.983,10.753
443158_uff_e=123.40_out,-4.2,22.283,20.601
443158_uff_e=123.40_out,-4.2,11.743,10.44
443158_uff_e=123.40_out,-4.2,4.801,2.0
443159_uff_e=95.24_out,-4.6,0.0,0.0
443159_uff_e=95.24_out,-4.4,3.338,1.816
443159_uff_e=95.24_out,-4.3,3.107,2.1
443159_uff_e=95.24_out,-4.3,26.168,24.935
443159_uff_e=95.24_out,-4.3,3.916,1.614
443159_uff_e=95.24_out,-4.3,11.736,10.276
443159_uff_e=95.24_out,-4.2,12.184,10.884
443159_uff_e=95.24_out,-4.1,4.107,2.171
443159_uff_e=95.24_out,-4.1,22.655,21.614
443160_uff_e=157.16_out,-5.2,0.0,0.0
443160_uff_e=157.16_out,-5.0,2.117,1.053
443160_uff_e=157.16_out,-5.0,2.467,1.358
443160_uff_e=157.16_out,-4.8,2.831,1.61
443160_uff_e=157.16_out,-4.8,4.889,1.324
443160_uff_e=157.16_out,-4.8,3.333,1.462
443160_uff_e=157.16_out,-4.7,4.735,1.364
443160_uff_e=157.16_out,-4.7,21.973,20.684
443160_uff_e=157.16_out,-4.6,4.349,1.432
443161_uff_e=126.29_out,-5.3,0.0,0.0
443161_uff_e=126.29_out,-5.1,2.696,1.467
443161_uff_e=126.29_out,-5.0,3.036,1.503
443161_uff_e=126.29_out,-4.9,2.322,1.562
443161_uff_e=126.29_out,-4.7,4.678,1.191
443161_uff_e=126.29_out,-4.7,21.743,20.748
443161_uff_e=126.29_out,-4.7,3.366,1.455
443161_uff_e=126.29_out,-4.7,22.057,20.555
443161_uff_e=126.29_out,-4.7,4.646,2.43
443162_uff_e=148.63_out,-5.3,0.0,0.0
443162_uff_e=148.63_out,-5.2,3.282,2.173
443162_uff_e=148.63_out,-5.1,4.288,3.093
443162_uff_e=148.63_out,-5.0,1.56,0.393
443162_uff_e=148.63_out,-4.9,3.332,2.612
443162_uff_e=148.63_out,-4.8,21.682,20.753
443162_uff_e=148.63_out,-4.6,3.924,2.182
443162_uff_e=148.63_out,-4.6,22.112,20.79
443162_uff_e=148.63_out,-4.5,24.246,22.683
443163_uff_e=79.27_out,-5.0,0.0,0.0
443163_uff_e=79.27_out,-4.9,4.559,2.388
443163_uff_e=79.27_out,-4.9,4.666,3.034
443163_uff_e=79.27_out,-4.8,4.718,3.142
443163_uff_e=79.27_out,-4.7,23.145,22.079
443163_uff_e=79.27_out,-4.7,4.766,2.127
443163_uff_e=79.27_out,-4.7,22.751,21.877
443163_uff_e=79.27_out,-4.6,4.438,1.944
443163_uff_e=79.27_out,-4.6,2.318,1.744
443164_uff_e=80.11_out,-4.9,0.0,0.0
443164_uff_e=80.11_out,-4.7,24.183,22.574
443164_uff_e=80.11_out,-4.7,25.161,23.58
443164_uff_e=80.11_out,-4.7,24.826,23.249
443164_uff_e=80.11_out,-4.7,11.411,9.781
443164_uff_e=80.11_out,-4.7,12.009,11.011
443164_uff_e=80.11_out,-4.5,23.859,22.778
443164_uff_e=80.11_out,-4.5,25.273,23.857
443164_uff_e=80.11_out,-4.5,21.428,19.796
443165_uff_e=107.86_out,-4.9,0.0,0.0
443165_uff_e=107.86_out,-4.7,4.146,1.609
443165_uff_e=107.86_out,-4.7,2.505,1.685
443165_uff_e=107.86_out,-4.6,2.21,1.375
443165_uff_e=107.86_out,-4.6,3.164,2.033
443165_uff_e=107.86_out,-4.6,23.486,22.325
443165_uff_e=107.86_out,-4.6,3.917,1.597
443165_uff_e=107.86_out,-4.5,19.82,19.125
443165_uff_e=107.86_out,-4.5,2.485,1.462
443166_uff_e=90.45_out,-5.0,0.0,0.0
443166_uff_e=90.45_out,-4.9,4.501,2.291
443166_uff_e=90.45_out,-4.7,4.182,2.143
443166_uff_e=90.45_out,-4.7,4.342,2.74
443166_uff_e=90.45_out,-4.6,2.937,2.069
443166_uff_e=90.45_out,-4.5,23.436,22.218
443166_uff_e=90.45_out,-4.5,4.349,2.224
443166_uff_e=90.45_out,-4.5,2.54,1.879
443166_uff_e=90.45_out,-4.5,4.051,2.156
443177_uff_e=127.05_out,-5.2,0.0,0.0
443177_uff_e=127.05_out,-5.1,4.859,3.005
443177_uff_e=127.05_out,-5.1,4.091,2.52
443177_uff_e=127.05_out,-5.1,3.716,3.32
443177_uff_e=127.05_out,-4.9,4.687,4.12
443177_uff_e=127.05_out,-4.8,4.534,2.042
443177_uff_e=127.05_out,-4.8,24.61,23.025
443177_uff_e=127.05_out,-4.8,2.198,1.595
443177_uff_e=127.05_out,-4.8,2.62,2.218
443178_uff_e=123.25_out,-5.1,0.0,0.0
443178_uff_e=123.25_out,-5.0,4.526,1.529
443178_uff_e=123.25_out,-5.0,4.496,2.602
443178_uff_e=123.25_out,-4.7,4.578,1.986
443178_uff_e=123.25_out,-4.7,4.322,1.735
443178_uff_e=123.25_out,-4.7,4.779,1.878
443178_uff_e=123.25_out,-4.6,4.467,1.955
443178_uff_e=123.25_out,-4.6,4.407,2.115
443178_uff_e=123.25_out,-4.6,3.993,2.441
443184_uff_e=80.14_out,-4.9,0.0,0.0
443184_uff_e=80.14_out,-4.8,4.34,2.484
443184_uff_e=80.14_out,-4.6,2.15,1.608
443184_uff_e=80.14_out,-4.6,2.388,1.599
443184_uff_e=80.14_out,-4.6,3.955,2.787
443184_uff_e=80.14_out,-4.5,3.877,3.03
443184_uff_e=80.14_out,-4.5,25.588,24.167
443184_uff_e=80.14_out,-4.5,3.238,2.646
443184_uff_e=80.14_out,-4.4,23.062,22.161
443322_uff_e=501.62_out,-6.0,0.0,0.0
443322_uff_e=501.62_out,-6.0,4.978,2.838
443322_uff_e=501.62_out,-6.0,19.626,16.822
443322_uff_e=501.62_out,-6.0,4.232,2.41
443322_uff_e=501.62_out,-6.0,22.373,19.471
443322_uff_e=501.62_out,-6.0,18.971,16.115
443322_uff_e=501.62_out,-5.9,22.372,19.202
443322_uff_e=501.62_out,-5.9,7.446,4.404
443322_uff_e=501.62_out,-5.9,22.862,19.432
443325_uff_e=690.67_out,-6.9,0.0,0.0
443325_uff_e=690.67_out,-6.6,4.411,2.282
443325_uff_e=690.67_out,-6.4,4.94,2.917
443325_uff_e=690.67_out,-6.4,2.547,1.919
443325_uff_e=690.67_out,-6.3,4.931,2.271
443325_uff_e=690.67_out,-6.1,11.937,9.407
443325_uff_e=690.67_out,-6.0,24.999,22.792
443325_uff_e=690.67_out,-6.0,5.266,2.628
443325_uff_e=690.67_out,-5.9,4.79,1.929
443326_uff_e=664.91_out,-7.2,0.0,0.0
443326_uff_e=664.91_out,-6.8,5.354,2.69
443326_uff_e=664.91_out,-6.7,3.014,2.265
443326_uff_e=664.91_out,-6.5,4.519,2.627
443326_uff_e=664.91_out,-6.5,24.818,22.528
443326_uff_e=664.91_out,-6.2,23.913,22.09
443326_uff_e=664.91_out,-6.2,25.608,23.403
443326_uff_e=664.91_out,-6.2,5.307,2.509
443326_uff_e=664.91_out,-6.2,4.815,2.727
443328_uff_e=625.03_out,-6.1,0.0,0.0
443328_uff_e=625.03_out,-6.1,24.98,22.35
443328_uff_e=625.03_out,-5.9,24.767,21.596
443328_uff_e=625.03_out,-5.9,25.27,23.151
443328_uff_e=625.03_out,-5.8,4.094,1.492
443328_uff_e=625.03_out,-5.8,19.498,15.985
443328_uff_e=625.03_out,-5.7,25.511,21.073
443328_uff_e=625.03_out,-5.7,24.243,20.943
443328_uff_e=625.03_out,-5.7,24.307,21.156
443352_uff_e=1864.81_out,-6.1,0.0,0.0
443352_uff_e=1864.81_out,-6.0,8.809,5.58
443352_uff_e=1864.81_out,-5.9,24.932,22.838
443352_uff_e=1864.81_out,-5.9,25.492,22.614
443352_uff_e=1864.81_out,-5.8,8.288,5.015
443352_uff_e=1864.81_out,-5.8,3.409,1.803
443352_uff_e=1864.81_out,-5.8,8.591,3.891
443352_uff_e=1864.81_out,-5.8,21.469,20.331
443352_uff_e=1864.81_out,-5.8,6.67,3.866
443353_uff_e=440.21_out,-6.5,0.0,0.0
443353_uff_e=440.21_out,-6.1,23.507,21.452
443353_uff_e=440.21_out,-6.1,6.904,1.918
443353_uff_e=440.21_out,-6.1,25.031,22.365
443353_uff_e=440.21_out,-6.0,6.653,3.457
443353_uff_e=440.21_out,-6.0,24.027,21.083
443353_uff_e=440.21_out,-5.9,15.242,9.973
443353_uff_e=440.21_out,-5.9,25.129,23.274
443353_uff_e=440.21_out,-5.9,11.294,8.688
443354_uff_e=456.55_out,-6.5,0.0,0.0
443354_uff_e=456.55_out,-6.3,3.996,1.706
443354_uff_e=456.55_out,-6.1,7.257,2.289
443354_uff_e=456.55_out,-6.1,6.681,3.381
443354_uff_e=456.55_out,-6.1,15.25,10.289
443354_uff_e=456.55_out,-6.1,20.254,18.714
443354_uff_e=456.55_out,-6.0,23.319,21.102
443354_uff_e=456.55_out,-6.0,25.286,23.292
443354_uff_e=456.55_out,-6.0,24.7,22.332
443356_uff_e=680.04_out,-6.8,0.0,0.0
443356_uff_e=680.04_out,-6.7,2.135,1.599
443356_uff_e=680.04_out,-6.6,24.881,22.159
443356_uff_e=680.04_out,-6.4,22.238,20.242
443356_uff_e=680.04_out,-6.4,5.782,2.577
443356_uff_e=680.04_out,-6.3,6.739,3.257
443356_uff_e=680.04_out,-6.2,24.424,22.353
443356_uff_e=680.04_out,-6.2,6.395,2.629
443356_uff_e=680.04_out,-6.2,4.141,2.725
443357_uff_e=2101.99_out,-7.2,0.0,0.0
443357_uff_e=2101.99_out,-6.6,1.998,1.705
443357_uff_e=2101.99_out,-6.5,5.104,2.32
443357_uff_e=2101.99_out,-6.5,24.976,22.826
443357_uff_e=2101.99_out,-6.5,4.684,1.904
443357_uff_e=2101.99_out,-6.4,4.67,2.41
443357_uff_e=2101.99_out,-6.3,11.58,8.798
443357_uff_e=2101.99_out,-6.1,5.143,2.23
443357_uff_e=2101.99_out,-6.0,15.202,12.381
443358_uff_e=2132.53_out,-7.0,0.0,0.0
443358_uff_e=2132.53_out,-6.9,4.491,2.154
443358_uff_e=2132.53_out,-6.5,4.739,2.542
443358_uff_e=2132.53_out,-6.4,11.652,8.858
443358_uff_e=2132.53_out,-6.4,2.362,1.809
443358_uff_e=2132.53_out,-6.2,4.596,2.022
443358_uff_e=2132.53_out,-6.2,25.942,23.526
443358_uff_e=2132.53_out,-5.9,25.128,22.915
443358_uff_e=2132.53_out,-5.8,12.981,10.199
443361_uff_e=463.42_out,-6.9,0.0,0.0
443361_uff_e=463.42_out,-6.8,8.472,6.714
443361_uff_e=463.42_out,-6.7,19.139,16.951
443361_uff_e=463.42_out,-6.6,24.669,22.792
443361_uff_e=463.42_out,-6.5,26.69,25.386
443361_uff_e=463.42_out,-6.5,21.431,18.845
443361_uff_e=463.42_out,-6.5,11.675,6.788
443361_uff_e=463.42_out,-6.4,10.729,7.049
443361_uff_e=463.42_out,-6.3,30.289,27.916
443362_uff_e=473.93_out,-7.0,0.0,0.0
443362_uff_e=473.93_out,-6.9,8.551,6.66
443362_uff_e=473.93_out,-6.8,2.954,1.96
443362_uff_e=473.93_out,-6.7,11.342,6.834
443362_uff_e=473.93_out,-6.6,9.172,4.575
443362_uff_e=473.93_out,-6.5,19.219,16.91
443362_uff_e=473.93_out,-6.4,26.212,23.83
443362_uff_e=473.93_out,-6.4,21.596,18.866
443362_uff_e=473.93_out,-6.4,30.145,27.889
443367_uff_e=717.57_out,-6.4,0.0,0.0
443367_uff_e=717.57_out,-6.3,4.818,2.569
443367_uff_e=717.57_out,-6.3,11.207,8.473
443367_uff_e=717.57_out,-6.2,5.475,3.601
443367_uff_e=717.57_out,-6.1,5.911,3.605
443367_uff_e=717.57_out,-6.1,25.035,23.047
443367_uff_e=717.57_out,-6.1,11.699,7.88
443367_uff_e=717.57_out,-6.0,25.625,23.335
443367_uff_e=717.57_out,-5.8,11.36,7.884
443401_uff_e=700.03_out,-6.9,0.0,0.0
443401_uff_e=700.03_out,-6.4,4.372,2.254
443401_uff_e=700.03_out,-6.3,2.989,2.207
443401_uff_e=700.03_out,-6.2,4.954,2.966
443401_uff_e=700.03_out,-6.2,25.058,22.933
443401_uff_e=700.03_out,-5.9,25.731,23.28
443401_uff_e=700.03_out,-5.9,11.955,9.515
443401_uff_e=700.03_out,-5.9,4.875,2.168
443401_uff_e=700.03_out,-5.9,4.547,2.539
443402_uff_e=684.73_out,-6.6,0.0,0.0
443402_uff_e=684.73_out,-6.2,22.924,20.479
443402_uff_e=684.73_out,-6.2,4.478,2.047
443402_uff_e=684.73_out,-6.0,25.655,22.932
443402_uff_e=684.73_out,-5.9,4.34,2.273
443402_uff_e=684.73_out,-5.8,11.608,9.034
443402_uff_e=684.73_out,-5.8,5.377,2.513
443402_uff_e=684.73_out,-5.7,25.103,22.613
443402_uff_e=684.73_out,-5.7,4.222,1.825
443417_uff_e=2120.88_out,-7.0,0.0,0.0
443417_uff_e=2120.88_out,-6.7,25.041,22.589
443417_uff_e=2120.88_out,-6.4,5.745,1.54
443417_uff_e=2120.88_out,-6.2,11.025,8.331
443417_uff_e=2120.88_out,-6.2,25.482,23.483
443417_uff_e=2120.88_out,-6.1,6.396,2.056
443417_uff_e=2120.88_out,-6.1,24.628,22.491
443417_uff_e=2120.88_out,-6.1,12.151,9.285
443417_uff_e=2120.88_out,-6.1,24.957,22.419
443418_uff_e=529.40_out,-7.7,0.0,0.0
443418_uff_e=529.40_out,-7.5,23.725,22.259
443418_uff_e=529.40_out,-7.5,22.507,20.515
443418_uff_e=529.40_out,-7.4,26.897,24.894
443418_uff_e=529.40_out,-7.4,21.316,17.781
443418_uff_e=529.40_out,-7.3,26.71,24.211
443418_uff_e=529.40_out,-7.3,10.84,3.004
443418_uff_e=529.40_out,-7.2,5.445,3.187
443418_uff_e=529.40_out,-7.0,9.844,3.211
443419_uff_e=624.18_out,-7.2,0.0,0.0
443419_uff_e=624.18_out,-7.1,23.933,20.786
443419_uff_e=624.18_out,-7.0,25.591,23.127
443419_uff_e=624.18_out,-6.9,25.15,21.708
443419_uff_e=624.18_out,-6.8,12.326,5.667
443419_uff_e=624.18_out,-6.8,24.156,20.737
443419_uff_e=624.18_out,-6.7,21.633,18.138
443419_uff_e=624.18_out,-6.7,7.856,5.861
443419_uff_e=624.18_out,-6.7,26.452,22.61
443421_uff_e=393.00_out,-5.6,0.0,0.0
443421_uff_e=393.00_out,-5.6,23.188,20.976
443421_uff_e=393.00_out,-5.6,12.06,9.728
443421_uff_e=393.00_out,-5.6,24.134,22.139
443421_uff_e=393.00_out,-5.5,25.27,21.175
443421_uff_e=393.00_out,-5.5,9.734,8.614
443421_uff_e=393.00_out,-5.5,18.074,15.131
443421_uff_e=393.00_out,-5.5,25.237,21.843
443421_uff_e=393.00_out,-5.5,17.039,15.349
443422_uff_e=544.03_out,-7.5,0.0,0.0
443422_uff_e=544.03_out,-7.1,7.981,1.512
443422_uff_e=544.03_out,-7.0,24.804,22.722
443422_uff_e=544.03_out,-6.8,8.448,1.838
443422_uff_e=544.03_out,-6.5,3.752,1.894
443422_uff_e=544.03_out,-6.3,24.333,22.802
443422_uff_e=544.03_out,-6.3,7.647,1.954
443422_uff_e=544.03_out,-6.3,21.41,18.932
443422_uff_e=544.03_out,-6.2,3.549,2.017
443446_uff_e=685.03_out,-6.3,0.0,0.0
443446_uff_e=685.03_out,-6.2,24.589,22.491
443446_uff_e=685.03_out,-6.1,4.449,2.198
443446_uff_e=685.03_out,-6.0,12.543,8.939
443446_uff_e=685.03_out,-6.0,11.823,8.355
443446_uff_e=685.03_out,-5.9,24.547,22.53
443446_uff_e=685.03_out,-5.9,25.444,23.421
443446_uff_e=685.03_out,-5.8,24.792,22.758
443446_uff_e=685.03_out,-5.8,11.224,8.815
443447_uff_e=580.85_out,-6.7,0.0,0.0
443447_uff_e=580.85_out,-6.5,3.845,2.713
443447_uff_e=580.85_out,-6.4,12.396,9.78
443447_uff_e=580.85_out,-6.4,4.144,1.939
443447_uff_e=580.85_out,-6.3,12.728,9.9
443447_uff_e=580.85_out,-6.1,25.148,22.975
443447_uff_e=580.85_out,-6.0,25.121,22.708
443447_uff_e=580.85_out,-5.9,10.913,8.006
443447_uff_e=580.85_out,-5.9,24.811,22.497
443448_uff_e=604.08_out,-6.8,0.0,0.0
443448_uff_e=604.08_out,-6.5,5.031,2.489
443448_uff_e=604.08_out,-6.4,12.359,9.751
443448_uff_e=604.08_out,-6.2,3.881,2.433
443448_uff_e=604.08_out,-6.2,11.001,8.086
443448_uff_e=604.08_out,-6.2,24.638,22.48
443448_uff_e=604.08_out,-6.0,12.896,10.052
443448_uff_e=604.08_out,-6.0,4.089,2.065
443448_uff_e=604.08_out,-6.0,22.347,20.51
443449_uff_e=2259.24_out,-6.4,0.0,0.0
443449_uff_e=2259.24_out,-6.4,9.814,6.883
443449_uff_e=2259.24_out,-6.3,3.032,2.12
443449_uff_e=2259.24_out,-6.2,9.742,6.8
443449_uff_e=2259.24_out,-6.2,11.769,8.695
443449_uff_e=2259.24_out,-6.2,24.563,22.458
443449_uff_e=2259.24_out,-6.2,10.044,7.97
443449_uff_e=2259.24_out,-6.2,24.994,22.821
443449_uff_e=2259.24_out,-6.0,5.855,2.099
443450_uff_e=661.79_out,-6.5,0.0,0.0
443450_uff_e=661.79_out,-6.4,12.916,9.266
443450_uff_e=661.79_out,-6.2,4.286,1.817
443450_uff_e=661.79_out,-6.1,25.553,23.528
443450_uff_e=661.79_out,-6.1,11.9,8.475
443450_uff_e=661.79_out,-6.0,24.648,22.581
443450_uff_e=661.79_out,-5.9,24.732,22.737
443450_uff_e=661.79_out,-5.8,10.75,7.253
443450_uff_e=661.79_out,-5.8,11.153,8.066
443451_uff_e=691.66_out,-6.6,0.0,0.0
443451_uff_e=691.66_out,-6.6,24.13,22.672
443451_uff_e=691.66_out,-6.4,12.633,8.923
443451_uff_e=691.66_out,-6.2,25.014,23.024
443451_uff_e=691.66_out,-6.0,23.814,21.173
443451_uff_e=691.66_out,-6.0,13.726,12.089
443451_uff_e=691.66_out,-6.0,16.28,14.183
443451_uff_e=691.66_out,-5.9,3.401,2.046
443451_uff_e=691.66_out,-5.9,24.678,22.804
443452_uff_e=717.04_out,-6.3,0.0,0.0
443452_uff_e=717.04_out,-6.2,24.303,22.767
443452_uff_e=717.04_out,-6.0,12.541,9.06
443452_uff_e=717.04_out,-5.9,23.785,21.173
443452_uff_e=717.04_out,-5.9,25.097,23.12
443452_uff_e=717.04_out,-5.9,2.005,1.654
443452_uff_e=717.04_out,-5.9,13.627,11.867
443452_uff_e=717.04_out,-5.8,4.61,2.096
443452_uff_e=717.04_out,-5.6,24.414,22.351
443453_uff_e=686.90_out,-6.1,0.0,0.0
443453_uff_e=686.90_out,-6.0,23.735,21.192
443453_uff_e=686.90_out,-5.9,26.005,23.857
443453_uff_e=686.90_out,-5.9,25.901,23.666
443453_uff_e=686.90_out,-5.8,24.13,21.712
443453_uff_e=686.90_out,-5.8,24.375,21.809
443453_uff_e=686.90_out,-5.7,7.309,4.373
443453_uff_e=686.90_out,-5.6,24.223,21.799
443453_uff_e=686.90_out,-5.6,7.699,4.035
443454_uff_e=627.57_out,-6.2,0.0,0.0
443454_uff_e=627.57_out,-6.2,12.942,10.566
443454_uff_e=627.57_out,-6.0,10.604,8.853
443454_uff_e=627.57_out,-5.9,25.742,23.387
443454_uff_e=627.57_out,-5.7,24.744,22.787
443454_uff_e=627.57_out,-5.6,11.94,9.376
443454_uff_e=627.57_out,-5.6,5.168,2.098
443454_uff_e=627.57_out,-5.5,4.002,1.539
443454_uff_e=627.57_out,-5.4,25.931,23.35
443455_uff_e=841.95_out,-6.1,0.0,0.0
443455_uff_e=841.95_out,-6.0,24.953,22.969
443455_uff_e=841.95_out,-5.9,24.095,22.087
443455_uff_e=841.95_out,-5.8,24.716,22.614
443455_uff_e=841.95_out,-5.8,7.97,4.484
443455_uff_e=841.95_out,-5.8,24.926,22.62
443455_uff_e=841.95_out,-5.7,24.44,22.546
443455_uff_e=841.95_out,-5.7,25.051,23.303
443455_uff_e=841.95_out,-5.7,24.269,22.202
443456_uff_e=795.32_out,-6.6,0.0,0.0
443456_uff_e=795.32_out,-6.4,14.718,12.893
443456_uff_e=795.32_out,-6.4,23.237,20.556
443456_uff_e=795.32_out,-6.4,22.709,19.76
443456_uff_e=795.32_out,-6.4,12.898,10.437
443456_uff_e=795.32_out,-6.3,12.882,10.064
443456_uff_e=795.32_out,-6.3,25.004,23.275
443456_uff_e=795.32_out,-6.2,3.428,2.262
443456_uff_e=795.32_out,-6.2,4.851,2.667
443457_uff_e=766.86_out,-7.2,0.0,0.0
443457_uff_e=766.86_out,-6.5,12.847,10.216
443457_uff_e=766.86_out,-6.4,3.737,1.71
443457_uff_e=766.86_out,-6.3,24.312,22.643
443457_uff_e=766.86_out,-6.3,12.24,9.942
443457_uff_e=766.86_out,-6.2,11.176,8.289
443457_uff_e=766.86_out,-6.2,25.386,23.347
443457_uff_e=766.86_out,-6.2,5.562,2.424
443457_uff_e=766.86_out,-6.0,12.619,10.053
443458_uff_e=815.23_out,-6.7,0.0,0.0
443458_uff_e=815.23_out,-6.6,23.578,21.843
443458_uff_e=815.23_out,-6.4,25.363,23.414
443458_uff_e=815.23_out,-6.4,25.135,23.244
443458_uff_e=815.23_out,-6.3,24.145,22.164
443458_uff_e=815.23_out,-6.2,8.155,5.436
443458_uff_e=815.23_out,-6.1,9.094,6.522
443458_uff_e=815.23_out,-6.1,3.693,2.492
443458_uff_e=815.23_out,-6.1,24.484,22.649
443459_uff_e=793.71_out,-6.6,0.0,0.0
443459_uff_e=793.71_out,-6.6,22.752,19.793
443459_uff_e=793.71_out,-6.5,25.444,23.741
443459_uff_e=793.71_out,-6.4,4.912,1.662
443459_uff_e=793.71_out,-6.3,25.828,23.888
443459_uff_e=793.71_out,-6.3,23.223,20.924
443459_uff_e=793.71_out,-6.3,25.147,23.322
443459_uff_e=793.71_out,-6.3,8.123,5.376
443459_uff_e=793.71_out,-6.2,25.306,23.089
443460_uff_e=766.05_out,-7.1,0.0,0.0
443460_uff_e=766.05_out,-6.5,12.894,10.211
443460_uff_e=766.05_out,-6.5,5.068,2.219
443460_uff_e=766.05_out,-6.3,24.364,22.489
443460_uff_e=766.05_out,-6.2,25.343,23.306
443460_uff_e=766.05_out,-6.2,12.321,9.996
443460_uff_e=766.05_out,-6.2,11.239,8.348
443460_uff_e=766.05_out,-6.1,5.317,2.398
443460_uff_e=766.05_out,-6.0,34.131,32.253
443461_uff_e=781.53_out,-6.8,0.0,0.0
443461_uff_e=781.53_out,-6.5,24.626,23.154
443461_uff_e=781.53_out,-6.5,12.779,10.05
443461_uff_e=781.53_out,-6.4,11.477,8.463
443461_uff_e=781.53_out,-6.4,24.504,22.9
443461_uff_e=781.53_out,-6.4,12.511,10.189
443461_uff_e=781.53_out,-6.3,13.116,10.32
443461_uff_e=781.53_out,-6.2,5.41,2.131
443461_uff_e=781.53_out,-6.2,11.166,8.283
443462_uff_e=606.22_out,-6.6,0.0,0.0
443462_uff_e=606.22_out,-6.4,12.041,9.414
443462_uff_e=606.22_out,-6.4,3.875,2.651
443462_uff_e=606.22_out,-6.4,12.837,9.965
443462_uff_e=606.22_out,-6.4,24.745,22.972
443462_uff_e=606.22_out,-6.3,3.989,1.78
443462_uff_e=606.22_out,-6.3,4.894,2.577
443462_uff_e=606.22_out,-6.2,11.158,8.226
443462_uff_e=606.22_out,-6.1,24.95,22.746
443463_uff_e=629.80_out,-6.7,0.0,0.0
443463_uff_e=629.80_out,-6.4,12.158,9.543
443463_uff_e=629.80_out,-6.4,11.245,8.296
443463_uff_e=629.80_out,-6.3,12.907,10.024
443463_uff_e=629.80_out,-6.1,24.762,23.027
443463_uff_e=629.80_out,-6.1,4.031,2.498
443463_uff_e=629.80_out,-6.1,25.007,23.127
443463_uff_e=629.80_out,-6.0,24.592,22.357
443463_uff_e=629.80_out,-5.9,10.656,7.531
443464_uff_e=814.68_out,-6.6,0.0,0.0
443464_uff_e=814.68_out,-6.3,23.042,20.734
443464_uff_e=814.68_out,-6.2,25.086,23.321
443464_uff_e=814.68_out,-6.2,26.226,24.386
443464_uff_e=814.68_out,-6.2,25.276,22.863
443464_uff_e=814.68_out,-6.2,23.939,20.803
443464_uff_e=814.68_out,-6.2,23.428,20.146
443464_uff_e=814.68_out,-6.1,24.523,20.954
443464_uff_e=814.68_out,-6.0,23.672,21.466
443465_uff_e=636.90_out,-6.6,0.0,0.0
443465_uff_e=636.90_out,-6.5,24.627,22.616
443465_uff_e=636.90_out,-6.3,24.325,22.726
443465_uff_e=636.90_out,-6.1,25.494,23.554
443465_uff_e=636.90_out,-5.9,5.842,2.173
443465_uff_e=636.90_out,-5.9,25.429,23.351
443465_uff_e=636.90_out,-5.9,23.703,20.3
443465_uff_e=636.90_out,-5.9,25.484,23.74
443465_uff_e=636.90_out,-5.9,5.643,3.305
443466_uff_e=470.45_out,-6.6,0.0,0.0
443466_uff_e=470.45_out,-6.5,25.1,23.284
443466_uff_e=470.45_out,-6.4,5.558,2.333
443466_uff_e=470.45_out,-6.3,4.555,2.764
443466_uff_e=470.45_out,-6.2,27.954,24.727
443466_uff_e=470.45_out,-6.2,4.544,2.559
443466_uff_e=470.45_out,-6.1,24.973,23.086
443466_uff_e=470.45_out,-6.0,24.834,23.11
443466_uff_e=470.45_out,-6.0,4.105,2.473
443467_uff_e=519.70_out,-6.4,0.0,0.0
443467_uff_e=519.70_out,-6.3,25.314,23.394
443467_uff_e=519.70_out,-6.2,4.528,2.04
443467_uff_e=519.70_out,-6.1,4.602,2.718
443467_uff_e=519.70_out,-6.0,3.861,1.684
443467_uff_e=519.70_out,-6.0,11.678,9.379
443467_uff_e=519.70_out,-6.0,3.538,2.366
443467_uff_e=519.70_out,-6.0,14.008,12.042
443467_uff_e=519.70_out,-6.0,15.378,12.181
443468_uff_e=684.25_out,-6.7,0.0,0.0
443468_uff_e=684.25_out,-6.5,24.723,22.777
443468_uff_e=684.25_out,-6.5,25.181,23.23
443468_uff_e=684.25_out,-6.5,35.639,33.303
443468_uff_e=684.25_out,-6.4,24.244,21.257
443468_uff_e=684.25_out,-6.4,23.701,20.946
443468_uff_e=684.25_out,-6.4,23.124,20.941
443468_uff_e=684.25_out,-6.2,23.469,20.287
443468_uff_e=684.25_out,-6.2,7.046,3.907
443470_uff_e=321.52_out,-6.8,0.0,0.0
443470_uff_e=321.52_out,-6.6,21.718,19.599
443470_uff_e=321.52_out,-6.6,6.655,1.295
443470_uff_e=321.52_out,-6.5,24.104,22.991
443470_uff_e=321.52_out,-6.5,2.749,1.11
443470_uff_e=321.52_out,-6.5,22.329,19.84
443470_uff_e=321.52_out,-6.5,8.605,3.268
443470_uff_e=321.52_out,-6.5,23.665,22.453
443470_uff_e=321.52_out,-6.4,4.707,2.873
443471_uff_e=354.50_out,-6.8,0.0,0.0
443471_uff_e=354.50_out,-6.6,24.759,22.665
443471_uff_e=354.50_out,-6.5,4.14,2.224
443471_uff_e=354.50_out,-6.5,4.285,2.763
443471_uff_e=354.50_out,-6.4,6.514,1.021
443471_uff_e=354.50_out,-6.4,5.902,2.745
443471_uff_e=354.50_out,-6.3,24.039,22.626
443471_uff_e=354.50_out,-6.2,26.117,22.637
443471_uff_e=354.50_out,-6.1,25.891,22.368
443472_uff_e=356.35_out,-7.2,0.0,0.0
443472_uff_e=356.35_out,-6.6,4.181,2.267
443472_uff_e=356.35_out,-6.5,6.573,0.99
443472_uff_e=356.35_out,-6.5,4.098,2.657
443472_uff_e=356.35_out,-6.5,26.224,22.649
443472_uff_e=356.35_out,-6.4,24.135,22.725
443472_uff_e=356.35_out,-6.4,6.113,1.46
443472_uff_e=356.35_out,-6.3,26.206,22.377
443472_uff_e=356.35_out,-6.3,25.153,22.88
443480_uff_e=754.25_out,-6.5,0.0,0.0
443480_uff_e=754.25_out,-6.3,25.037,22.811
443480_uff_e=754.25_out,-6.2,24.906,23.162
443480_uff_e=754.25_out,-6.2,4.973,2.887
443480_uff_e=754.25_out,-6.2,24.893,23.065
443480_uff_e=754.25_out,-6.1,5.94,2.59
443480_uff_e=754.25_out,-6.0,10.915,7.116
443480_uff_e=754.25_out,-6.0,5.613,3.073
443480_uff_e=754.25_out,-5.9,6.077,2.664
443484_uff_e=682.35_out,-7.2,0.0,0.0
443484_uff_e=682.35_out,-6.3,4.983,1.147
443484_uff_e=682.35_out,-6.2,4.674,1.475
443484_uff_e=682.35_out,-6.1,4.863,1.22
443484_uff_e=682.35_out,-6.1,4.489,1.699
443484_uff_e=682.35_out,-6.0,12.901,9.653
443484_uff_e=682.35_out,-6.0,4.335,1.426
443484_uff_e=682.35_out,-6.0,4.012,1.693
443484_uff_e=682.35_out,-6.0,2.404,1.331
443494_uff_e=678.16_out,-6.4,0.0,0.0
443494_uff_e=678.16_out,-6.0,24.268,22.822
443494_uff_e=678.16_out,-5.9,24.406,22.438
443494_uff_e=678.16_out,-5.9,9.193,6.307
443494_uff_e=678.16_out,-5.9,2.394,1.869
443494_uff_e=678.16_out,-5.8,24.973,23.107
443494_uff_e=678.16_out,-5.8,10.643,8.085
443494_uff_e=678.16_out,-5.7,5.165,2.631
443494_uff_e=678.16_out,-5.7,11.982,8.524
443529_uff_e=76.02_out,-4.7,0.0,0.0
443529_uff_e=76.02_out,-4.7,3.859,1.167
443529_uff_e=76.02_out,-4.5,20.829,20.023
443529_uff_e=76.02_out,-4.5,4.117,1.791
443529_uff_e=76.02_out,-4.4,3.207,1.574
443529_uff_e=76.02_out,-4.4,23.011,21.822
443529_uff_e=76.02_out,-4.3,23.297,22.176
443529_uff_e=76.02_out,-4.2,11.889,10.828
443529_uff_e=76.02_out,-4.2,22.843,21.773
443638_uff_e=204.48_out,-6.7,0.0,0.0
443638_uff_e=204.48_out,-6.4,24.193,22.617
443638_uff_e=204.48_out,-6.4,6.464,3.643
443638_uff_e=204.48_out,-6.3,5.707,4.226
443638_uff_e=204.48_out,-6.2,5.581,4.149
443638_uff_e=204.48_out,-6.1,24.276,22.514
443638_uff_e=204.48_out,-6.0,12.252,10.454
443638_uff_e=204.48_out,-6.0,12.701,11.284
443638_uff_e=204.48_out,-6.0,23.969,21.736
443639_uff_e=225.60_out,-6.3,0.0,0.0
443639_uff_e=225.60_out,-6.2,10.849,9.057
443639_uff_e=225.60_out,-6.0,23.753,22.086
443639_uff_e=225.60_out,-5.9,6.984,1.528
443639_uff_e=225.60_out,-5.9,15.93,13.544
443639_uff_e=225.60_out,-5.9,4.015,2.682
443639_uff_e=225.60_out,-5.9,22.89,21.527
443639_uff_e=225.60_out,-5.9,6.502,3.017
443639_uff_e=225.60_out,-5.8,6.756,2.09
443648_uff_e=561.28_out,-7.4,0.0,0.0
443648_uff_e=561.28_out,-7.3,24.508,21.756
443648_uff_e=561.28_out,-7.2,6.982,3.376
443648_uff_e=561.28_out,-7.2,25.047,21.793
443648_uff_e=561.28_out,-7.1,24.472,22.192
443648_uff_e=561.28_out,-7.1,6.561,2.758
443648_uff_e=561.28_out,-7.1,11.376,7.409
443648_uff_e=561.28_out,-7.1,5.585,1.78
443648_uff_e=561.28_out,-7.1,24.437,22.628
443650_uff_e=574.73_out,-6.9,0.0,0.0
443650_uff_e=574.73_out,-6.8,9.171,5.0
443650_uff_e=574.73_out,-6.7,6.425,2.559
443650_uff_e=574.73_out,-6.6,12.311,8.917
443650_uff_e=574.73_out,-6.6,8.206,2.836
443650_uff_e=574.73_out,-6.5,25.138,23.477
443650_uff_e=574.73_out,-6.5,25.095,23.233
443650_uff_e=574.73_out,-6.5,7.892,3.332
443650_uff_e=574.73_out,-6.5,7.836,3.34
443651_uff_e=650.12_out,-6.8,0.0,0.0
443651_uff_e=650.12_out,-6.7,6.197,2.521
443651_uff_e=650.12_out,-6.6,9.704,5.216
443651_uff_e=650.12_out,-6.5,12.282,8.158
443651_uff_e=650.12_out,-6.5,24.952,22.417
443651_uff_e=650.12_out,-6.4,25.54,23.814
443651_uff_e=650.12_out,-6.4,25.03,23.104
443651_uff_e=650.12_out,-6.4,8.038,2.578
443651_uff_e=650.12_out,-6.3,24.922,22.935
443652_uff_e=732.31_out,-6.4,0.0,0.0
443652_uff_e=732.31_out,-6.4,2.273,0.691
443652_uff_e=732.31_out,-6.3,12.324,7.94
443652_uff_e=732.31_out,-6.3,12.083,7.866
443652_uff_e=732.31_out,-6.3,25.873,22.508
443652_uff_e=732.31_out,-6.3,25.314,22.59
443652_uff_e=732.31_out,-6.3,10.237,6.301
443652_uff_e=732.31_out,-6.2,10.712,7.106
443652_uff_e=732.31_out,-6.2,25.858,22.494
443682_uff_e=637.24_out,-6.6,0.0,0.0
443682_uff_e=637.24_out,-6.2,24.768,22.356
443682_uff_e=637.24_out,-6.2,5.444,2.581
443682_uff_e=637.24_out,-6.2,4.683,2.381
443682_uff_e=637.24_out,-5.9,24.369,21.894
443682_uff_e=637.24_out,-5.9,12.23,10.198
443682_uff_e=637.24_out,-5.9,23.829,22.145
443682_uff_e=637.24_out,-5.8,25.102,22.516
443682_uff_e=637.24_out,-5.8,12.012,10.908
443773_uff_e=617.68_out,-7.0,0.0,0.0
443773_uff_e=617.68_out,-6.9,24.108,21.077
443773_uff_e=617.68_out,-6.9,7.344,3.101
443773_uff_e=617.68_out,-6.8,24.843,22.29
443773_uff_e=617.68_out,-6.6,4.188,2.098
443773_uff_e=617.68_out,-6.6,7.135,3.353
443773_uff_e=617.68_out,-6.5,2.591,1.835
443773_uff_e=617.68_out,-6.5,35.797,33.83
443773_uff_e=617.68_out,-6.5,24.05,20.979
443774_uff_e=532.81_out,-6.9,0.0,0.0
443774_uff_e=532.81_out,-6.9,25.114,22.442
443774_uff_e=532.81_out,-6.6,24.346,22.514
443774_uff_e=532.81_out,-6.6,26.123,22.956
443774_uff_e=532.81_out,-6.5,24.34,21.763
443774_uff_e=532.81_out,-6.4,9.651,6.304
443774_uff_e=532.81_out,-6.4,26.538,23.766
443774_uff_e=532.81_out,-6.4,10.811,7.118
443774_uff_e=532.81_out,-6.4,24.519,21.977
443844_uff_e=368.19_out,-4.7,0.0,0.0
443844_uff_e=368.19_out,-4.6,2.661,1.971
443844_uff_e=368.19_out,-4.5,3.2,2.051
443844_uff_e=368.19_out,-4.5,23.641,22.321
443844_uff_e=368.19_out,-4.4,4.104,2.198
443844_uff_e=368.19_out,-4.4,3.877,2.125
443844_uff_e=368.19_out,-4.4,15.307,14.3
443844_uff_e=368.19_out,-4.3,22.083,20.263
443844_uff_e=368.19_out,-4.3,2.423,1.721
443845_uff_e=347.97_out,-5.4,0.0,0.0
443845_uff_e=347.97_out,-5.3,11.758,10.413
443845_uff_e=347.97_out,-5.2,11.317,10.148
443845_uff_e=347.97_out,-5.2,3.198,1.426
443845_uff_e=347.97_out,-5.1,11.552,10.724
443845_uff_e=347.97_out,-5.1,19.908,19.095
443845_uff_e=347.97_out,-5.0,3.712,2.116
443845_uff_e=347.97_out,-5.0,11.386,10.115
443845_uff_e=347.97_out,-5.0,11.365,10.094
443884_uff_e=513.97_out,-7.2,0.0,0.0
443884_uff_e=513.97_out,-7.2,2.026,1.602
443884_uff_e=513.97_out,-7.0,3.64,3.177
443884_uff_e=513.97_out,-6.6,6.472,3.65
443884_uff_e=513.97_out,-6.5,23.735,22.123
443884_uff_e=513.97_out,-6.5,6.55,3.472
443884_uff_e=513.97_out,-6.3,24.373,21.721
443884_uff_e=513.97_out,-6.3,9.804,6.624
443884_uff_e=513.97_out,-6.2,25.044,22.043
443901_uff_e=655.77_out,-7.3,0.0,0.0
443901_uff_e=655.77_out,-7.0,9.8,4.749
443901_uff_e=655.77_out,-7.0,9.993,4.785
443901_uff_e=655.77_out,-6.9,5.826,2.337
443901_uff_e=655.77_out,-6.9,5.131,1.842
443901_uff_e=655.77_out,-6.8,26.982,23.025
443901_uff_e=655.77_out,-6.8,5.207,1.91
443901_uff_e=655.77_out,-6.8,13.672,9.703
443901_uff_e=655.77_out,-6.7,7.022,3.126
443902_uff_e=249.79_out,-6.7,0.0,0.0
443902_uff_e=249.79_out,-6.6,6.142,1.932
443902_uff_e=249.79_out,-6.5,6.191,2.484
443902_uff_e=249.79_out,-6.3,6.61,3.203
443902_uff_e=249.79_out,-6.3,5.102,2.37
443902_uff_e=249.79_out,-6.2,5.934,2.679
443902_uff_e=249.79_out,-6.1,10.266,7.658
443902_uff_e=249.79_out,-6.1,22.702,20.581
443902_uff_e=249.79_out,-6.1,11.453,7.723
443913_uff_e=572.92_out,-7.3,0.0,0.0
443913_uff_e=572.92_out,-7.3,10.453,6.747
443913_uff_e=572.92_out,-7.0,11.303,7.123
443913_uff_e=572.92_out,-7.0,24.88,23.114
443913_uff_e=572.92_out,-7.0,12.678,8.73
443913_uff_e=572.92_out,-6.9,25.253,23.673
443913_uff_e=572.92_out,-6.9,24.599,21.746
443913_uff_e=572.92_out,-6.9,20.541,16.598
443913_uff_e=572.92_out,-6.8,24.737,23.235
443915_uff_e=579.19_out,-7.1,0.0,0.0
443915_uff_e=579.19_out,-6.7,24.588,22.074
443915_uff_e=579.19_out,-6.6,11.554,7.154
443915_uff_e=579.19_out,-6.6,24.93,23.106
443915_uff_e=579.19_out,-6.5,7.811,3.58
443915_uff_e=579.19_out,-6.3,2.669,1.489
443915_uff_e=579.19_out,-6.3,7.628,2.763
443915_uff_e=579.19_out,-6.3,24.465,20.548
443915_uff_e=579.19_out,-6.2,20.674,16.56
443917_uff_e=734.05_out,-7.4,0.0,0.0
443917_uff_e=734.05_out,-7.2,6.715,2.066
443917_uff_e=734.05_out,-7.2,11.805,5.312
443917_uff_e=734.05_out,-7.2,4.743,1.54
443917_uff_e=734.05_out,-7.2,5.178,2.21
443917_uff_e=734.05_out,-7.1,6.118,2.809
443917_uff_e=734.05_out,-7.0,25.46,21.304
443917_uff_e=734.05_out,-7.0,6.003,2.715
443917_uff_e=734.05_out,-7.0,25.563,22.749
444294_uff_e=393.92_out,-4.9,0.0,0.0
444294_uff_e=393.92_out,-4.7,2.839,0.916
444294_uff_e=393.92_out,-4.6,11.735,10.271
444294_uff_e=393.92_out,-4.6,2.895,1.694
444294_uff_e=393.92_out,-4.5,3.225,1.983
444294_uff_e=393.92_out,-4.4,11.87,10.38
444294_uff_e=393.92_out,-4.4,18.141,16.597
444294_uff_e=393.92_out,-4.3,20.976,19.835
444294_uff_e=393.92_out,-4.3,11.335,9.876
444539_uff_e=87.99_out,-5.2,0.0,0.0
444539_uff_e=87.99_out,-5.2,3.054,2.581
444539_uff_e=87.99_out,-5.1,2.373,2.073
444539_uff_e=87.99_out,-5.0,2.104,1.178
444539_uff_e=87.99_out,-5.0,3.327,2.757
444539_uff_e=87.99_out,-4.9,23.381,22.086
444539_uff_e=87.99_out,-4.9,22.729,21.637
444539_uff_e=87.99_out,-4.9,5.69,2.953
444539_uff_e=87.99_out,-4.7,22.966,21.509
445070_uff_e=168.33_out,-5.6,0.0,0.0
445070_uff_e=168.33_out,-5.3,2.312,1.897
445070_uff_e=168.33_out,-5.3,6.121,3.193
445070_uff_e=168.33_out,-5.1,5.08,3.263
445070_uff_e=168.33_out,-5.1,23.035,20.886
445070_uff_e=168.33_out,-5.0,2.119,1.822
445070_uff_e=168.33_out,-5.0,21.394,18.526
445070_uff_e=168.33_out,-5.0,3.744,3.049
445070_uff_e=168.33_out,-5.0,22.844,20.854
445154_uff_e=172.27_out,-6.2,0.0,0.0
445154_uff_e=172.27_out,-6.2,2.018,0.13
445154_uff_e=172.27_out,-6.1,7.368,1.517
445154_uff_e=172.27_out,-6.1,4.552,3.782
445154_uff_e=172.27_out,-6.0,2.97,1.674
445154_uff_e=172.27_out,-6.0,22.074,21.447
445154_uff_e=172.27_out,-6.0,22.228,21.074
445154_uff_e=172.27_out,-6.0,26.187,23.129
445154_uff_e=172.27_out,-6.0,23.513,21.793
445638_uff_e=89.09_out,-4.3,0.0,0.0
445638_uff_e=89.09_out,-4.2,23.813,21.575
445638_uff_e=89.09_out,-4.2,5.42,2.69
445638_uff_e=89.09_out,-4.2,24.194,21.883
445638_uff_e=89.09_out,-4.1,4.764,2.648
445638_uff_e=89.09_out,-4.1,24.238,22.177
445638_uff_e=89.09_out,-4.0,23.404,21.735
445638_uff_e=89.09_out,-4.0,23.41,21.797
445638_uff_e=89.09_out,-4.0,4.001,2.72
445639_uff_e=78.16_out,-4.6,0.0,0.0
445639_uff_e=78.16_out,-4.3,5.881,2.307
445639_uff_e=78.16_out,-4.3,4.793,2.252
445639_uff_e=78.16_out,-4.3,3.676,1.865
445639_uff_e=78.16_out,-4.2,3.174,1.963
445639_uff_e=78.16_out,-4.1,6.512,3.498
445639_uff_e=78.16_out,-4.1,6.498,2.898
445639_uff_e=78.16_out,-4.1,24.425,22.926
445639_uff_e=78.16_out,-4.1,21.015,16.711
445713_uff_e=833.19_out,-5.4,0.0,0.0
445713_uff_e=833.19_out,-5.3,11.089,9.496
445713_uff_e=833.19_out,-5.3,17.333,15.547
445713_uff_e=833.19_out,-5.3,24.029,21.846
445713_uff_e=833.19_out,-5.3,24.542,22.517
445713_uff_e=833.19_out,-5.2,24.195,23.044
445713_uff_e=833.19_out,-5.2,24.431,22.436
445713_uff_e=833.19_out,-5.2,11.53,10.034
445713_uff_e=833.19_out,-5.2,11.086,9.355
445858_uff_e=177.69_out,-5.5,0.0,0.0
445858_uff_e=177.69_out,-5.1,2.695,1.129
445858_uff_e=177.69_out,-5.1,5.377,1.912
445858_uff_e=177.69_out,-4.9,19.864,19.139
445858_uff_e=177.69_out,-4.9,6.22,1.62
445858_uff_e=177.69_out,-4.9,13.376,10.807
445858_uff_e=177.69_out,-4.8,23.424,22.098
445858_uff_e=177.69_out,-4.8,22.986,21.552
445858_uff_e=177.69_out,-4.8,3.896,2.731
445995_uff_e=768.56_out,-5.5,0.0,0.0
445995_uff_e=768.56_out,-5.5,1.836,1.295
445995_uff_e=768.56_out,-5.4,23.014,21.589
445995_uff_e=768.56_out,-5.3,24.648,23.266
445995_uff_e=768.56_out,-5.2,24.798,23.604
445995_uff_e=768.56_out,-5.2,23.472,22.072
445995_uff_e=768.56_out,-5.1,22.77,21.207
445995_uff_e=768.56_out,-5.1,26.391,25.14
445995_uff_e=768.56_out,-5.1,25.326,23.318
446220_uff_e=426.14_out,-6.1,0.0,0.0
446220_uff_e=426.14_out,-5.7,4.503,3.389
446220_uff_e=426.14_out,-5.6,25.152,23.164
446220_uff_e=426.14_out,-5.6,4.609,3.0
446220_uff_e=426.14_out,-5.5,24.918,23.062
446220_uff_e=426.14_out,-5.5,23.96,22.215
446220_uff_e=426.14_out,-5.5,25.193,23.561
446220_uff_e=426.14_out,-5.5,4.231,2.922
446220_uff_e=426.14_out,-5.4,25.442,23.252
446284_uff_e=178.17_out,-5.3,0.0,0.0
446284_uff_e=178.17_out,-5.3,24.357,21.683
446284_uff_e=178.17_out,-5.2,5.897,2.882
446284_uff_e=178.17_out,-5.1,6.09,3.141
446284_uff_e=178.17_out,-5.1,23.677,21.78
446284_uff_e=178.17_out,-5.0,3.325,2.019
446284_uff_e=178.17_out,-4.9,4.903,3.005
446284_uff_e=178.17_out,-4.9,24.261,21.889
446284_uff_e=178.17_out,-4.9,6.62,3.735
446439_uff_e=459.44_out,-7.9,0.0,0.0
446439_uff_e=459.44_out,-7.6,2.151,1.156
446439_uff_e=459.44_out,-7.5,17.465,1.161
446439_uff_e=459.44_out,-7.4,17.552,0.664
446439_uff_e=459.44_out,-7.2,22.227,19.884
446439_uff_e=459.44_out,-7.2,19.864,6.022
446439_uff_e=459.44_out,-7.0,19.131,12.012
446439_uff_e=459.44_out,-6.9,13.425,6.85
446439_uff_e=459.44_out,-6.9,17.451,12.496
446834_uff_e=184.80_out,-5.4,0.0,0.0
446834_uff_e=184.80_out,-5.2,12.725,10.403
446834_uff_e=184.80_out,-5.2,2.86,0.699
446834_uff_e=184.80_out,-5.2,4.576,2.707
446834_uff_e=184.80_out,-5.1,20.366,19.11
446834_uff_e=184.80_out,-5.0,4.502,2.531
446834_uff_e=184.80_out,-5.0,22.87,21.544
446834_uff_e=184.80_out,-4.9,6.308,1.672
446834_uff_e=184.80_out,-4.9,11.076,9.332
447277_uff_e=899.22_out,-5.4,0.0,0.0
447277_uff_e=899.22_out,-5.1,25.876,23.803
447277_uff_e=899.22_out,-5.1,24.332,21.959
447277_uff_e=899.22_out,-5.0,4.541,1.887
447277_uff_e=899.22_out,-5.0,21.671,19.42
447277_uff_e=899.22_out,-5.0,24.416,21.661
447277_uff_e=899.22_out,-4.9,25.167,23.138
447277_uff_e=899.22_out,-4.9,24.825,22.733
447277_uff_e=899.22_out,-4.9,3.222,1.362
448438_uff_e=3512.67_out,-7.5,0.0,0.0
448438_uff_e=3512.67_out,-7.3,18.667,0.849
448438_uff_e=3512.67_out,-7.2,20.42,7.138
448438_uff_e=3512.67_out,-7.1,18.637,1.359
448438_uff_e=3512.67_out,-7.1,19.948,7.548
448438_uff_e=3512.67_out,-7.1,20.741,6.833
448438_uff_e=3512.67_out,-7.1,31.049,23.343
448438_uff_e=3512.67_out,-7.0,11.927,6.877
448438_uff_e=3512.67_out,-7.0,26.081,23.558
452191_uff_e=453.33_out,-6.8,0.0,0.0
452191_uff_e=453.33_out,-6.5,3.893,2.188
452191_uff_e=453.33_out,-6.4,25.104,22.772
452191_uff_e=453.33_out,-6.2,4.261,2.131
452191_uff_e=453.33_out,-6.2,25.102,22.999
452191_uff_e=453.33_out,-6.2,3.953,2.245
452191_uff_e=453.33_out,-6.1,12.188,10.602
452191_uff_e=453.33_out,-6.1,21.5,20.616
452191_uff_e=453.33_out,-6.1,9.948,8.733
452855_uff_e=507.10_out,-6.1,0.0,0.0
452855_uff_e=507.10_out,-6.0,15.106,12.007
452855_uff_e=507.10_out,-6.0,13.558,11.047
452855_uff_e=507.10_out,-5.8,24.445,21.477
452855_uff_e=507.10_out,-5.8,24.04,20.811
452855_uff_e=507.10_out,-5.8,23.878,20.818
452855_uff_e=507.10_out,-5.6,18.839,14.713
452855_uff_e=507.10_out,-5.6,7.114,3.866
452855_uff_e=507.10_out,-5.6,18.779,15.31
452967_uff_e=504.83_out,-6.5,0.0,0.0
452967_uff_e=504.83_out,-6.4,6.129,1.294
452967_uff_e=504.83_out,-6.4,24.029,22.285
452967_uff_e=504.83_out,-6.1,9.352,6.112
452967_uff_e=504.83_out,-6.1,10.241,7.839
452967_uff_e=504.83_out,-6.1,24.34,22.351
452967_uff_e=504.83_out,-6.0,2.556,2.028
452967_uff_e=504.83_out,-6.0,8.699,5.984
452967_uff_e=504.83_out,-5.9,5.79,3.283
454217_uff_e=2014.82_out,-6.5,0.0,0.0
454217_uff_e=2014.82_out,-6.1,4.834,2.455
454217_uff_e=2014.82_out,-6.1,25.549,22.337
454217_uff_e=2014.82_out,-6.0,24.25,22.219
454217_uff_e=2014.82_out,-6.0,5.486,2.697
454217_uff_e=2014.82_out,-5.7,16.146,13.064
454217_uff_e=2014.82_out,-5.7,25.044,22.666
454217_uff_e=2014.82_out,-5.6,9.495,6.491
454217_uff_e=2014.82_out,-5.6,12.395,8.178
457801_uff_e=595.09_out,-7.0,0.0,0.0
457801_uff_e=595.09_out,-6.9,25.656,22.104
457801_uff_e=595.09_out,-6.9,23.863,21.916
457801_uff_e=595.09_out,-6.8,25.023,22.017
457801_uff_e=595.09_out,-6.7,29.958,25.932
457801_uff_e=595.09_out,-6.6,31.414,26.172
457801_uff_e=595.09_out,-6.6,29.985,27.662
457801_uff_e=595.09_out,-6.5,23.863,22.137
457801_uff_e=595.09_out,-6.5,10.538,5.678
467797_uff_e=696.88_out,-6.2,0.0,0.0
467797_uff_e=696.88_out,-6.1,14.41,10.905
467797_uff_e=696.88_out,-6.1,6.3,2.723
467797_uff_e=696.88_out,-6.1,3.524,2.188
467797_uff_e=696.88_out,-6.1,25.875,23.445
467797_uff_e=696.88_out,-6.0,24.942,22.569
467797_uff_e=696.88_out,-6.0,2.995,2.217
467797_uff_e=696.88_out,-6.0,12.175,8.305
467797_uff_e=696.88_out,-5.9,26.513,23.386
467798_uff_e=844.47_out,-6.1,0.0,0.0
467798_uff_e=844.47_out,-6.1,5.438,3.098
467798_uff_e=844.47_out,-6.0,24.451,20.813
467798_uff_e=844.47_out,-5.9,6.05,2.332
467798_uff_e=844.47_out,-5.8,4.492,2.573
467798_uff_e=844.47_out,-5.8,14.602,10.733
467798_uff_e=844.47_out,-5.8,4.234,2.826
467798_uff_e=844.47_out,-5.8,18.262,15.19
467798_uff_e=844.47_out,-5.8,17.69,15.095
471426_uff_e=896.81_out,-7.3,0.0,0.0
471426_uff_e=896.81_out,-7.2,35.214,32.27
471426_uff_e=896.81_out,-7.0,8.67,2.555
471426_uff_e=896.81_out,-7.0,3.109,2.19
471426_uff_e=896.81_out,-6.9,2.23,1.596
471426_uff_e=896.81_out,-6.9,26.513,23.529
471426_uff_e=896.81_out,-6.9,24.174,21.366
471426_uff_e=896.81_out,-6.8,8.559,2.252
471426_uff_e=896.81_out,-6.8,22.579,19.942
479503_uff_e=250.06_out,-6.3,0.0,0.0
479503_uff_e=250.06_out,-6.2,38.339,36.53
479503_uff_e=250.06_out,-6.1,20.395,18.548
479503_uff_e=250.06_out,-6.1,24.112,21.264
479503_uff_e=250.06_out,-6.1,24.687,21.628
479503_uff_e=250.06_out,-6.1,23.906,23.229
479503_uff_e=250.06_out,-6.1,23.896,22.726
479503_uff_e=250.06_out,-6.0,26.022,22.865
479503_uff_e=250.06_out,-6.0,12.177,9.381
637213_uff_e=452.49_out,-7.1,0.0,0.0
637213_uff_e=452.49_out,-7.0,25.088,23.34
637213_uff_e=452.49_out,-7.0,10.883,7.552
637213_uff_e=452.49_out,-6.9,24.164,19.191
637213_uff_e=452.49_out,-6.9,23.942,17.89
637213_uff_e=452.49_out,-6.8,5.795,3.413
637213_uff_e=452.49_out,-6.8,22.964,18.416
637213_uff_e=452.49_out,-6.7,24.425,21.565
637213_uff_e=452.49_out,-6.7,23.969,18.469
637511_uff_e=78.64_out,-5.1,0.0,0.0
637511_uff_e=78.64_out,-5.0,1.626,0.642
637511_uff_e=78.64_out,-4.9,4.556,3.419
637511_uff_e=78.64_out,-4.9,2.622,2.384
637511_uff_e=78.64_out,-4.8,4.457,3.166
637511_uff_e=78.64_out,-4.6,3.838,2.888
637511_uff_e=78.64_out,-4.4,5.128,3.532
637511_uff_e=78.64_out,-4.4,5.492,3.176
637511_uff_e=78.64_out,-4.4,23.179,21.845
637540_uff_e=103.23_out,-5.4,0.0,0.0
637540_uff_e=103.23_out,-5.3,2.417,1.934
637540_uff_e=103.23_out,-5.3,22.622,21.221
637540_uff_e=103.23_out,-5.1,3.491,2.871
637540_uff_e=103.23_out,-5.1,2.88,2.131
637540_uff_e=103.23_out,-5.0,3.058,2.638
637540_uff_e=103.23_out,-5.0,2.209,1.649
637540_uff_e=103.23_out,-4.9,5.227,2.413
637540_uff_e=103.23_out,-4.7,15.269,14.16
637542_uff_e=91.81_out,-5.3,0.0,0.0
637542_uff_e=91.81_out,-5.3,1.399,0.064
637542_uff_e=91.81_out,-5.3,3.656,2.986
637542_uff_e=91.81_out,-5.1,5.083,3.024
637542_uff_e=91.81_out,-4.9,23.287,21.415
637542_uff_e=91.81_out,-4.8,19.302,18.85
637542_uff_e=91.81_out,-4.8,14.273,13.94
637542_uff_e=91.81_out,-4.7,4.94,3.612
637542_uff_e=91.81_out,-4.7,23.334,21.485
637563_uff_e=98.36_out,-5.1,0.0,0.0
637563_uff_e=98.36_out,-4.9,5.429,3.327
637563_uff_e=98.36_out,-4.8,5.347,2.467
637563_uff_e=98.36_out,-4.6,23.047,22.266
637563_uff_e=98.36_out,-4.6,23.109,22.314
637563_uff_e=98.36_out,-4.5,22.498,20.879
637563_uff_e=98.36_out,-4.5,21.769,20.445
637563_uff_e=98.36_out,-4.5,23.254,21.902
637563_uff_e=98.36_out,-4.5,4.647,2.825
637566_uff_e=109.01_out,-4.4,0.0,0.0
637566_uff_e=109.01_out,-4.3,4.533,2.493
637566_uff_e=109.01_out,-4.3,25.658,23.358
637566_uff_e=109.01_out,-4.2,4.801,3.588
637566_uff_e=109.01_out,-4.2,22.496,21.581
637566_uff_e=109.01_out,-4.2,22.469,21.251
637566_uff_e=109.01_out,-4.1,5.252,2.903
637566_uff_e=109.01_out,-4.1,24.524,22.966
637566_uff_e=109.01_out,-4.1,22.482,20.684
637775_uff_e=207.73_out,-5.5,0.0,0.0
637775_uff_e=207.73_out,-5.3,3.38,0.321
637775_uff_e=207.73_out,-5.1,20.61,19.229
637775_uff_e=207.73_out,-4.9,20.611,19.183
637775_uff_e=207.73_out,-4.9,22.075,20.408
637775_uff_e=207.73_out,-4.9,22.048,20.481
637775_uff_e=207.73_out,-4.9,22.794,22.141
637775_uff_e=207.73_out,-4.9,10.634,8.773
637775_uff_e=207.73_out,-4.8,10.19,8.791
637858_uff_e=444.20_out,-6.1,0.0,0.0
637858_uff_e=444.20_out,-6.0,2.705,0.389
637858_uff_e=444.20_out,-6.0,19.892,17.303
637858_uff_e=444.20_out,-6.0,21.19,17.563
637858_uff_e=444.20_out,-6.0,21.085,19.419
637858_uff_e=444.20_out,-5.9,3.537,2.589
637858_uff_e=444.20_out,-5.9,20.025,17.294
637858_uff_e=444.20_out,-5.9,8.322,2.41
637858_uff_e=444.20_out,-5.8,23.967,21.75
638011_uff_e=70.98_out,-4.7,0.0,0.0
638011_uff_e=70.98_out,-4.6,5.645,2.857
638011_uff_e=70.98_out,-4.6,5.446,3.336
638011_uff_e=70.98_out,-4.5,3.877,2.303
638011_uff_e=70.98_out,-4.5,22.402,20.902
638011_uff_e=70.98_out,-4.3,4.675,2.486
638011_uff_e=70.98_out,-4.3,5.744,3.942
638011_uff_e=70.98_out,-4.3,22.652,21.66
638011_uff_e=70.98_out,-4.3,5.265,2.55
638012_uff_e=185.49_out,-5.0,0.0,0.0
638012_uff_e=185.49_out,-5.0,3.597,2.072
638012_uff_e=185.49_out,-4.8,2.865,1.867
638012_uff_e=185.49_out,-4.8,3.791,1.754
638012_uff_e=185.49_out,-4.8,4.415,1.734
638012_uff_e=185.49_out,-4.7,24.321,23.04
638012_uff_e=185.49_out,-4.7,21.657,20.187
638012_uff_e=185.49_out,-4.7,21.559,20.06
638012_uff_e=185.49_out,-4.6,3.138,2.323
638014_uff_e=245.23_out,-6.0,0.0,0.0
638014_uff_e=245.23_out,-5.9,3.926,2.123
638014_uff_e=245.23_out,-5.3,3.358,2.002
638014_uff_e=245.23_out,-5.2,22.279,21.03
638014_uff_e=245.23_out,-5.2,22.348,21.552
638014_uff_e=245.23_out,-5.0,5.587,2.278
638014_uff_e=245.23_out,-5.0,4.232,2.706
638014_uff_e=245.23_out,-5.0,4.147,1.935
638014_uff_e=245.23_out,-4.9,3.316,2.174
638024_uff_e=309.40_out,-6.9,0.0,0.0
638024_uff_e=309.40_out,-6.8,20.302,18.425
638024_uff_e=309.40_out,-6.6,22.305,19.135
638024_uff_e=309.40_out,-6.5,10.486,7.628
638024_uff_e=309.40_out,-6.3,23.261,20.968
638024_uff_e=309.40_out,-6.2,8.962,3.326
638024_uff_e=309.40_out,-6.1,19.95,18.034
638024_uff_e=309.40_out,-6.1,26.505,25.723
638024_uff_e=309.40_out,-5.9,18.081,15.884
638072_uff_e=256.22_out,-5.0,0.0,0.0
638072_uff_e=256.22_out,-5.0,24.775,22.622
638072_uff_e=256.22_out,-4.9,25.242,23.056
638072_uff_e=256.22_out,-4.9,25.778,22.683
638072_uff_e=256.22_out,-4.8,7.919,2.446
638072_uff_e=256.22_out,-4.7,25.573,22.935
638072_uff_e=256.22_out,-4.7,5.885,2.428
638072_uff_e=256.22_out,-4.7,25.731,22.756
638072_uff_e=256.22_out,-4.6,7.475,3.625
638278_uff_e=311.78_out,-6.5,0.0,0.0
638278_uff_e=311.78_out,-6.1,7.637,2.494
638278_uff_e=311.78_out,-6.1,6.644,3.682
638278_uff_e=311.78_out,-6.0,7.064,3.57
638278_uff_e=311.78_out,-6.0,21.968,19.51
638278_uff_e=311.78_out,-6.0,2.023,1.095
638278_uff_e=311.78_out,-5.9,24.506,22.254
638278_uff_e=311.78_out,-5.8,24.851,22.489
638278_uff_e=311.78_out,-5.8,20.34,18.45
639665_uff_e=481.59_out,-6.5,0.0,0.0
639665_uff_e=481.59_out,-6.3,8.319,2.273
639665_uff_e=481.59_out,-6.2,25.847,23.545
639665_uff_e=481.59_out,-6.2,23.389,20.235
639665_uff_e=481.59_out,-6.1,26.937,24.107
639665_uff_e=481.59_out,-6.1,8.006,2.577
639665_uff_e=481.59_out,-5.9,25.941,23.54
639665_uff_e=481.59_out,-5.9,7.454,2.222
639665_uff_e=481.59_out,-5.9,7.684,1.937
641301_uff_e=82.68_out,-5.1,0.0,0.0
641301_uff_e=82.68_out,-5.1,2.184,2.026
641301_uff_e=82.68_out,-4.9,4.719,2.64
641301_uff_e=82.68_out,-4.8,4.846,2.783
641301_uff_e=82.68_out,-4.6,22.382,20.779
641301_uff_e=82.68_out,-4.6,22.58,21.861
641301_uff_e=82.68_out,-4.5,20.148,19.169
641301_uff_e=82.68_out,-4.4,20.08,19.392
641301_uff_e=82.68_out,-4.3,6.036,2.684
643684_uff_e=131.62_out,-4.8,0.0,0.0
643684_uff_e=131.62_out,-4.8,16.86,13.107
643684_uff_e=131.62_out,-4.6,22.487,20.664
643684_uff_e=131.62_out,-4.6,15.665,12.942
643684_uff_e=131.62_out,-4.6,21.801,19.492
643684_uff_e=131.62_out,-4.4,23.788,21.353
643684_uff_e=131.62_out,-4.4,14.93,11.376
643684_uff_e=131.62_out,-4.4,20.59,17.211
643684_uff_e=131.62_out,-4.4,13.908,10.151
643733_uff_e=299.42_out,-5.8,0.0,0.0
643733_uff_e=299.42_out,-5.7,20.318,18.924
643733_uff_e=299.42_out,-5.7,21.711,19.291
643733_uff_e=299.42_out,-5.6,25.923,23.92
643733_uff_e=299.42_out,-5.6,2.44,1.556
643733_uff_e=299.42_out,-5.5,22.716,21.438
643733_uff_e=299.42_out,-5.4,22.485,20.694
643733_uff_e=299.42_out,-5.3,23.0,21.036
643733_uff_e=299.42_out,-5.3,9.275,4.457
643779_uff_e=108.04_out,-4.9,0.0,0.0
643779_uff_e=108.04_out,-4.7,2.503,1.874
643779_uff_e=108.04_out,-4.6,3.249,2.15
643779_uff_e=108.04_out,-4.6,3.467,2.33
643779_uff_e=108.04_out,-4.6,5.281,2.735
643779_uff_e=108.04_out,-4.5,2.627,1.708
643779_uff_e=108.04_out,-4.5,4.969,2.7
643779_uff_e=108.04_out,-4.4,22.541,20.903
643779_uff_e=108.04_out,-4.4,4.305,2.159
643820_uff_e=105.11_out,-5.0,0.0,0.0
643820_uff_e=105.11_out,-4.8,2.312,1.591
643820_uff_e=105.11_out,-4.8,3.412,2.306
643820_uff_e=105.11_out,-4.7,3.51,2.333
643820_uff_e=105.11_out,-4.7,3.044,2.138
643820_uff_e=105.11_out,-4.7,5.169,2.505
643820_uff_e=105.11_out,-4.7,4.764,2.754
643820_uff_e=105.11_out,-4.6,3.877,2.363
643820_uff_e=105.11_out,-4.5,22.19,20.816
644019_uff_e=251.45_out,-6.1,0.0,0.0
644019_uff_e=251.45_out,-6.1,26.04,22.067
644019_uff_e=251.45_out,-6.0,23.187,20.811
644019_uff_e=251.45_out,-5.9,25.678,22.445
644019_uff_e=251.45_out,-5.8,23.32,20.907
644019_uff_e=251.45_out,-5.8,21.643,18.044
644019_uff_e=251.45_out,-5.8,21.608,17.945
644019_uff_e=251.45_out,-5.7,7.395,2.133
644019_uff_e=251.45_out,-5.6,26.127,22.446
644020_uff_e=219.55_out,-6.2,0.0,0.0
644020_uff_e=219.55_out,-5.5,23.28,20.985
644020_uff_e=219.55_out,-5.4,17.616,16.235
644020_uff_e=219.55_out,-5.4,23.217,20.597
644020_uff_e=219.55_out,-5.4,23.977,22.589
644020_uff_e=219.55_out,-5.4,23.494,20.888
644020_uff_e=219.55_out,-5.3,23.56,21.024
644020_uff_e=219.55_out,-5.2,18.307,16.533
644020_uff_e=219.55_out,-5.2,24.214,22.639
656493_uff_e=531.16_out,-7.2,0.0,0.0
656493_uff_e=531.16_out,-7.0,6.815,4.104
656493_uff_e=531.16_out,-6.8,8.426,5.808
656493_uff_e=531.16_out,-6.8,26.004,22.94
656493_uff_e=531.16_out,-6.8,2.071,1.251
656493_uff_e=531.16_out,-6.7,27.257,24.669
656493_uff_e=531.16_out,-6.7,17.138,13.499
656493_uff_e=531.16_out,-6.6,23.625,21.5
656493_uff_e=531.16_out,-6.6,24.06,21.52
656496_uff_e=177.80_out,-6.5,0.0,0.0
656496_uff_e=177.80_out,-6.3,5.171,1.154
656496_uff_e=177.80_out,-5.8,5.027,2.422
656496_uff_e=177.80_out,-5.7,3.958,2.352
656496_uff_e=177.80_out,-5.6,5.05,1.477
656496_uff_e=177.80_out,-5.6,22.865,21.171
656496_uff_e=177.80_out,-5.5,22.277,20.874
656496_uff_e=177.80_out,-5.4,4.688,1.913
656496_uff_e=177.80_out,-5.4,24.884,22.075
656498_uff_e=756.95_out,-6.6,0.0,0.0
656498_uff_e=756.95_out,-6.2,5.141,3.371
656498_uff_e=756.95_out,-6.0,23.572,20.758
656498_uff_e=756.95_out,-6.0,24.809,23.284
656498_uff_e=756.95_out,-5.9,2.092,1.368
656498_uff_e=756.95_out,-5.9,4.66,3.215
656498_uff_e=756.95_out,-5.9,25.09,23.089
656498_uff_e=756.95_out,-5.8,25.251,23.637
656498_uff_e=756.95_out,-5.8,10.821,8.184
656506_uff_e=883.04_out,-6.5,0.0,0.0
656506_uff_e=883.04_out,-6.5,23.133,20.964
656506_uff_e=883.04_out,-6.5,23.741,22.107
656506_uff_e=883.04_out,-6.4,26.099,23.802
656506_uff_e=883.04_out,-6.4,23.346,21.812
656506_uff_e=883.04_out,-6.4,25.172,22.877
656506_uff_e=883.04_out,-6.3,23.005,21.432
656506_uff_e=883.04_out,-6.3,5.589,3.764
656506_uff_e=883.04_out,-6.3,26.624,24.048
656516_uff_e=552.96_out,-6.2,0.0,0.0
656516_uff_e=552.96_out,-6.2,6.471,2.605
656516_uff_e=552.96_out,-6.1,13.481,10.129
656516_uff_e=552.96_out,-6.0,12.063,8.254
656516_uff_e=552.96_out,-6.0,2.314,1.178
656516_uff_e=552.96_out,-5.9,27.177,24.227
656516_uff_e=552.96_out,-5.9,12.3,8.617
656516_uff_e=552.96_out,-5.8,13.408,10.104
656516_uff_e=552.96_out,-5.8,13.811,10.018
656519_uff_e=469.90_out,-6.0,0.0,0.0
656519_uff_e=469.90_out,-5.7,13.099,10.147
656519_uff_e=469.90_out,-5.7,12.876,9.264
656519_uff_e=469.90_out,-5.7,12.356,9.362
656519_uff_e=469.90_out,-5.5,15.382,11.586
656519_uff_e=469.90_out,-5.3,15.581,11.702
656519_uff_e=469.90_out,-5.3,16.994,14.534
656519_uff_e=469.90_out,-5.3,11.523,8.814
656519_uff_e=469.90_out,-5.3,12.682,9.444
656520_uff_e=277.22_out,-5.0,0.0,0.0
656520_uff_e=277.22_out,-4.9,3.225,1.646
656520_uff_e=277.22_out,-4.9,14.275,12.304
656520_uff_e=277.22_out,-4.9,23.02,21.854
656520_uff_e=277.22_out,-4.8,6.42,4.023
656520_uff_e=277.22_out,-4.7,22.484,20.308
656520_uff_e=277.22_out,-4.7,13.256,10.79
656520_uff_e=277.22_out,-4.7,24.269,22.55
656520_uff_e=277.22_out,-4.6,6.01,3.672
656521_uff_e=594.93_out,-6.8,0.0,0.0
656521_uff_e=594.93_out,-6.8,20.645,16.517
656521_uff_e=594.93_out,-6.8,22.061,18.179
656521_uff_e=594.93_out,-6.7,22.383,18.504
656521_uff_e=594.93_out,-6.7,28.46,24.604
656521_uff_e=594.93_out,-6.7,20.018,16.77
656521_uff_e=594.93_out,-6.7,10.384,2.65
656521_uff_e=594.93_out,-6.6,9.281,2.512
656521_uff_e=594.93_out,-6.6,7.477,4.916
656523_uff_e=795.59_out,-6.0,0.0,0.0
656523_uff_e=795.59_out,-5.7,23.46,21.882
656523_uff_e=795.59_out,-5.6,1.54,1.396
656523_uff_e=795.59_out,-5.3,6.213,2.389
656523_uff_e=795.59_out,-5.3,6.513,2.744
656523_uff_e=795.59_out,-5.2,5.257,2.828
656523_uff_e=795.59_out,-5.2,6.486,3.379
656523_uff_e=795.59_out,-5.2,1.9,1.512
656523_uff_e=795.59_out,-5.1,24.049,20.859
656525_uff_e=754.55_out,-5.7,0.0,0.0
656525_uff_e=754.55_out,-5.3,2.117,1.741
656525_uff_e=754.55_out,-5.3,7.745,3.575
656525_uff_e=754.55_out,-5.3,23.099,20.815
656525_uff_e=754.55_out,-5.1,21.788,18.475
656525_uff_e=754.55_out,-5.1,2.352,1.579
656525_uff_e=754.55_out,-5.1,5.736,3.664
656525_uff_e=754.55_out,-5.1,5.501,3.125
656525_uff_e=754.55_out,-5.1,22.18,20.186
656527_uff_e=697.52_out,-5.9,0.0,0.0
656527_uff_e=697.52_out,-5.5,23.042,21.585
656527_uff_e=697.52_out,-5.3,5.097,3.364
656527_uff_e=697.52_out,-5.3,1.863,0.974
656527_uff_e=697.52_out,-5.2,23.226,21.398
656527_uff_e=697.52_out,-5.1,21.565,18.321
656527_uff_e=697.52_out,-5.1,11.137,7.887
656527_uff_e=697.52_out,-5.1,22.933,21.132
656527_uff_e=697.52_out,-5.1,21.421,18.452
656531_uff_e=1150.78_out,-5.8,0.0,0.0
656531_uff_e=1150.78_out,-5.8,21.961,19.954
656531_uff_e=1150.78_out,-5.8,23.304,21.684
656531_uff_e=1150.78_out,-5.5,20.083,17.629
656531_uff_e=1150.78_out,-5.4,24.075,22.305
656531_uff_e=1150.78_out,-5.3,5.213,2.652
656531_uff_e=1150.78_out,-5.3,22.872,20.169
656531_uff_e=1150.78_out,-5.2,2.128,1.649
656531_uff_e=1150.78_out,-5.2,19.913,17.342
656537_uff_e=734.89_out,-5.4,0.0,0.0
656537_uff_e=734.89_out,-5.2,23.068,21.099
656537_uff_e=734.89_out,-5.2,23.139,21.515
656537_uff_e=734.89_out,-5.2,2.097,1.562
656537_uff_e=734.89_out,-5.1,3.916,2.498
656537_uff_e=734.89_out,-5.0,15.789,13.995
656537_uff_e=734.89_out,-5.0,5.14,3.817
656537_uff_e=734.89_out,-5.0,3.031,1.531
656537_uff_e=734.89_out,-4.9,20.483,18.619
656539_uff_e=742.27_out,-5.7,0.0,0.0
656539_uff_e=742.27_out,-5.5,2.256,1.517
656539_uff_e=742.27_out,-5.3,23.29,21.75
656539_uff_e=742.27_out,-5.2,21.777,18.488
656539_uff_e=742.27_out,-5.2,5.555,3.196
656539_uff_e=742.27_out,-5.1,5.579,3.485
656539_uff_e=742.27_out,-5.1,22.237,20.468
656539_uff_e=742.27_out,-5.1,2.093,1.715
656539_uff_e=742.27_out,-5.0,22.928,21.133
656541_uff_e=1149.99_out,-6.0,0.0,0.0
656541_uff_e=1149.99_out,-5.5,24.119,22.84
656541_uff_e=1149.99_out,-5.4,7.797,2.588
656541_uff_e=1149.99_out,-5.4,5.753,2.774
656541_uff_e=1149.99_out,-5.4,24.8,23.395
656541_uff_e=1149.99_out,-5.4,4.887,2.416
656541_uff_e=1149.99_out,-5.4,2.511,1.924
656541_uff_e=1149.99_out,-5.4,2.955,1.922
656541_uff_e=1149.99_out,-5.4,23.919,21.698
656543_uff_e=795.61_out,-5.6,0.0,0.0
656543_uff_e=795.61_out,-5.5,23.439,21.874
656543_uff_e=795.61_out,-5.5,1.933,1.461
656543_uff_e=795.61_out,-5.2,24.34,23.089
656543_uff_e=795.61_out,-5.1,23.766,22.413
656543_uff_e=795.61_out,-5.1,5.095,2.624
656543_uff_e=795.61_out,-5.1,23.826,22.437
656543_uff_e=795.61_out,-5.1,19.931,17.859
656543_uff_e=795.61_out,-5.0,23.577,21.809
656545_uff_e=750.93_out,-5.6,0.0,0.0
656545_uff_e=750.93_out,-5.2,23.219,21.693
656545_uff_e=750.93_out,-5.2,22.971,21.216
656545_uff_e=750.93_out,-5.1,22.496,20.49
656545_uff_e=750.93_out,-5.0,2.254,1.794
656545_uff_e=750.93_out,-5.0,5.13,3.465
656545_uff_e=750.93_out,-5.0,23.979,22.288
656545_uff_e=750.93_out,-4.9,23.971,22.442
656545_uff_e=750.93_out,-4.9,5.167,3.331
656547_uff_e=699.17_out,-5.7,0.0,0.0
656547_uff_e=699.17_out,-5.7,22.165,21.037
656547_uff_e=699.17_out,-5.4,14.113,12.011
656547_uff_e=699.17_out,-5.2,12.488,10.616
656547_uff_e=699.17_out,-5.2,22.551,21.598
656547_uff_e=699.17_out,-5.1,11.218,9.242
656547_uff_e=699.17_out,-5.1,13.465,10.191
656547_uff_e=699.17_out,-5.1,11.155,9.072
656547_uff_e=699.17_out,-5.1,10.929,8.603
656555_uff_e=769.97_out,-6.8,0.0,0.0
656555_uff_e=769.97_out,-6.5,2.39,1.676
656555_uff_e=769.97_out,-6.5,22.649,19.293
656555_uff_e=769.97_out,-6.2,7.411,3.791
656555_uff_e=769.97_out,-6.2,3.131,1.682
656555_uff_e=769.97_out,-6.1,5.55,3.673
656555_uff_e=769.97_out,-6.1,10.563,7.402
656555_uff_e=769.97_out,-6.1,29.047,28.155
656555_uff_e=769.97_out,-6.1,4.855,3.183
656557_uff_e=806.63_out,-6.0,0.0,0.0
656557_uff_e=806.63_out,-5.9,1.273,0.872
656557_uff_e=806.63_out,-5.5,7.764,2.754
656557_uff_e=806.63_out,-5.5,19.608,17.145
656557_uff_e=806.63_out,-5.5,2.63,2.052
656557_uff_e=806.63_out,-5.4,1.967,1.641
656557_uff_e=806.63_out,-5.4,4.981,2.573
656557_uff_e=806.63_out,-5.3,5.91,2.499
656557_uff_e=806.63_out,-5.2,24.356,22.046
656565_uff_e=901.64_out,-6.3,0.0,0.0
656565_uff_e=901.64_out,-6.3,2.362,1.433
656565_uff_e=901.64_out,-6.2,24.335,22.543
656565_uff_e=901.64_out,-6.0,7.115,3.666
656565_uff_e=901.64_out,-6.0,23.573,19.781
656565_uff_e=901.64_out,-6.0,25.352,22.838
656565_uff_e=901.64_out,-6.0,2.84,2.273
656565_uff_e=901.64_out,-5.9,4.822,3.133
656565_uff_e=901.64_out,-5.9,20.928,16.421
656568_uff_e=761.95_out,-6.6,0.0,0.0
656568_uff_e=761.95_out,-6.5,1.552,0.852
656568_uff_e=761.95_out,-6.2,5.19,2.484
656568_uff_e=761.95_out,-6.1,24.144,20.97
656568_uff_e=761.95_out,-6.0,22.488,20.691
656568_uff_e=761.95_out,-6.0,5.227,2.754
656568_uff_e=761.95_out,-6.0,2.512,1.586
656568_uff_e=761.95_out,-6.0,24.611,23.35
656568_uff_e=761.95_out,-5.9,2.577,1.796
656743_uff_e=590.64_out,-6.9,0.0,0.0
656743_uff_e=590.64_out,-6.2,26.597,23.715
656743_uff_e=590.64_out,-6.2,25.282,23.709
656743_uff_e=590.64_out,-6.1,24.999,23.012
656743_uff_e=590.64_out,-6.1,25.783,23.442
656743_uff_e=590.64_out,-6.1,11.924,8.961
656743_uff_e=590.64_out,-6.1,25.928,23.738
656743_uff_e=590.64_out,-6.0,12.555,8.659
656743_uff_e=590.64_out,-6.0,25.701,23.5
667639_uff_e=179.50_out,-6.3,0.0,0.0
667639_uff_e=179.50_out,-6.3,1.959,0.089
667639_uff_e=179.50_out,-6.2,20.233,17.01
667639_uff_e=179.50_out,-6.2,8.292,2.926
667639_uff_e=179.50_out,-6.2,8.496,2.928
667639_uff_e=179.50_out,-6.2,25.119,23.217
667639_uff_e=179.50_out,-6.1,20.699,17.435
667639_uff_e=179.50_out,-6.0,24.162,22.882
667639_uff_e=179.50_out,-6.0,7.507,1.111
689043_uff_e=99.66_out,-5.4,0.0,0.0
689043_uff_e=99.66_out,-5.2,2.529,1.56
689043_uff_e=99.66_out,-5.1,5.948,1.345
689043_uff_e=99.66_out,-5.1,19.396,18.902
689043_uff_e=99.66_out,-5.0,3.799,2.494
689043_uff_e=99.66_out,-5.0,20.363,19.628
689043_uff_e=99.66_out,-4.9,14.406,14.134
689043_uff_e=99.66_out,-4.9,13.326,10.995
689043_uff_e=99.66_out,-4.9,22.612,21.574
906426_uff_e=420.81_out,-5.6,0.0,0.0
906426_uff_e=420.81_out,-5.3,2.462,1.2
906426_uff_e=420.81_out,-5.1,24.314,22.585
906426_uff_e=420.81_out,-5.0,24.427,22.889
906426_uff_e=420.81_out,-5.0,3.212,1.569
906426_uff_e=420.81_out,-4.9,17.72,13.963
906426_uff_e=420.81_out,-4.8,24.772,23.01
906426_uff_e=420.81_out,-4.8,24.871,23.088
906426_uff_e=420.81_out,-4.8,24.614,23.211
1201551_uff_e=222.66_out,-5.4,0.0,0.0
1201551_uff_e=222.66_out,-5.3,4.76,1.335
1201551_uff_e=222.66_out,-5.2,23.6,21.086
1201551_uff_e=222.66_out,-5.2,4.707,2.668
1201551_uff_e=222.66_out,-5.1,3.662,2.022
1201551_uff_e=222.66_out,-5.1,10.702,8.746
1201551_uff_e=222.66_out,-5.1,5.293,2.169
1201551_uff_e=222.66_out,-5.1,22.619,21.727
1201551_uff_e=222.66_out,-5.0,3.633,2.048
1548943_uff_e=158.80_out,-5.0,0.0,0.0
1548943_uff_e=158.80_out,-4.9,18.861,16.861
1548943_uff_e=158.80_out,-4.9,14.201,10.73
1548943_uff_e=158.80_out,-4.9,22.904,20.631
1548943_uff_e=158.80_out,-4.8,21.83,20.161
1548943_uff_e=158.80_out,-4.8,19.957,17.949
1548943_uff_e=158.80_out,-4.8,20.41,16.893
1548943_uff_e=158.80_out,-4.7,19.825,17.05
1548943_uff_e=158.80_out,-4.7,15.463,12.654
1549026_uff_e=111.93_out,-4.8,0.0,0.0
1549026_uff_e=111.93_out,-4.8,7.79,6.234
1549026_uff_e=111.93_out,-4.8,24.832,23.043
1549026_uff_e=111.93_out,-4.7,23.539,19.856
1549026_uff_e=111.93_out,-4.7,2.324,1.511
1549026_uff_e=111.93_out,-4.7,25.184,23.481
1549026_uff_e=111.93_out,-4.6,5.487,3.029
1549026_uff_e=111.93_out,-4.6,25.163,23.648
1549026_uff_e=111.93_out,-4.6,5.551,3.304
1549095_uff_e=190.57_out,-5.3,0.0,0.0
1549095_uff_e=190.57_out,-4.9,2.798,1.239
1549095_uff_e=190.57_out,-4.8,5.283,1.633
1549095_uff_e=190.57_out,-4.8,19.834,19.243
1549095_uff_e=190.57_out,-4.7,13.239,10.898
1549095_uff_e=190.57_out,-4.7,3.918,2.795
1549095_uff_e=190.57_out,-4.6,23.496,22.22
1549095_uff_e=190.57_out,-4.6,22.951,21.742
1549095_uff_e=190.57_out,-4.5,22.225,20.652
1549108_uff_e=164.05_out,-4.8,0.0,0.0
1549108_uff_e=164.05_out,-4.8,5.644,2.516
1549108_uff_e=164.05_out,-4.7,18.965,17.249
1549108_uff_e=164.05_out,-4.7,23.564,21.97
1549108_uff_e=164.05_out,-4.7,1.835,1.635
1549108_uff_e=164.05_out,-4.6,6.351,3.168
1549108_uff_e=164.05_out,-4.6,18.952,16.837
1549108_uff_e=164.05_out,-4.6,22.745,21.132
1549108_uff_e=164.05_out,-4.5,24.403,22.831
1794427_uff_e=253.68_out,-6.8,0.0,0.0
1794427_uff_e=253.68_out,-6.8,2.667,1.7
1794427_uff_e=253.68_out,-6.6,9.049,5.687
1794427_uff_e=253.68_out,-6.6,21.746,19.054
1794427_uff_e=253.68_out,-6.4,21.626,18.837
1794427_uff_e=253.68_out,-6.3,8.814,5.563
1794427_uff_e=253.68_out,-6.3,21.02,15.267
1794427_uff_e=253.68_out,-6.3,22.179,19.333
1794427_uff_e=253.68_out,-6.1,2.792,1.463
2723733_uff_e=690.17_out,-5.8,0.0,0.0
2723733_uff_e=690.17_out,-5.2,20.805,18.021
2723733_uff_e=690.17_out,-5.2,22.297,20.696
2723733_uff_e=690.17_out,-5.1,20.36,18.115
2723733_uff_e=690.17_out,-5.1,24.719,23.355
2723733_uff_e=690.17_out,-5.1,29.145,27.887
2723733_uff_e=690.17_out,-5.0,22.848,20.891
2723733_uff_e=690.17_out,-5.0,23.903,22.466
2723733_uff_e=690.17_out,-5.0,22.885,21.149
2724372_uff_e=514.02_out,-6.7,0.0,0.0
2724372_uff_e=514.02_out,-6.1,25.878,23.274
2724372_uff_e=514.02_out,-6.1,22.901,21.812
2724372_uff_e=514.02_out,-6.0,2.833,1.921
2724372_uff_e=514.02_out,-6.0,22.514,21.571
2724372_uff_e=514.02_out,-6.0,24.607,22.372
2724372_uff_e=514.02_out,-6.0,25.49,22.803
2724372_uff_e=514.02_out,-5.9,2.516,1.739
2724372_uff_e=514.02_out,-5.9,25.154,22.369
3008110_uff_e=323.91_out,-6.6,0.0,0.0
3008110_uff_e=323.91_out,-6.5,24.353,23.118
3008110_uff_e=323.91_out,-6.3,12.07,10.341
3008110_uff_e=323.91_out,-6.2,13.322,10.289
3008110_uff_e=323.91_out,-6.2,5.863,1.164
3008110_uff_e=323.91_out,-6.1,24.784,23.21
3008110_uff_e=323.91_out,-6.1,12.194,9.264
3008110_uff_e=323.91_out,-6.0,25.217,23.665
3008110_uff_e=323.91_out,-5.9,5.953,2.154
3033866_uff_e=209.59_out,-5.8,0.0,0.0
3033866_uff_e=209.59_out,-5.7,5.375,1.796
3033866_uff_e=209.59_out,-5.7,3.153,1.898
3033866_uff_e=209.59_out,-5.6,3.477,1.943
3033866_uff_e=209.59_out,-5.6,2.921,1.326
3033866_uff_e=209.59_out,-5.5,4.732,2.76
3033866_uff_e=209.59_out,-5.5,24.065,22.476
3033866_uff_e=209.59_out,-5.5,4.916,1.939
3033866_uff_e=209.59_out,-5.3,4.036,2.275
3034765_uff_e=692.16_out,-5.9,0.0,0.0
3034765_uff_e=692.16_out,-5.5,23.0,21.225
3034765_uff_e=692.16_out,-5.4,22.753,21.425
3034765_uff_e=692.16_out,-5.2,20.259,17.739
3034765_uff_e=692.16_out,-5.2,24.277,22.862
3034765_uff_e=692.16_out,-5.2,22.606,21.558
3034765_uff_e=692.16_out,-5.2,22.974,21.414
3034765_uff_e=692.16_out,-5.2,5.091,3.387
3034765_uff_e=692.16_out,-5.1,23.016,21.844
3035235_uff_e=374.88_out,-6.0,0.0,0.0
3035235_uff_e=374.88_out,-5.5,23.61,21.647
3035235_uff_e=374.88_out,-5.3,24.046,22.468
3035235_uff_e=374.88_out,-5.3,25.507,23.632
3035235_uff_e=374.88_out,-5.2,26.349,24.389
3035235_uff_e=374.88_out,-5.2,24.239,22.929
3035235_uff_e=374.88_out,-5.2,24.924,23.128
3035235_uff_e=374.88_out,-5.2,4.318,2.656
3035235_uff_e=374.88_out,-5.1,26.362,24.494
3080551_uff_e=298.44_out,-6.2,0.0,0.0
3080551_uff_e=298.44_out,-5.8,5.091,2.175
3080551_uff_e=298.44_out,-5.8,3.485,1.941
3080551_uff_e=298.44_out,-5.6,23.323,21.683
3080551_uff_e=298.44_out,-5.4,22.981,21.63
3080551_uff_e=298.44_out,-5.3,25.461,24.201
3080551_uff_e=298.44_out,-5.2,4.443,2.835
3080551_uff_e=298.44_out,-5.2,4.24,1.69
3080551_uff_e=298.44_out,-5.2,4.652,3.219
3082131_uff_e=367.23_out,-6.6,0.0,0.0
3082131_uff_e=367.23_out,-6.4,25.069,23.117
3082131_uff_e=367.23_out,-6.3,5.438,2.616
3082131_uff_e=367.23_out,-6.3,23.579,22.232
3082131_uff_e=367.23_out,-6.2,3.603,2.282
3082131_uff_e=367.23_out,-6.1,25.251,23.463
3082131_uff_e=367.23_out,-6.1,23.781,22.437
3082131_uff_e=367.23_out,-6.1,24.898,23.382
3082131_uff_e=367.23_out,-5.8,4.574,2.384
3083575_uff_e=260.42_out,-6.7,0.0,0.0
3083575_uff_e=260.42_out,-6.5,5.382,1.112
3083575_uff_e=260.42_out,-6.2,25.115,22.242
3083575_uff_e=260.42_out,-6.2,24.255,22.64
3083575_uff_e=260.42_out,-6.1,4.925,1.823
3083575_uff_e=260.42_out,-6.1,23.461,21.404
3083575_uff_e=260.42_out,-6.0,12.421,9.101
3083575_uff_e=260.42_out,-5.9,20.831,19.644
3083575_uff_e=260.42_out,-5.9,25.67,23.238
3083909_uff_e=765.89_out,-7.8,0.0,0.0
3083909_uff_e=765.89_out,-7.8,5.315,0.219
3083909_uff_e=765.89_out,-7.5,4.841,1.979
3083909_uff_e=765.89_out,-7.5,4.678,1.962
3083909_uff_e=765.89_out,-7.5,3.745,1.783
3083909_uff_e=765.89_out,-7.5,4.902,1.788
3083909_uff_e=765.89_out,-7.1,2.862,1.565
3083909_uff_e=765.89_out,-6.9,4.881,1.57
3083909_uff_e=765.89_out,-6.8,3.416,1.187
4369188_uff_e=598.34_out,-7.4,0.0,0.0
4369188_uff_e=598.34_out,-7.4,29.379,26.326
4369188_uff_e=598.34_out,-7.0,17.982,1.266
4369188_uff_e=598.34_out,-7.0,12.422,6.604
4369188_uff_e=598.34_out,-7.0,20.318,17.765
4369188_uff_e=598.34_out,-7.0,19.078,17.04
4369188_uff_e=598.34_out,-7.0,18.16,1.073
4369188_uff_e=598.34_out,-7.0,1.681,0.62
4369188_uff_e=598.34_out,-6.9,23.564,16.454
4479243_uff_e=136.78_out,-4.5,0.0,0.0
4479243_uff_e=136.78_out,-4.4,2.527,1.709
4479243_uff_e=136.78_out,-4.2,14.15,13.481
4479243_uff_e=136.78_out,-4.2,22.507,21.264
4479243_uff_e=136.78_out,-4.1,3.899,2.587
4479243_uff_e=136.78_out,-4.1,11.48,10.426
4479243_uff_e=136.78_out,-4.1,2.648,1.806
4479243_uff_e=136.78_out,-4.1,22.753,21.863
4479243_uff_e=136.78_out,-4.1,11.475,10.685
4837166_uff_e=675.02_out,-6.4,0.0,0.0
4837166_uff_e=675.02_out,-6.2,24.131,22.349
4837166_uff_e=675.02_out,-5.9,25.924,24.208
4837166_uff_e=675.02_out,-5.6,14.351,11.758
4837166_uff_e=675.02_out,-5.6,25.187,23.462
4837166_uff_e=675.02_out,-5.6,26.409,24.567
4837166_uff_e=675.02_out,-5.5,25.229,23.588
4837166_uff_e=675.02_out,-5.5,31.373,28.528
4837166_uff_e=675.02_out,-5.5,26.761,24.802
5271805_uff_e=714.19_out,-9.2,0.0,0.0
5271805_uff_e=714.19_out,-8.5,4.89,1.665
5271805_uff_e=714.19_out,-8.4,2.463,1.225
5271805_uff_e=714.19_out,-8.2,2.42,2.234
5271805_uff_e=714.19_out,-8.2,11.75,6.058
5271805_uff_e=714.19_out,-8.1,9.853,3.609
5271805_uff_e=714.19_out,-8.1,9.739,3.424
5271805_uff_e=714.19_out,-8.1,2.897,2.168
5271805_uff_e=714.19_out,-7.9,29.609,24.386
5273569_uff_e=194.08_out,-6.4,0.0,0.0
5273569_uff_e=194.08_out,-5.6,11.986,10.885
5273569_uff_e=194.08_out,-5.5,4.645,1.409
5273569_uff_e=194.08_out,-5.4,19.977,18.706
5273569_uff_e=194.08_out,-5.4,3.766,2.631
5273569_uff_e=194.08_out,-5.3,11.512,10.629
5273569_uff_e=194.08_out,-5.3,23.019,22.041
5273569_uff_e=194.08_out,-5.2,20.087,18.196
5273569_uff_e=194.08_out,-5.2,14.244,11.327
5273621_uff_e=150.20_out,-6.3,0.0,0.0
5273621_uff_e=150.20_out,-5.9,24.164,22.55
5273621_uff_e=150.20_out,-5.8,6.965,3.424
5273621_uff_e=150.20_out,-5.8,24.12,22.954
5273621_uff_e=150.20_out,-5.8,24.466,22.919
5273621_uff_e=150.20_out,-5.7,23.968,21.832
5273621_uff_e=150.20_out,-5.7,24.93,21.901
5273621_uff_e=150.20_out,-5.6,25.852,23.252
5273621_uff_e=150.20_out,-5.6,2.794,1.178
5273755_uff_e=488.12_out,-6.8,0.0,0.0
5273755_uff_e=488.12_out,-6.5,7.862,3.46
5273755_uff_e=488.12_out,-6.4,7.25,3.051
5273755_uff_e=488.12_out,-6.4,8.253,2.636
5273755_uff_e=488.12_out,-6.3,2.212,1.913
5273755_uff_e=488.12_out,-6.3,1.72,1.43
5273755_uff_e=488.12_out,-6.2,23.352,19.619
5273755_uff_e=488.12_out,-6.2,6.057,2.67
5273755_uff_e=488.12_out,-6.2,8.558,1.714
5280343_uff_e=374.62_out,-6.6,0.0,0.0
5280343_uff_e=374.62_out,-6.5,2.863,2.146
5280343_uff_e=374.62_out,-6.4,26.246,23.28
5280343_uff_e=374.62_out,-6.4,26.058,23.567
5280343_uff_e=374.62_out,-6.4,6.716,2.41
5280343_uff_e=374.62_out,-6.3,11.823,10.464
5280343_uff_e=374.62_out,-6.3,23.881,22.631
5280343_uff_e=374.62_out,-6.3,15.577,14.104
5280343_uff_e=374.62_out,-6.2,7.257,1.707
5280362_uff_e=897.43_out,-6.6,0.0,0.0
5280362_uff_e=897.43_out,-6.5,23.369,22.175
5280362_uff_e=897.43_out,-6.5,6.815,2.4
5280362_uff_e=897.43_out,-6.4,1.104,1.014
5280362_uff_e=897.43_out,-6.3,2.266,1.443
5280362_uff_e=897.43_out,-6.3,4.458,2.433
5280362_uff_e=897.43_out,-6.2,26.11,23.124
5280362_uff_e=897.43_out,-6.2,25.883,23.329
5280362_uff_e=897.43_out,-6.2,22.044,20.395
5280371_uff_e=268.01_out,-6.7,0.0,0.0
5280371_uff_e=268.01_out,-5.9,5.174,1.334
5280371_uff_e=268.01_out,-5.8,20.358,18.978
5280371_uff_e=268.01_out,-5.6,3.227,1.752
5280371_uff_e=268.01_out,-5.6,21.932,20.907
5280371_uff_e=268.01_out,-5.6,16.795,14.638
5280371_uff_e=268.01_out,-5.5,19.967,19.197
5280371_uff_e=268.01_out,-5.4,17.681,14.706
5280371_uff_e=268.01_out,-5.3,22.058,20.818
5280372_uff_e=408.40_out,-6.0,0.0,0.0
5280372_uff_e=408.40_out,-5.8,18.856,14.97
5280372_uff_e=408.40_out,-5.7,27.566,25.646
5280372_uff_e=408.40_out,-5.7,8.669,3.809
5280372_uff_e=408.40_out,-5.6,2.866,1.473
5280372_uff_e=408.40_out,-5.6,19.108,15.32
5280372_uff_e=408.40_out,-5.6,18.76,14.887
5280372_uff_e=408.40_out,-5.5,18.801,15.214
5280372_uff_e=408.40_out,-5.5,18.76,16.8
5280373_uff_e=367.60_out,-6.6,0.0,0.0
5280373_uff_e=367.60_out,-6.3,2.272,0.857
5280373_uff_e=367.60_out,-6.3,6.457,3.64
5280373_uff_e=367.60_out,-6.0,23.607,21.37
5280373_uff_e=367.60_out,-6.0,25.055,22.41
5280373_uff_e=367.60_out,-6.0,6.202,3.428
5280373_uff_e=367.60_out,-5.9,25.051,22.625
5280373_uff_e=367.60_out,-5.8,22.719,21.565
5280373_uff_e=367.60_out,-5.8,9.388,8.89
5280378_uff_e=336.35_out,-6.4,0.0,0.0
5280378_uff_e=336.35_out,-6.2,7.249,3.896
5280378_uff_e=336.35_out,-6.0,23.704,21.874
5280378_uff_e=336.35_out,-5.9,25.107,22.892
5280378_uff_e=336.35_out,-5.8,22.385,21.549
5280378_uff_e=336.35_out,-5.8,7.381,1.644
5280378_uff_e=336.35_out,-5.8,23.27,21.822
5280378_uff_e=336.35_out,-5.7,24.596,22.726
5280378_uff_e=336.35_out,-5.7,24.792,23.352
5280385_uff_e=362.06_out,-5.5,0.0,0.0
5280385_uff_e=362.06_out,-5.5,2.873,0.628
5280385_uff_e=362.06_out,-5.4,2.326,1.737
5280385_uff_e=362.06_out,-5.3,2.977,2.274
5280385_uff_e=362.06_out,-5.2,24.337,21.938
5280385_uff_e=362.06_out,-5.2,5.633,3.433
5280385_uff_e=362.06_out,-5.2,22.064,20.704
5280385_uff_e=362.06_out,-5.2,4.272,2.429
5280385_uff_e=362.06_out,-5.2,9.667,6.702
5280402_uff_e=1426.15_out,-6.8,0.0,0.0
5280402_uff_e=1426.15_out,-6.5,23.603,22.005
5280402_uff_e=1426.15_out,-6.3,7.204,2.532
5280402_uff_e=1426.15_out,-6.3,12.996,11.327
5280402_uff_e=1426.15_out,-6.2,25.179,22.285
5280402_uff_e=1426.15_out,-6.2,7.136,2.236
5280402_uff_e=1426.15_out,-6.1,23.466,22.152
5280402_uff_e=1426.15_out,-6.1,23.545,21.736
5280402_uff_e=1426.15_out,-6.1,23.274,21.639
5280403_uff_e=1428.23_out,-6.8,0.0,0.0
5280403_uff_e=1428.23_out,-6.7,24.633,22.135
5280403_uff_e=1428.23_out,-6.6,19.399,17.774
5280403_uff_e=1428.23_out,-6.5,11.757,9.672
5280403_uff_e=1428.23_out,-6.5,4.729,2.94
5280403_uff_e=1428.23_out,-6.4,8.691,3.319
5280403_uff_e=1428.23_out,-6.4,18.745,17.189
5280403_uff_e=1428.23_out,-6.2,22.762,19.868
5280403_uff_e=1428.23_out,-6.2,16.827,12.936
5280406_uff_e=443.67_out,-6.4,0.0,0.0
5280406_uff_e=443.67_out,-6.4,21.409,18.778
5280406_uff_e=443.67_out,-6.4,21.612,18.869
5280406_uff_e=443.67_out,-6.3,22.173,19.505
5280406_uff_e=443.67_out,-6.2,23.348,20.396
5280406_uff_e=443.67_out,-6.2,23.396,20.395
5280406_uff_e=443.67_out,-6.1,20.601,18.887
5280406_uff_e=443.67_out,-6.1,2.573,0.832
5280406_uff_e=443.67_out,-6.0,21.989,19.228
5280417_uff_e=466.70_out,-6.5,0.0,0.0
5280417_uff_e=466.70_out,-6.3,23.812,21.893
5280417_uff_e=466.70_out,-6.3,2.11,1.516
5280417_uff_e=466.70_out,-6.1,13.358,8.967
5280417_uff_e=466.70_out,-6.0,26.527,23.578
5280417_uff_e=466.70_out,-6.0,8.497,6.245
5280417_uff_e=466.70_out,-6.0,24.089,21.899
5280417_uff_e=466.70_out,-6.0,22.626,21.177
5280417_uff_e=466.70_out,-5.9,23.128,21.371
5280435_uff_e=164.53_out,-4.9,0.0,0.0
5280435_uff_e=164.53_out,-4.6,3.919,2.801
5280435_uff_e=164.53_out,-4.5,24.282,22.383
5280435_uff_e=164.53_out,-4.4,4.198,2.483
5280435_uff_e=164.53_out,-4.4,4.761,1.745
5280435_uff_e=164.53_out,-4.4,4.296,2.223
5280435_uff_e=164.53_out,-4.4,5.209,2.085
5280435_uff_e=164.53_out,-4.3,23.796,22.458
5280435_uff_e=164.53_out,-4.2,4.424,2.412
5280437_uff_e=1573.57_out,-6.7,0.0,0.0
5280437_uff_e=1573.57_out,-6.4,25.882,23.79
5280437_uff_e=1573.57_out,-6.3,23.495,22.151
5280437_uff_e=1573.57_out,-6.2,26.237,22.877
5280437_uff_e=1573.57_out,-6.1,5.657,1.153
5280437_uff_e=1573.57_out,-6.0,4.35,1.856
5280437_uff_e=1573.57_out,-5.9,4.965,1.461
5280437_uff_e=1573.57_out,-5.8,2.283,1.488
5280437_uff_e=1573.57_out,-5.8,25.668,22.505
5280441_uff_e=410.11_out,-7.2,0.0,0.0
5280441_uff_e=410.11_out,-6.8,10.502,6.085
5280441_uff_e=410.11_out,-6.6,12.072,8.08
5280441_uff_e=410.11_out,-6.5,25.281,21.773
5280441_uff_e=410.11_out,-6.5,6.77,4.418
5280441_uff_e=410.11_out,-6.5,2.812,2.38
5280441_uff_e=410.11_out,-6.5,10.544,6.379
5280441_uff_e=410.11_out,-6.5,7.473,2.52
5280441_uff_e=410.11_out,-6.5,24.708,22.748
5280442_uff_e=243.06_out,-6.7,0.0,0.0
5280442_uff_e=243.06_out,-6.7,7.108,3.484
5280442_uff_e=243.06_out,-6.6,23.086,22.453
5280442_uff_e=243.06_out,-6.4,9.619,4.318
5280442_uff_e=243.06_out,-6.4,18.109,14.057
5280442_uff_e=243.06_out,-6.3,22.644,22.128
5280442_uff_e=243.06_out,-6.2,29.342,27.988
5280442_uff_e=243.06_out,-6.1,7.349,2.407
5280442_uff_e=243.06_out,-6.1,23.586,22.603
5280443_uff_e=230.49_out,-6.8,0.0,0.0
5280443_uff_e=230.49_out,-6.8,2.872,1.098
5280443_uff_e=230.49_out,-6.7,24.422,22.878
5280443_uff_e=230.49_out,-6.6,23.071,22.243
5280443_uff_e=230.49_out,-6.5,6.691,3.7
5280443_uff_e=230.49_out,-6.5,6.339,4.58
5280443_uff_e=230.49_out,-6.4,6.054,4.045
5280443_uff_e=230.49_out,-6.3,24.877,23.079
5280443_uff_e=230.49_out,-6.2,24.034,22.702
5280445_uff_e=237.89_out,-6.6,0.0,0.0
5280445_uff_e=237.89_out,-6.6,23.604,21.764
5280445_uff_e=237.89_out,-6.5,22.476,22.015
5280445_uff_e=237.89_out,-6.5,23.993,22.259
5280445_uff_e=237.89_out,-6.5,23.393,21.548
5280445_uff_e=237.89_out,-6.5,22.914,21.699
5280445_uff_e=237.89_out,-6.5,25.595,22.914
5280445_uff_e=237.89_out,-6.4,25.205,23.143
5280445_uff_e=237.89_out,-6.4,24.67,22.645
5280448_uff_e=410.34_out,-6.4,0.0,0.0
5280448_uff_e=410.34_out,-6.2,1.534,0.73
5280448_uff_e=410.34_out,-6.2,6.44,4.006
5280448_uff_e=410.34_out,-6.2,7.446,4.159
5280448_uff_e=410.34_out,-5.9,23.004,21.888
5280448_uff_e=410.34_out,-5.9,10.471,7.792
5280448_uff_e=410.34_out,-5.9,23.68,21.62
5280448_uff_e=410.34_out,-5.8,22.465,21.554
5280448_uff_e=410.34_out,-5.8,27.776,25.874
5280450_uff_e=144.67_out,-4.6,0.0,0.0
5280450_uff_e=144.67_out,-4.4,4.482,1.537
5280450_uff_e=144.67_out,-4.4,23.526,21.592
5280450_uff_e=144.67_out,-4.4,23.64,21.535
5280450_uff_e=144.67_out,-4.3,24.055,22.289
5280450_uff_e=144.67_out,-4.3,5.123,3.962
5280450_uff_e=144.67_out,-4.2,23.548,21.88
5280450_uff_e=144.67_out,-4.2,23.797,21.375
5280450_uff_e=144.67_out,-4.2,25.471,23.574
5280457_uff_e=167.96_out,-6.3,0.0,0.0
5280457_uff_e=167.96_out,-6.2,2.078,0.108
5280457_uff_e=167.96_out,-6.2,25.72,22.523
5280457_uff_e=167.96_out,-6.2,2.383,1.483
5280457_uff_e=167.96_out,-6.1,3.168,1.502
5280457_uff_e=167.96_out,-6.1,25.708,22.552
5280457_uff_e=167.96_out,-6.1,6.849,4.424
5280457_uff_e=167.96_out,-6.0,23.018,21.465
5280457_uff_e=167.96_out,-6.0,4.12,3.26
5280459_uff_e=589.07_out,-7.6,0.0,0.0
5280459_uff_e=589.07_out,-7.4,1.39,0.913
5280459_uff_e=589.07_out,-7.3,24.835,23.283
5280459_uff_e=589.07_out,-7.2,24.521,23.31
5280459_uff_e=589.07_out,-7.1,11.469,8.637
5280459_uff_e=589.07_out,-7.1,6.423,2.929
5280459_uff_e=589.07_out,-7.0,24.894,23.555
5280459_uff_e=589.07_out,-6.9,11.127,7.198
5280459_uff_e=589.07_out,-6.8,25.381,22.484
5280460_uff_e=186.45_out,-6.0,0.0,0.0
5280460_uff_e=186.45_out,-5.4,2.753,1.588
5280460_uff_e=186.45_out,-5.3,19.911,18.735
5280460_uff_e=186.45_out,-5.2,11.632,10.6
5280460_uff_e=186.45_out,-5.2,23.101,20.859
5280460_uff_e=186.45_out,-5.0,19.634,18.777
5280460_uff_e=186.45_out,-5.0,21.798,20.735
5280460_uff_e=186.45_out,-5.0,4.174,2.638
5280460_uff_e=186.45_out,-4.9,5.06,2.266
5280489_uff_e=655.50_out,-7.6,0.0,0.0
5280489_uff_e=655.50_out,-7.5,20.01,6.716
5280489_uff_e=655.50_out,-7.4,1.663,0.536
5280489_uff_e=655.50_out,-7.2,12.565,6.998
5280489_uff_e=655.50_out,-7.1,17.896,0.614
5280489_uff_e=655.50_out,-7.0,30.312,23.145
5280489_uff_e=655.50_out,-7.0,12.122,6.232
5280489_uff_e=655.50_out,-7.0,12.247,6.536
5280489_uff_e=655.50_out,-7.0,2.197,1.111
5280507_uff_e=147.91_out,-5.3,0.0,0.0
5280507_uff_e=147.91_out,-5.3,3.428,0.101
5280507_uff_e=147.91_out,-4.7,18.229,15.18
5280507_uff_e=147.91_out,-4.7,22.41,21.516
5280507_uff_e=147.91_out,-4.6,23.073,21.051
5280507_uff_e=147.91_out,-4.6,10.981,9.272
5280507_uff_e=147.91_out,-4.6,23.115,21.219
5280507_uff_e=147.91_out,-4.6,6.25,2.417
5280507_uff_e=147.91_out,-4.6,23.324,22.063
5280520_uff_e=327.01_out,-6.8,0.0,0.0
5280520_uff_e=327.01_out,-6.7,2.476,1.335
5280520_uff_e=327.01_out,-6.5,6.734,1.45
5280520_uff_e=327.01_out,-6.5,6.133,3.646
5280520_uff_e=327.01_out,-6.4,6.259,4.172
5280520_uff_e=327.01_out,-6.3,5.976,3.511
5280520_uff_e=327.01_out,-6.3,23.348,22.173
5280520_uff_e=327.01_out,-6.2,24.776,22.016
5280520_uff_e=327.01_out,-6.2,23.924,22.377
5280528_uff_e=805.57_out,-5.4,0.0,0.0
5280528_uff_e=805.57_out,-5.2,4.134,1.549
5280528_uff_e=805.57_out,-5.1,2.071,1.276
5280528_uff_e=805.57_out,-5.0,1.971,1.308
5280528_uff_e=805.57_out,-5.0,23.906,22.081
5280528_uff_e=805.57_out,-4.9,22.872,21.219
5280528_uff_e=805.57_out,-4.9,4.15,1.767
5280528_uff_e=805.57_out,-4.9,19.506,17.744
5280528_uff_e=805.57_out,-4.9,2.545,1.226
5280535_uff_e=104.77_out,-5.2,0.0,0.0
5280535_uff_e=104.77_out,-5.2,3.468,2.671
5280535_uff_e=104.77_out,-5.0,2.695,2.138
5280535_uff_e=104.77_out,-5.0,1.764,0.935
5280535_uff_e=104.77_out,-4.6,19.299,18.81
5280535_uff_e=104.77_out,-4.5,22.517,20.715
5280535_uff_e=104.77_out,-4.5,5.306,1.636
5280535_uff_e=104.77_out,-4.5,13.647,12.746
5280535_uff_e=104.77_out,-4.4,22.988,21.114
5280536_uff_e=169.36_out,-5.1,0.0,0.0
5280536_uff_e=169.36_out,-5.0,5.043,1.818
5280536_uff_e=169.36_out,-5.0,2.715,1.039
5280536_uff_e=169.36_out,-4.8,3.796,2.827
5280536_uff_e=169.36_out,-4.8,3.674,2.741
5280536_uff_e=169.36_out,-4.7,19.901,19.278
5280536_uff_e=169.36_out,-4.6,23.627,22.102
5280536_uff_e=169.36_out,-4.6,23.887,21.855
5280536_uff_e=169.36_out,-4.5,11.108,9.584
5280544_uff_e=365.64_out,-6.9,0.0,0.0
5280544_uff_e=365.64_out,-6.8,3.404,1.336
5280544_uff_e=365.64_out,-6.8,5.475,4.015
5280544_uff_e=365.64_out,-6.7,11.71,9.281
5280544_uff_e=365.64_out,-6.6,6.003,4.517
5280544_uff_e=365.64_out,-6.6,24.675,22.813
5280544_uff_e=365.64_out,-6.6,6.438,2.854
5280544_uff_e=365.64_out,-6.6,24.706,22.655
5280544_uff_e=365.64_out,-6.6,12.776,10.537
5280551_uff_e=344.81_out,-6.4,0.0,0.0
5280551_uff_e=344.81_out,-6.3,7.289,3.945
5280551_uff_e=344.81_out,-6.1,6.154,3.69
5280551_uff_e=344.81_out,-6.1,5.301,3.155
5280551_uff_e=344.81_out,-6.0,22.591,21.706
5280551_uff_e=344.81_out,-5.9,22.456,21.354
5280551_uff_e=344.81_out,-5.8,10.492,7.951
5280551_uff_e=344.81_out,-5.8,27.086,25.399
5280551_uff_e=344.81_out,-5.8,22.877,21.247
5280555_uff_e=254.37_out,-6.6,0.0,0.0
5280555_uff_e=254.37_out,-6.5,1.848,1.462
5280555_uff_e=254.37_out,-6.4,22.865,21.24
5280555_uff_e=254.37_out,-6.3,8.389,4.075
5280555_uff_e=254.37_out,-6.3,21.971,19.788
5280555_uff_e=254.37_out,-6.1,23.952,22.582
5280555_uff_e=254.37_out,-6.0,21.418,20.169
5280555_uff_e=254.37_out,-6.0,24.08,22.729
5280555_uff_e=254.37_out,-6.0,24.095,21.94
5280569_uff_e=104.46_out,-6.4,0.0,0.0
5280569_uff_e=104.46_out,-5.6,11.892,10.838
5280569_uff_e=104.46_out,-5.5,21.096,20.643
5280569_uff_e=104.46_out,-5.5,19.63,18.513
5280569_uff_e=104.46_out,-5.5,4.149,0.939
5280569_uff_e=104.46_out,-5.4,19.392,18.633
5280569_uff_e=104.46_out,-5.4,22.554,21.67
5280569_uff_e=104.46_out,-5.3,3.684,2.675
5280569_uff_e=104.46_out,-5.2,14.96,13.532
5280598_uff_e=136.95_out,-5.2,0.0,0.0
5280598_uff_e=136.95_out,-5.0,23.727,22.011
5280598_uff_e=136.95_out,-4.9,23.004,21.387
5280598_uff_e=136.95_out,-4.8,23.196,21.655
5280598_uff_e=136.95_out,-4.8,23.834,21.724
5280598_uff_e=136.95_out,-4.8,24.747,23.673
5280598_uff_e=136.95_out,-4.8,6.059,3.926
5280598_uff_e=136.95_out,-4.7,23.153,21.773
5280598_uff_e=136.95_out,-4.6,23.796,22.295
5280601_uff_e=444.52_out,-7.9,0.0,0.0
5280601_uff_e=444.52_out,-7.8,21.193,19.946
5280601_uff_e=444.52_out,-7.4,11.013,6.725
5280601_uff_e=444.52_out,-7.4,17.958,13.671
5280601_uff_e=444.52_out,-7.3,22.246,20.244
5280601_uff_e=444.52_out,-7.3,8.778,1.94
5280601_uff_e=444.52_out,-7.3,26.078,23.039
5280601_uff_e=444.52_out,-7.3,2.818,1.851
5280601_uff_e=444.52_out,-7.2,9.028,2.44
5280619_uff_e=532.09_out,-6.1,0.0,0.0
5280619_uff_e=532.09_out,-5.8,5.574,2.427
5280619_uff_e=532.09_out,-5.8,24.929,21.865
5280619_uff_e=532.09_out,-5.8,5.87,3.232
5280619_uff_e=532.09_out,-5.7,3.074,2.3
5280619_uff_e=532.09_out,-5.7,4.426,2.781
5280619_uff_e=532.09_out,-5.6,21.095,18.061
5280619_uff_e=532.09_out,-5.6,19.187,16.026
5280619_uff_e=532.09_out,-5.6,11.455,9.922
5280631_uff_e=1965.86_out,-7.0,0.0,0.0
5280631_uff_e=1965.86_out,-6.7,23.447,21.847
5280631_uff_e=1965.86_out,-6.7,1.611,0.964
5280631_uff_e=1965.86_out,-6.4,25.477,22.142
5280631_uff_e=1965.86_out,-6.4,15.632,10.137
5280631_uff_e=1965.86_out,-6.4,23.057,21.471
5280631_uff_e=1965.86_out,-6.3,9.361,3.46
5280631_uff_e=1965.86_out,-6.2,16.317,11.135
5280631_uff_e=1965.86_out,-6.2,9.143,3.112
5280632_uff_e=1967.83_out,-7.1,0.0,0.0
5280632_uff_e=1967.83_out,-6.9,1.401,0.477
5280632_uff_e=1967.83_out,-6.9,21.138,16.797
5280632_uff_e=1967.83_out,-6.8,26.449,23.481
5280632_uff_e=1967.83_out,-6.7,8.047,1.718
5280632_uff_e=1967.83_out,-6.7,8.249,2.188
5280632_uff_e=1967.83_out,-6.7,22.294,19.427
5280632_uff_e=1967.83_out,-6.6,30.097,27.097
5280632_uff_e=1967.83_out,-6.6,8.403,1.95
5280633_uff_e=250.03_out,-6.6,0.0,0.0
5280633_uff_e=250.03_out,-6.6,2.055,1.558
5280633_uff_e=250.03_out,-6.4,22.071,18.677
5280633_uff_e=250.03_out,-6.4,23.546,21.323
5280633_uff_e=250.03_out,-6.3,8.732,5.616
5280633_uff_e=250.03_out,-6.3,22.515,20.187
5280633_uff_e=250.03_out,-6.3,23.471,21.821
5280633_uff_e=250.03_out,-6.3,25.629,23.29
5280633_uff_e=250.03_out,-6.0,8.01,2.171
5280637_uff_e=459.77_out,-7.8,0.0,0.0
5280637_uff_e=459.77_out,-7.8,21.417,20.269
5280637_uff_e=459.77_out,-7.5,25.898,23.612
5280637_uff_e=459.77_out,-7.5,26.532,23.923
5280637_uff_e=459.77_out,-7.5,23.378,20.583
5280637_uff_e=459.77_out,-7.5,25.746,19.871
5280637_uff_e=459.77_out,-7.4,9.565,1.738
5280637_uff_e=459.77_out,-7.4,22.981,19.778
5280637_uff_e=459.77_out,-7.4,22.069,20.879
5280641_uff_e=604.80_out,-6.9,0.0,0.0
5280641_uff_e=604.80_out,-6.8,13.614,9.764
5280641_uff_e=604.80_out,-6.6,14.165,10.069
5280641_uff_e=604.80_out,-6.6,26.0,21.997
5280641_uff_e=604.80_out,-6.5,26.832,23.224
5280641_uff_e=604.80_out,-6.5,12.616,7.591
5280641_uff_e=604.80_out,-6.5,18.871,14.168
5280641_uff_e=604.80_out,-6.5,5.317,2.097
5280641_uff_e=604.80_out,-6.5,13.806,8.907
5280647_uff_e=383.00_out,-6.6,0.0,0.0
5280647_uff_e=383.00_out,-6.5,18.929,16.004
5280647_uff_e=383.00_out,-6.4,24.607,22.983
5280647_uff_e=383.00_out,-6.4,24.253,22.261
5280647_uff_e=383.00_out,-6.3,21.284,19.399
5280647_uff_e=383.00_out,-6.3,2.594,1.573
5280647_uff_e=383.00_out,-6.3,21.109,18.833
5280647_uff_e=383.00_out,-6.3,18.758,16.854
5280647_uff_e=383.00_out,-6.3,23.422,21.763
5280655_uff_e=586.36_out,-6.3,0.0,0.0
5280655_uff_e=586.36_out,-6.1,23.463,22.294
5280655_uff_e=586.36_out,-6.0,7.431,4.43
5280655_uff_e=586.36_out,-6.0,23.924,22.51
5280655_uff_e=586.36_out,-6.0,21.464,20.014
5280655_uff_e=586.36_out,-6.0,11.967,8.478
5280655_uff_e=586.36_out,-5.9,27.162,25.742
5280655_uff_e=586.36_out,-5.9,27.386,24.252
5280655_uff_e=586.36_out,-5.9,24.957,22.46
5280666_uff_e=320.24_out,-6.8,0.0,0.0
5280666_uff_e=320.24_out,-6.7,6.932,3.266
5280666_uff_e=320.24_out,-6.6,23.298,21.63
5280666_uff_e=320.24_out,-6.5,23.031,21.381
5280666_uff_e=320.24_out,-6.4,7.067,3.401
5280666_uff_e=320.24_out,-6.4,23.018,22.128
5280666_uff_e=320.24_out,-6.4,18.656,14.421
5280666_uff_e=320.24_out,-6.3,7.442,4.594
5280666_uff_e=320.24_out,-6.3,7.494,4.565
5280681_uff_e=452.18_out,-6.5,0.0,0.0
5280681_uff_e=452.18_out,-6.4,6.777,2.753
5280681_uff_e=452.18_out,-6.4,6.903,2.648
5280681_uff_e=452.18_out,-6.4,2.43,1.76
5280681_uff_e=452.18_out,-6.4,26.291,23.306
5280681_uff_e=452.18_out,-6.3,26.193,23.626
5280681_uff_e=452.18_out,-6.3,24.02,22.787
5280681_uff_e=452.18_out,-6.2,15.602,14.079
5280681_uff_e=452.18_out,-6.1,10.366,9.338
5280682_uff_e=541.62_out,-6.1,0.0,0.0
5280682_uff_e=541.62_out,-6.1,22.342,20.346
5280682_uff_e=541.62_out,-6.0,26.798,24.821
5280682_uff_e=541.62_out,-6.0,23.52,20.547
5280682_uff_e=541.62_out,-5.9,24.729,23.385
5280682_uff_e=541.62_out,-5.9,24.872,23.16
5280682_uff_e=541.62_out,-5.9,8.276,5.722
5280682_uff_e=541.62_out,-5.8,8.733,6.079
5280682_uff_e=541.62_out,-5.8,26.17,23.983
5280695_uff_e=432.83_out,-6.4,0.0,0.0
5280695_uff_e=432.83_out,-6.4,23.332,21.557
5280695_uff_e=432.83_out,-6.2,6.203,3.786
5280695_uff_e=432.83_out,-6.1,23.39,20.304
5280695_uff_e=432.83_out,-6.0,7.941,4.369
5280695_uff_e=432.83_out,-6.0,6.754,4.502
5280695_uff_e=432.83_out,-6.0,7.034,4.25
5280695_uff_e=432.83_out,-5.9,17.767,15.487
5280695_uff_e=432.83_out,-5.9,11.482,9.402
5280699_uff_e=622.95_out,-6.3,0.0,0.0
5280699_uff_e=622.95_out,-6.2,24.52,21.564
5280699_uff_e=622.95_out,-6.1,24.275,22.159
5280699_uff_e=622.95_out,-6.1,10.785,7.734
5280699_uff_e=622.95_out,-6.0,13.918,9.685
5280699_uff_e=622.95_out,-6.0,22.96,21.591
5280699_uff_e=622.95_out,-6.0,25.702,23.198
5280699_uff_e=622.95_out,-5.9,23.463,22.126
5280699_uff_e=622.95_out,-5.8,8.065,3.928
5280704_uff_e=457.84_out,-7.6,0.0,0.0
5280704_uff_e=457.84_out,-7.6,12.244,6.756
5280704_uff_e=457.84_out,-7.3,2.839,1.745
5280704_uff_e=457.84_out,-7.1,24.417,21.615
5280704_uff_e=457.84_out,-7.1,26.517,23.797
5280704_uff_e=457.84_out,-7.1,23.993,21.255
5280704_uff_e=457.84_out,-7.0,27.427,25.133
5280704_uff_e=457.84_out,-7.0,14.258,8.63
5280704_uff_e=457.84_out,-6.9,25.0,22.995
5280746_uff_e=672.32_out,-8.1,0.0,0.0
5280746_uff_e=672.32_out,-8.1,4.803,1.329
5280746_uff_e=672.32_out,-8.0,1.772,1.412
5280746_uff_e=672.32_out,-7.5,2.064,1.302
5280746_uff_e=672.32_out,-7.4,3.887,2.414
5280746_uff_e=672.32_out,-7.3,3.745,2.397
5280746_uff_e=672.32_out,-7.3,23.191,20.36
5280746_uff_e=672.32_out,-7.2,26.101,23.005
5280746_uff_e=672.32_out,-7.1,2.416,1.771
5280759_uff_e=329.23_out,-6.3,0.0,0.0
5280759_uff_e=329.23_out,-6.2,15.217,12.252
5280759_uff_e=329.23_out,-6.2,14.083,11.11
5280759_uff_e=329.23_out,-6.1,25.725,22.919
5280759_uff_e=329.23_out,-6.1,2.357,1.736
5280759_uff_e=329.23_out,-6.0,23.831,21.828
5280759_uff_e=329.23_out,-5.9,11.295,8.118
5280759_uff_e=329.23_out,-5.9,23.666,21.363
5280759_uff_e=329.23_out,-5.9,23.449,21.57
5280781_uff_e=578.68_out,-6.9,0.0,0.0
5280781_uff_e=578.68_out,-6.6,24.248,20.936
5280781_uff_e=578.68_out,-6.6,24.571,22.215
5280781_uff_e=578.68_out,-6.5,22.178,18.99
5280781_uff_e=578.68_out,-6.5,26.957,19.875
5280781_uff_e=578.68_out,-6.5,22.194,17.412
5280781_uff_e=578.68_out,-6.5,24.384,20.884
5280781_uff_e=578.68_out,-6.4,8.95,6.021
5280781_uff_e=578.68_out,-6.4,22.712,18.257
5280791_uff_e=550.55_out,-7.1,0.0,0.0
5280791_uff_e=550.55_out,-6.7,19.416,17.125
5280791_uff_e=550.55_out,-6.7,19.729,17.301
5280791_uff_e=550.55_out,-6.6,18.142,1.257
5280791_uff_e=550.55_out,-6.6,1.752,0.84
5280791_uff_e=550.55_out,-6.6,18.034,1.826
5280791_uff_e=550.55_out,-6.5,32.035,23.49
5280791_uff_e=550.55_out,-6.5,12.246,6.572
5280791_uff_e=550.55_out,-6.5,18.762,9.473
5280794_uff_e=547.51_out,-7.1,0.0,0.0
5280794_uff_e=547.51_out,-7.0,31.72,27.418
5280794_uff_e=547.51_out,-7.0,11.2,8.233
5280794_uff_e=547.51_out,-6.9,11.012,8.412
5280794_uff_e=547.51_out,-6.9,33.164,29.295
5280794_uff_e=547.51_out,-6.9,12.139,7.997
5280794_uff_e=547.51_out,-6.8,35.71,28.615
5280794_uff_e=547.51_out,-6.7,45.859,41.459
5280794_uff_e=547.51_out,-6.6,32.064,28.357
5280802_uff_e=125.52_out,-5.2,0.0,0.0
5280802_uff_e=125.52_out,-5.1,3.44,0.319
5280802_uff_e=125.52_out,-4.9,4.54,2.586
5280802_uff_e=125.52_out,-4.8,20.554,19.165
5280802_uff_e=125.52_out,-4.8,4.396,2.722
5280802_uff_e=125.52_out,-4.7,5.756,3.066
5280802_uff_e=125.52_out,-4.7,22.77,21.773
5280802_uff_e=125.52_out,-4.7,6.118,3.028
5280802_uff_e=125.52_out,-4.7,10.277,8.191
5280803_uff_e=758.99_out,-7.8,0.0,0.0
5280803_uff_e=758.99_out,-7.3,6.513,1.324
5280803_uff_e=758.99_out,-7.3,5.262,2.028
5280803_uff_e=758.99_out,-7.3,5.238,2.96
5280803_uff_e=758.99_out,-7.3,6.138,1.715
5280803_uff_e=758.99_out,-7.3,1.886,1.161
5280803_uff_e=758.99_out,-7.3,26.055,22.974
5280803_uff_e=758.99_out,-7.2,6.872,2.738
5280803_uff_e=758.99_out,-7.2,6.61,1.56
5280804_uff_e=608.66_out,-6.6,0.0,0.0
5280804_uff_e=608.66_out,-6.6,25.632,22.789
5280804_uff_e=608.66_out,-6.5,11.576,8.364
5280804_uff_e=608.66_out,-6.3,24.986,23.254
5280804_uff_e=608.66_out,-6.3,25.139,23.644
5280804_uff_e=608.66_out,-6.3,12.412,9.109
5280804_uff_e=608.66_out,-6.2,26.536,22.982
5280804_uff_e=608.66_out,-6.2,16.881,14.457
5280804_uff_e=608.66_out,-6.1,33.672,31.225
5280805_uff_e=769.12_out,-7.5,0.0,0.0
5280805_uff_e=769.12_out,-7.2,25.025,22.761
5280805_uff_e=769.12_out,-7.0,26.008,22.985
5280805_uff_e=769.12_out,-6.9,27.453,22.781
5280805_uff_e=769.12_out,-6.9,8.808,4.076
5280805_uff_e=769.12_out,-6.9,25.492,23.033
5280805_uff_e=769.12_out,-6.8,11.613,6.5
5280805_uff_e=769.12_out,-6.7,25.833,23.029
5280805_uff_e=769.12_out,-6.7,13.5,7.342
5280841_uff_e=240.16_out,-5.1,0.0,0.0
5280841_uff_e=240.16_out,-5.0,11.038,9.75
5280841_uff_e=240.16_out,-4.9,3.955,2.99
5280841_uff_e=240.16_out,-4.8,10.274,8.388
5280841_uff_e=240.16_out,-4.8,21.537,20.0
5280841_uff_e=240.16_out,-4.8,21.456,19.963
5280841_uff_e=240.16_out,-4.7,11.587,10.205
5280841_uff_e=240.16_out,-4.7,20.452,19.355
5280841_uff_e=240.16_out,-4.7,2.081,1.377
5280847_uff_e=327.87_out,-5.7,0.0,0.0
5280847_uff_e=327.87_out,-5.7,18.691,15.731
5280847_uff_e=327.87_out,-5.7,27.583,25.646
5280847_uff_e=327.87_out,-5.6,21.489,19.121
5280847_uff_e=327.87_out,-5.6,19.666,16.578
5280847_uff_e=327.87_out,-5.6,18.241,15.125
5280847_uff_e=327.87_out,-5.6,17.978,15.765
5280847_uff_e=327.87_out,-5.5,27.432,25.329
5280847_uff_e=327.87_out,-5.5,8.86,5.115
5280862_uff_e=436.94_out,-6.4,0.0,0.0
5280862_uff_e=436.94_out,-6.3,6.644,1.815
5280862_uff_e=436.94_out,-6.1,26.315,23.464
5280862_uff_e=436.94_out,-6.1,6.694,2.718
5280862_uff_e=436.94_out,-6.0,25.791,23.219
5280862_uff_e=436.94_out,-5.9,23.368,22.3
5280862_uff_e=436.94_out,-5.9,23.915,21.803
5280862_uff_e=436.94_out,-5.8,8.984,5.236
5280862_uff_e=436.94_out,-5.8,25.018,23.194
5280863_uff_e=357.41_out,-6.5,0.0,0.0
5280863_uff_e=357.41_out,-6.3,6.727,1.797
5280863_uff_e=357.41_out,-6.2,6.755,4.055
5280863_uff_e=357.41_out,-6.2,26.156,23.405
5280863_uff_e=357.41_out,-6.1,23.215,22.288
5280863_uff_e=357.41_out,-6.1,10.018,6.648
5280863_uff_e=357.41_out,-6.1,25.677,23.172
5280863_uff_e=357.41_out,-6.0,12.801,9.185
5280863_uff_e=357.41_out,-6.0,3.641,1.796
5280896_uff_e=381.48_out,-5.4,0.0,0.0
5280896_uff_e=381.48_out,-5.4,5.648,1.919
5280896_uff_e=381.48_out,-5.3,11.586,8.639
5280896_uff_e=381.48_out,-5.1,2.574,2.009
5280896_uff_e=381.48_out,-5.0,4.987,2.925
5280896_uff_e=381.48_out,-5.0,5.282,2.07
5280896_uff_e=381.48_out,-4.9,12.256,9.571
5280896_uff_e=381.48_out,-4.9,10.957,7.613
5280896_uff_e=381.48_out,-4.9,23.247,22.121
5280897_uff_e=1014.54_out,-7.0,0.0,0.0
5280897_uff_e=1014.54_out,-6.9,20.662,18.136
5280897_uff_e=1014.54_out,-6.7,24.93,22.661
5280897_uff_e=1014.54_out,-6.7,24.456,22.522
5280897_uff_e=1014.54_out,-6.7,2.065,1.091
5280897_uff_e=1014.54_out,-6.6,21.658,18.638
5280897_uff_e=1014.54_out,-6.5,14.473,12.296
5280897_uff_e=1014.54_out,-6.5,20.015,18.048
5280897_uff_e=1014.54_out,-6.5,25.615,23.088
5280899_uff_e=689.13_out,-7.4,0.0,0.0
5280899_uff_e=689.13_out,-7.4,12.604,7.204
5280899_uff_e=689.13_out,-7.3,18.456,0.655
5280899_uff_e=689.13_out,-7.2,20.525,7.065
5280899_uff_e=689.13_out,-7.1,12.45,7.196
5280899_uff_e=689.13_out,-7.0,12.598,7.15
5280899_uff_e=689.13_out,-6.9,18.456,0.987
5280899_uff_e=689.13_out,-6.9,31.546,23.659
5280899_uff_e=689.13_out,-6.8,19.542,12.309
5280900_uff_e=881.51_out,-6.3,0.0,0.0
5280900_uff_e=881.51_out,-5.9,20.588,18.235
5280900_uff_e=881.51_out,-5.8,3.967,1.727
5280900_uff_e=881.51_out,-5.7,24.007,21.701
5280900_uff_e=881.51_out,-5.7,19.659,17.592
5280900_uff_e=881.51_out,-5.7,19.649,17.159
5280900_uff_e=881.51_out,-5.6,2.124,1.23
5280900_uff_e=881.51_out,-5.5,20.371,18.421
5280900_uff_e=881.51_out,-5.5,20.483,17.748
5280906_uff_e=447.66_out,-6.4,0.0,0.0
5280906_uff_e=447.66_out,-6.3,5.034,2.758
5280906_uff_e=447.66_out,-6.2,11.283,8.695
5280906_uff_e=447.66_out,-6.1,5.211,2.144
5280906_uff_e=447.66_out,-6.1,5.704,2.685
5280906_uff_e=447.66_out,-6.0,12.212,9.546
5280906_uff_e=447.66_out,-6.0,25.624,22.972
5280906_uff_e=447.66_out,-6.0,26.648,23.752
5280906_uff_e=447.66_out,-5.9,5.414,2.565
5280933_uff_e=155.51_out,-4.7,0.0,0.0
5280933_uff_e=155.51_out,-4.6,4.144,1.486
5280933_uff_e=155.51_out,-4.6,4.326,2.786
5280933_uff_e=155.51_out,-4.5,24.396,22.125
5280933_uff_e=155.51_out,-4.5,25.051,22.893
5280933_uff_e=155.51_out,-4.4,5.921,3.586
5280933_uff_e=155.51_out,-4.3,24.883,22.458
5280933_uff_e=155.51_out,-4.3,4.563,2.584
5280933_uff_e=155.51_out,-4.3,24.177,22.533
5280953_uff_e=297.34_out,-5.9,0.0,0.0
5280953_uff_e=297.34_out,-5.8,5.302,2.803
5280953_uff_e=297.34_out,-5.5,24.353,23.101
5280953_uff_e=297.34_out,-5.5,23.954,22.957
5280953_uff_e=297.34_out,-5.5,5.893,2.668
5280953_uff_e=297.34_out,-5.4,22.845,21.969
5280953_uff_e=297.34_out,-5.4,24.252,22.588
5280953_uff_e=297.34_out,-5.4,16.997,15.646
5280953_uff_e=297.34_out,-5.3,13.653,12.779
5280954_uff_e=879.34_out,-7.6,0.0,0.0
5280954_uff_e=879.34_out,-7.5,26.525,23.106
5280954_uff_e=879.34_out,-7.5,26.643,23.214
5280954_uff_e=879.34_out,-7.4,1.921,0.341
5280954_uff_e=879.34_out,-7.4,3.856,2.385
5280954_uff_e=879.34_out,-7.4,10.614,3.443
5280954_uff_e=879.34_out,-7.0,24.439,21.985
5280954_uff_e=879.34_out,-7.0,26.396,21.557
5280954_uff_e=879.34_out,-7.0,12.596,4.062
5280960_uff_e=317.12_out,-6.3,0.0,0.0
5280960_uff_e=317.12_out,-6.1,20.173,18.258
5280960_uff_e=317.12_out,-6.1,20.065,18.199
5280960_uff_e=317.12_out,-6.1,21.044,17.924
5280960_uff_e=317.12_out,-6.0,20.999,17.838
5280960_uff_e=317.12_out,-5.9,22.087,19.784
5280960_uff_e=317.12_out,-5.9,23.046,21.677
5280960_uff_e=317.12_out,-5.8,23.506,22.151
5280960_uff_e=317.12_out,-5.8,22.983,21.653
5280961_uff_e=351.83_out,-7.0,0.0,0.0
5280961_uff_e=351.83_out,-7.0,2.339,0.921
5280961_uff_e=351.83_out,-6.9,6.715,1.552
5280961_uff_e=351.83_out,-6.9,6.335,3.588
5280961_uff_e=351.83_out,-6.7,6.33,4.563
5280961_uff_e=351.83_out,-6.6,6.969,4.722
5280961_uff_e=351.83_out,-6.6,6.706,1.248
5280961_uff_e=351.83_out,-6.4,24.405,22.867
5280961_uff_e=351.83_out,-6.4,24.22,21.894
5281045_uff_e=1596.82_out,-5.2,0.0,0.0
5281045_uff_e=1596.82_out,-5.1,9.903,7.351
5281045_uff_e=1596.82_out,-5.1,6.04,2.84
5281045_uff_e=1596.82_out,-5.1,27.29,25.661
5281045_uff_e=1596.82_out,-5.0,5.65,3.261
5281045_uff_e=1596.82_out,-5.0,27.99,25.474
5281045_uff_e=1596.82_out,-5.0,5.303,3.031
5281045_uff_e=1596.82_out,-4.9,5.25,2.467
5281045_uff_e=1596.82_out,-4.9,23.113,21.473
5281119_uff_e=93.73_out,-4.6,0.0,0.0
5281119_uff_e=93.73_out,-4.2,3.408,2.296
5281119_uff_e=93.73_out,-4.2,22.454,21.133
5281119_uff_e=93.73_out,-4.2,23.619,20.981
5281119_uff_e=93.73_out,-4.1,5.758,3.413
5281119_uff_e=93.73_out,-4.1,24.309,22.267
5281119_uff_e=93.73_out,-4.1,5.296,3.385
5281119_uff_e=93.73_out,-4.1,22.602,21.337
5281119_uff_e=93.73_out,-4.0,22.975,21.301
5281123_uff_e=295.93_out,-5.7,0.0,0.0
5281123_uff_e=295.93_out,-5.2,21.501,19.729
5281123_uff_e=295.93_out,-5.1,21.473,19.239
5281123_uff_e=295.93_out,-5.0,21.178,18.978
5281123_uff_e=295.93_out,-5.0,19.705,17.558
5281123_uff_e=295.93_out,-5.0,17.043,15.395
5281123_uff_e=295.93_out,-5.0,21.301,19.155
5281123_uff_e=295.93_out,-5.0,19.496,17.604
5281123_uff_e=295.93_out,-4.9,21.328,19.081
5281124_uff_e=747.93_out,-5.2,0.0,0.0
5281124_uff_e=747.93_out,-5.2,6.151,3.879
5281124_uff_e=747.93_out,-5.0,10.747,8.501
5281124_uff_e=747.93_out,-5.0,3.926,2.491
5281124_uff_e=747.93_out,-4.8,21.617,18.657
5281124_uff_e=747.93_out,-4.8,21.827,18.83
5281124_uff_e=747.93_out,-4.8,9.603,6.51
5281124_uff_e=747.93_out,-4.8,24.561,22.647
5281124_uff_e=747.93_out,-4.8,20.071,16.814
5281126_uff_e=131.42_out,-5.0,0.0,0.0
5281126_uff_e=131.42_out,-4.7,23.987,21.969
5281126_uff_e=131.42_out,-4.6,24.139,22.279
5281126_uff_e=131.42_out,-4.5,3.883,1.306
5281126_uff_e=131.42_out,-4.4,24.043,21.882
5281126_uff_e=131.42_out,-4.4,24.388,22.575
5281126_uff_e=131.42_out,-4.3,24.088,22.297
5281126_uff_e=131.42_out,-4.3,24.932,22.85
5281126_uff_e=131.42_out,-4.3,4.058,1.749
5281127_uff_e=66.58_out,-4.5,0.0,0.0
5281127_uff_e=66.58_out,-4.4,5.341,3.324
5281127_uff_e=66.58_out,-4.3,5.789,2.664
5281127_uff_e=66.58_out,-4.3,25.319,23.227
5281127_uff_e=66.58_out,-4.3,6.183,3.0
5281127_uff_e=66.58_out,-4.2,2.037,1.22
5281127_uff_e=66.58_out,-4.1,4.948,3.166
5281127_uff_e=66.58_out,-4.1,24.034,22.214
5281127_uff_e=66.58_out,-4.1,23.371,21.766
5281128_uff_e=1565.70_out,-5.0,0.0,0.0
5281128_uff_e=1565.70_out,-5.0,24.263,21.67
5281128_uff_e=1565.70_out,-4.8,4.496,3.254
5281128_uff_e=1565.70_out,-4.8,3.806,2.34
5281128_uff_e=1565.70_out,-4.8,2.973,1.808
5281128_uff_e=1565.70_out,-4.7,3.585,1.708
5281128_uff_e=1565.70_out,-4.7,2.688,1.896
5281128_uff_e=1565.70_out,-4.6,3.115,2.272
5281128_uff_e=1565.70_out,-4.6,21.989,17.229
5281133_uff_e=674.34_out,-5.8,0.0,0.0
5281133_uff_e=674.34_out,-5.7,22.19,20.341
5281133_uff_e=674.34_out,-5.6,3.279,1.816
5281133_uff_e=674.34_out,-5.5,16.459,14.55
5281133_uff_e=674.34_out,-5.4,22.782,21.281
5281133_uff_e=674.34_out,-5.4,8.15,5.534
5281133_uff_e=674.34_out,-5.4,2.876,1.317
5281133_uff_e=674.34_out,-5.3,14.508,12.431
5281133_uff_e=674.34_out,-5.3,4.46,3.216
5281134_uff_e=752.94_out,-5.6,0.0,0.0
5281134_uff_e=752.94_out,-5.6,5.151,3.331
5281134_uff_e=752.94_out,-5.5,14.922,12.502
5281134_uff_e=752.94_out,-5.4,23.297,21.396
5281134_uff_e=752.94_out,-5.4,20.429,18.569
5281134_uff_e=752.94_out,-5.3,2.662,1.685
5281134_uff_e=752.94_out,-5.2,20.626,18.723
5281134_uff_e=752.94_out,-5.2,15.664,13.897
5281134_uff_e=752.94_out,-5.1,20.09,17.282
5281135_uff_e=694.37_out,-6.0,0.0,0.0
5281135_uff_e=694.37_out,-5.4,5.194,3.448
5281135_uff_e=694.37_out,-5.2,24.981,23.485
5281135_uff_e=694.37_out,-5.2,24.362,22.643
5281135_uff_e=694.37_out,-5.2,23.996,22.47
5281135_uff_e=694.37_out,-5.2,22.857,21.609
5281135_uff_e=694.37_out,-5.1,23.307,21.793
5281135_uff_e=694.37_out,-5.1,2.832,1.879
5281135_uff_e=694.37_out,-5.1,2.228,1.773
5281136_uff_e=731.09_out,-5.7,0.0,0.0
5281136_uff_e=731.09_out,-5.6,22.487,19.419
5281136_uff_e=731.09_out,-5.6,24.814,22.441
5281136_uff_e=731.09_out,-5.6,21.278,18.7
5281136_uff_e=731.09_out,-5.5,25.091,23.202
5281136_uff_e=731.09_out,-5.5,24.822,23.153
5281136_uff_e=731.09_out,-5.5,21.59,18.569
5281136_uff_e=731.09_out,-5.4,12.683,9.59
5281136_uff_e=731.09_out,-5.4,24.592,23.138
5281138_uff_e=761.78_out,-6.0,0.0,0.0
5281138_uff_e=761.78_out,-5.7,7.779,2.553
5281138_uff_e=761.78_out,-5.6,2.101,1.789
5281138_uff_e=761.78_out,-5.5,5.745,2.17
5281138_uff_e=761.78_out,-5.4,24.447,23.343
5281138_uff_e=761.78_out,-5.3,23.77,22.258
5281138_uff_e=761.78_out,-5.3,28.885,27.11
5281138_uff_e=761.78_out,-5.3,24.549,23.288
5281138_uff_e=761.78_out,-5.2,23.911,22.288
5281139_uff_e=710.87_out,-5.1,0.0,0.0
5281139_uff_e=710.87_out,-5.0,22.934,21.02
5281139_uff_e=710.87_out,-5.0,5.429,3.815
5281139_uff_e=710.87_out,-5.0,21.209,18.388
5281139_uff_e=710.87_out,-4.9,23.035,20.934
5281139_uff_e=710.87_out,-4.8,24.263,22.546
5281139_uff_e=710.87_out,-4.7,20.736,18.401
5281139_uff_e=710.87_out,-4.7,4.781,2.578
5281139_uff_e=710.87_out,-4.7,22.691,20.624
5281149_uff_e=112.59_out,-4.7,0.0,0.0
5281149_uff_e=112.59_out,-4.4,23.544,21.386
5281149_uff_e=112.59_out,-4.3,21.79,19.593
5281149_uff_e=112.59_out,-4.2,4.583,1.728
5281149_uff_e=112.59_out,-4.1,4.08,2.21
5281149_uff_e=112.59_out,-4.1,2.526,1.475
5281149_uff_e=112.59_out,-4.1,24.156,21.838
5281149_uff_e=112.59_out,-4.1,25.531,23.665
5281149_uff_e=112.59_out,-4.0,5.885,2.508
5281166_uff_e=186.21_out,-5.5,0.0,0.0
5281166_uff_e=186.21_out,-5.4,2.836,2.195
5281166_uff_e=186.21_out,-5.2,3.985,1.518
5281166_uff_e=186.21_out,-5.1,4.595,2.143
5281166_uff_e=186.21_out,-5.1,3.83,3.029
5281166_uff_e=186.21_out,-5.0,11.364,10.031
5281166_uff_e=186.21_out,-4.9,4.819,2.298
5281166_uff_e=186.21_out,-4.9,23.081,21.46
5281166_uff_e=186.21_out,-4.8,2.884,1.865
5281176_uff_e=140.06_out,-5.4,0.0,0.0
5281176_uff_e=140.06_out,-5.3,14.67,13.177
5281176_uff_e=140.06_out,-5.2,10.733,9.297
5281176_uff_e=140.06_out,-5.2,21.844,20.045
5281176_uff_e=140.06_out,-5.1,15.19,12.968
5281176_uff_e=140.06_out,-5.1,4.084,1.104
5281176_uff_e=140.06_out,-5.1,11.694,10.213
5281176_uff_e=140.06_out,-5.1,10.982,9.175
5281176_uff_e=140.06_out,-5.0,4.472,2.809
5281207_uff_e=486.88_out,-6.2,0.0,0.0
5281207_uff_e=486.88_out,-6.2,20.48,17.902
5281207_uff_e=486.88_out,-6.2,21.203,20.221
5281207_uff_e=486.88_out,-6.1,23.232,20.009
5281207_uff_e=486.88_out,-6.1,20.34,17.241
5281207_uff_e=486.88_out,-6.1,8.873,3.429
5281207_uff_e=486.88_out,-6.0,21.921,18.732
5281207_uff_e=486.88_out,-5.9,21.919,20.033
5281207_uff_e=486.88_out,-5.9,2.192,1.804
5281219_uff_e=427.82_out,-7.5,0.0,0.0
5281219_uff_e=427.82_out,-7.5,23.611,18.185
5281219_uff_e=427.82_out,-7.4,5.433,0.514
5281219_uff_e=427.82_out,-7.4,25.43,21.7
5281219_uff_e=427.82_out,-7.0,25.316,21.998
5281219_uff_e=427.82_out,-7.0,24.288,17.777
5281219_uff_e=427.82_out,-6.9,7.82,3.631
5281219_uff_e=427.82_out,-6.9,25.632,21.701
5281219_uff_e=427.82_out,-6.9,7.524,3.213
5281220_uff_e=441.21_out,-6.8,0.0,0.0
5281220_uff_e=441.21_out,-6.7,7.27,2.585
5281220_uff_e=441.21_out,-6.5,20.88,17.738
5281220_uff_e=441.21_out,-6.5,22.132,21.072
5281220_uff_e=441.21_out,-6.4,20.093,17.043
5281220_uff_e=441.21_out,-6.4,23.122,22.005
5281220_uff_e=441.21_out,-6.4,22.82,20.889
5281220_uff_e=441.21_out,-6.4,23.44,21.756
5281220_uff_e=441.21_out,-6.2,19.065,16.618
5281221_uff_e=448.39_out,-6.9,0.0,0.0
5281221_uff_e=448.39_out,-6.8,7.567,3.648
5281221_uff_e=448.39_out,-6.5,20.247,17.011
5281221_uff_e=448.39_out,-6.5,20.894,17.926
5281221_uff_e=448.39_out,-6.5,7.348,2.543
5281221_uff_e=448.39_out,-6.5,20.34,18.566
5281221_uff_e=448.39_out,-6.5,20.978,17.972
5281221_uff_e=448.39_out,-6.4,23.098,21.188
5281221_uff_e=448.39_out,-6.3,23.732,21.903
5281222_uff_e=317.91_out,-6.3,0.0,0.0
5281222_uff_e=317.91_out,-6.2,7.564,1.592
5281222_uff_e=317.91_out,-6.2,20.133,18.396
5281222_uff_e=317.91_out,-6.1,6.9,3.653
5281222_uff_e=317.91_out,-6.0,4.125,3.61
5281222_uff_e=317.91_out,-6.0,2.421,1.723
5281222_uff_e=317.91_out,-5.9,21.19,17.954
5281222_uff_e=317.91_out,-5.8,22.298,20.921
5281222_uff_e=317.91_out,-5.8,30.456,28.944
5281223_uff_e=2115.05_out,-7.5,0.0,0.0
5281223_uff_e=2115.05_out,-7.3,18.608,1.357
5281223_uff_e=2115.05_out,-7.1,31.12,23.187
5281223_uff_e=2115.05_out,-7.0,26.049,23.396
5281223_uff_e=2115.05_out,-7.0,26.015,23.307
5281223_uff_e=2115.05_out,-6.9,18.461,1.358
5281223_uff_e=2115.05_out,-6.9,25.867,23.178
5281223_uff_e=2115.05_out,-6.9,20.525,7.166
5281223_uff_e=2115.05_out,-6.7,18.42,1.356
5281224_uff_e=716.19_out,-7.5,0.0,0.0
5281224_uff_e=716.19_out,-7.4,20.808,7.55
5281224_uff_e=716.19_out,-7.2,2.458,1.054
5281224_uff_e=716.19_out,-7.2,20.951,7.642
5281224_uff_e=716.19_out,-7.2,12.796,7.6
5281224_uff_e=716.19_out,-7.0,2.298,1.401
5281224_uff_e=716.19_out,-7.0,24.09,21.853
5281224_uff_e=716.19_out,-7.0,19.31,1.156
5281224_uff_e=716.19_out,-7.0,19.234,1.336
5281226_uff_e=248.71_out,-6.4,0.0,0.0
5281226_uff_e=248.71_out,-6.4,35.68,31.003
5281226_uff_e=248.71_out,-6.2,4.203,3.179
5281226_uff_e=248.71_out,-6.1,6.415,5.032
5281226_uff_e=248.71_out,-6.1,28.243,24.923
5281226_uff_e=248.71_out,-6.1,12.938,5.442
5281226_uff_e=248.71_out,-6.0,29.959,22.439
5281226_uff_e=248.71_out,-6.0,29.114,27.066
5281226_uff_e=248.71_out,-6.0,29.593,26.119
5281227_uff_e=679.64_out,-7.7,0.0,0.0
5281227_uff_e=679.64_out,-7.7,1.956,1.115
5281227_uff_e=679.64_out,-7.6,12.504,7.187
5281227_uff_e=679.64_out,-7.6,20.36,7.147
5281227_uff_e=679.64_out,-7.6,2.383,1.089
5281227_uff_e=679.64_out,-7.4,12.46,7.177
5281227_uff_e=679.64_out,-7.3,18.544,0.989
5281227_uff_e=679.64_out,-7.3,23.683,22.064
5281227_uff_e=679.64_out,-7.3,20.431,7.201
5281228_uff_e=827.61_out,-7.3,0.0,0.0
5281228_uff_e=827.61_out,-7.1,18.737,1.662
5281228_uff_e=827.61_out,-7.1,20.505,7.307
5281228_uff_e=827.61_out,-7.1,1.6,0.465
5281228_uff_e=827.61_out,-7.1,20.618,6.706
5281228_uff_e=827.61_out,-7.0,30.729,23.451
5281228_uff_e=827.61_out,-7.0,33.028,28.828
5281228_uff_e=827.61_out,-6.8,12.623,7.468
5281228_uff_e=827.61_out,-6.8,25.385,22.601
5281229_uff_e=894.94_out,-7.4,0.0,0.0
5281229_uff_e=894.94_out,-7.4,18.401,0.668
5281229_uff_e=894.94_out,-7.2,14.537,7.875
5281229_uff_e=894.94_out,-7.1,19.593,7.877
5281229_uff_e=894.94_out,-7.1,3.264,2.16
5281229_uff_e=894.94_out,-7.0,18.506,1.144
5281229_uff_e=894.94_out,-7.0,18.515,2.08
5281229_uff_e=894.94_out,-6.8,21.994,18.942
5281229_uff_e=894.94_out,-6.8,21.091,18.469
5281230_uff_e=410.81_out,-6.8,0.0,0.0
5281230_uff_e=410.81_out,-6.8,9.467,7.284
5281230_uff_e=410.81_out,-6.8,2.338,1.517
5281230_uff_e=410.81_out,-6.8,21.3,6.593
5281230_uff_e=410.81_out,-6.7,17.74,9.033
5281230_uff_e=410.81_out,-6.6,21.126,6.682
5281230_uff_e=410.81_out,-6.6,17.575,11.748
5281230_uff_e=410.81_out,-6.6,12.354,5.912
5281230_uff_e=410.81_out,-6.5,2.763,1.567
5281231_uff_e=2057.86_out,-7.7,0.0,0.0
5281231_uff_e=2057.86_out,-7.5,12.362,6.814
5281231_uff_e=2057.86_out,-7.3,2.24,1.555
5281231_uff_e=2057.86_out,-7.3,17.983,3.632
5281231_uff_e=2057.86_out,-7.3,17.952,3.67
5281231_uff_e=2057.86_out,-7.1,20.318,8.226
5281231_uff_e=2057.86_out,-7.1,20.437,8.062
5281231_uff_e=2057.86_out,-7.0,2.106,1.528
5281231_uff_e=2057.86_out,-7.0,11.801,6.102
5281232_uff_e=217.66_out,-6.2,0.0,0.0
5281232_uff_e=217.66_out,-6.2,28.768,25.491
5281232_uff_e=217.66_out,-6.2,28.917,24.46
5281232_uff_e=217.66_out,-6.1,28.243,25.073
5281232_uff_e=217.66_out,-5.9,12.223,1.842
5281232_uff_e=217.66_out,-5.9,38.616,35.421
5281232_uff_e=217.66_out,-5.9,6.393,5.195
5281232_uff_e=217.66_out,-5.9,29.759,24.794
5281232_uff_e=217.66_out,-5.9,27.892,24.495
5281234_uff_e=612.58_out,-7.4,0.0,0.0
5281234_uff_e=612.58_out,-7.2,1.434,0.795
5281234_uff_e=612.58_out,-7.0,18.34,4.853
5281234_uff_e=612.58_out,-7.0,36.759,30.897
5281234_uff_e=612.58_out,-7.0,23.577,17.665
5281234_uff_e=612.58_out,-6.9,18.309,4.886
5281234_uff_e=612.58_out,-6.8,23.518,18.001
5281234_uff_e=612.58_out,-6.7,25.328,18.179
5281234_uff_e=612.58_out,-6.6,31.589,25.395
5281235_uff_e=692.14_out,-7.5,0.0,0.0
5281235_uff_e=692.14_out,-7.5,20.403,8.493
5281235_uff_e=692.14_out,-7.5,17.996,4.168
5281235_uff_e=692.14_out,-7.4,18.056,4.21
5281235_uff_e=692.14_out,-7.4,12.728,7.247
5281235_uff_e=692.14_out,-7.3,20.457,8.47
5281235_uff_e=692.14_out,-7.3,1.821,0.924
5281235_uff_e=692.14_out,-7.0,31.061,23.314
5281235_uff_e=692.14_out,-7.0,25.623,22.805
5281237_uff_e=732.73_out,-7.9,0.0,0.0
5281237_uff_e=732.73_out,-7.9,24.994,19.425
5281237_uff_e=732.73_out,-7.7,2.117,1.525
5281237_uff_e=732.73_out,-7.7,34.658,30.747
5281237_uff_e=732.73_out,-7.6,33.397,30.778
5281237_uff_e=732.73_out,-7.6,17.732,1.294
5281237_uff_e=732.73_out,-7.5,17.548,16.186
5281237_uff_e=732.73_out,-7.5,29.912,21.728
5281237_uff_e=732.73_out,-7.5,32.028,25.428
5281238_uff_e=583.23_out,-8.2,0.0,0.0
5281238_uff_e=583.23_out,-8.0,17.649,2.24
5281238_uff_e=583.23_out,-7.8,1.933,1.25
5281238_uff_e=583.23_out,-7.6,21.706,18.922
5281238_uff_e=583.23_out,-7.4,17.384,2.064
5281238_uff_e=583.23_out,-7.4,12.387,7.034
5281238_uff_e=583.23_out,-7.2,17.581,1.419
5281238_uff_e=583.23_out,-7.2,30.228,22.402
5281238_uff_e=583.23_out,-7.2,24.221,22.354
5281239_uff_e=2512.03_out,-7.6,0.0,0.0
5281239_uff_e=2512.03_out,-7.3,1.799,1.083
5281239_uff_e=2512.03_out,-7.2,2.419,1.562
5281239_uff_e=2512.03_out,-7.1,24.277,20.93
5281239_uff_e=2512.03_out,-7.1,12.228,7.062
5281239_uff_e=2512.03_out,-7.0,3.031,1.836
5281239_uff_e=2512.03_out,-7.0,36.247,32.877
5281239_uff_e=2512.03_out,-6.9,18.212,2.181
5281239_uff_e=2512.03_out,-6.9,20.274,17.184
5281241_uff_e=556.19_out,-6.9,0.0,0.0
5281241_uff_e=556.19_out,-6.7,2.75,1.69
5281241_uff_e=556.19_out,-6.7,25.211,22.443
5281241_uff_e=556.19_out,-6.6,23.956,21.294
5281241_uff_e=556.19_out,-6.5,11.353,5.601
5281241_uff_e=556.19_out,-6.5,27.268,24.633
5281241_uff_e=556.19_out,-6.4,6.144,3.46
5281241_uff_e=556.19_out,-6.4,24.603,22.145
5281241_uff_e=556.19_out,-6.4,5.187,2.735
5281242_uff_e=512.85_out,-7.6,0.0,0.0
5281242_uff_e=512.85_out,-7.4,2.182,1.477
5281242_uff_e=512.85_out,-7.2,21.677,18.98
5281242_uff_e=512.85_out,-7.1,18.007,1.772
5281242_uff_e=512.85_out,-7.1,20.714,6.611
5281242_uff_e=512.85_out,-7.1,21.492,18.657
5281242_uff_e=512.85_out,-7.0,18.107,1.697
5281242_uff_e=512.85_out,-6.9,24.044,21.964
5281242_uff_e=512.85_out,-6.9,20.774,7.768
5281243_uff_e=637.73_out,-7.2,0.0,0.0
5281243_uff_e=637.73_out,-7.2,36.785,30.468
5281243_uff_e=637.73_out,-7.1,11.868,6.459
5281243_uff_e=637.73_out,-7.1,12.994,7.083
5281243_uff_e=637.73_out,-7.0,13.339,8.517
5281243_uff_e=637.73_out,-7.0,17.4,12.465
5281243_uff_e=637.73_out,-6.9,18.604,1.225
5281243_uff_e=637.73_out,-6.9,33.47,29.673
5281243_uff_e=637.73_out,-6.9,31.266,23.739
5281244_uff_e=2012.96_out,-7.5,0.0,0.0
5281244_uff_e=2012.96_out,-7.1,18.409,0.981
5281244_uff_e=2012.96_out,-7.1,18.505,1.946
5281244_uff_e=2012.96_out,-7.0,12.41,7.865
5281244_uff_e=2012.96_out,-7.0,24.19,20.253
5281244_uff_e=2012.96_out,-7.0,12.236,7.197
5281244_uff_e=2012.96_out,-6.9,19.215,9.853
5281244_uff_e=2012.96_out,-6.9,20.292,7.581
5281244_uff_e=2012.96_out,-6.9,1.737,0.899
5281246_uff_e=611.86_out,-8.5,0.0,0.0
5281246_uff_e=611.86_out,-7.8,17.422,3.219
5281246_uff_e=611.86_out,-7.7,17.601,3.128
5281246_uff_e=611.86_out,-7.7,17.526,3.759
5281246_uff_e=611.86_out,-7.7,2.58,1.609
5281246_uff_e=611.86_out,-7.5,27.755,24.689
5281246_uff_e=611.86_out,-7.4,2.065,1.422
5281246_uff_e=611.86_out,-7.3,36.414,30.246
5281246_uff_e=611.86_out,-7.3,36.41,30.474
5281247_uff_e=2393.59_out,-7.4,0.0,0.0
5281247_uff_e=2393.59_out,-7.3,23.593,21.65
5281247_uff_e=2393.59_out,-7.3,16.109,14.592
5281247_uff_e=2393.59_out,-7.3,18.871,8.368
5281247_uff_e=2393.59_out,-7.2,2.634,1.548
5281247_uff_e=2393.59_out,-7.1,18.812,6.925
5281247_uff_e=2393.59_out,-7.1,26.924,23.548
5281247_uff_e=2393.59_out,-7.0,19.179,7.421
5281247_uff_e=2393.59_out,-7.0,12.473,8.041
5281251_uff_e=685.98_out,-7.7,0.0,0.0
5281251_uff_e=685.98_out,-7.7,16.769,0.776
5281251_uff_e=685.98_out,-7.6,31.072,28.395
5281251_uff_e=685.98_out,-7.6,24.003,21.314
5281251_uff_e=685.98_out,-7.5,30.698,28.706
5281251_uff_e=685.98_out,-7.4,24.428,21.208
5281251_uff_e=685.98_out,-7.4,23.721,19.888
5281251_uff_e=685.98_out,-7.4,19.883,17.492
5281251_uff_e=685.98_out,-7.3,19.018,13.732
5281252_uff_e=567.36_out,-7.0,0.0,0.0
5281252_uff_e=567.36_out,-6.6,1.963,0.961
5281252_uff_e=567.36_out,-6.6,18.383,4.743
5281252_uff_e=567.36_out,-6.4,20.81,9.081
5281252_uff_e=567.36_out,-6.4,18.587,4.772
5281252_uff_e=567.36_out,-6.4,19.367,17.15
5281252_uff_e=567.36_out,-6.4,2.238,1.138
5281252_uff_e=567.36_out,-6.3,29.384,24.901
5281252_uff_e=567.36_out,-6.3,18.431,5.033
5281254_uff_e=426.59_out,-6.5,0.0,0.0
5281254_uff_e=426.59_out,-6.4,7.134,2.761
5281254_uff_e=426.59_out,-6.4,22.456,20.764
5281254_uff_e=426.59_out,-6.3,7.122,4.233
5281254_uff_e=426.59_out,-6.3,6.954,2.324
5281254_uff_e=426.59_out,-6.2,23.038,21.801
5281254_uff_e=426.59_out,-6.2,25.338,23.314
5281254_uff_e=426.59_out,-6.1,22.896,21.218
5281254_uff_e=426.59_out,-6.1,13.154,11.192
5281255_uff_e=298.26_out,-6.8,0.0,0.0
5281255_uff_e=298.26_out,-6.7,23.431,20.39
5281255_uff_e=298.26_out,-6.5,2.878,1.797
5281255_uff_e=298.26_out,-6.4,22.527,20.213
5281255_uff_e=298.26_out,-6.4,24.656,22.826
5281255_uff_e=298.26_out,-6.4,21.816,19.888
5281255_uff_e=298.26_out,-6.4,9.777,2.464
5281255_uff_e=298.26_out,-6.3,2.564,1.696
5281255_uff_e=298.26_out,-6.3,23.388,20.184
5281256_uff_e=646.75_out,-8.2,0.0,0.0
5281256_uff_e=646.75_out,-8.0,24.307,19.834
5281256_uff_e=646.75_out,-8.0,27.189,22.574
5281256_uff_e=646.75_out,-7.9,24.37,18.111
5281256_uff_e=646.75_out,-7.8,24.182,19.778
5281256_uff_e=646.75_out,-7.8,19.936,15.017
5281256_uff_e=646.75_out,-7.7,28.608,22.667
5281256_uff_e=646.75_out,-7.7,3.79,2.142
5281256_uff_e=646.75_out,-7.7,22.458,20.825
5281257_uff_e=519.19_out,-6.6,0.0,0.0
5281257_uff_e=519.19_out,-6.6,21.486,18.504
5281257_uff_e=519.19_out,-6.4,15.201,12.872
5281257_uff_e=519.19_out,-6.3,8.44,4.716
5281257_uff_e=519.19_out,-6.2,15.085,13.854
5281257_uff_e=519.19_out,-6.1,18.852,15.861
5281257_uff_e=519.19_out,-6.1,24.964,23.526
5281257_uff_e=519.19_out,-6.1,21.782,20.855
5281257_uff_e=519.19_out,-6.0,25.895,24.732
5281266_uff_e=578.52_out,-6.2,0.0,0.0
5281266_uff_e=578.52_out,-6.2,22.396,17.682
5281266_uff_e=578.52_out,-6.1,7.614,2.913
5281266_uff_e=578.52_out,-5.9,8.148,3.05
5281266_uff_e=578.52_out,-5.8,25.377,23.126
5281266_uff_e=578.52_out,-5.8,24.72,22.178
5281266_uff_e=578.52_out,-5.8,7.471,2.353
5281266_uff_e=578.52_out,-5.7,21.317,16.122
5281266_uff_e=578.52_out,-5.7,3.247,2.284
5281267_uff_e=547.11_out,-6.3,0.0,0.0
5281267_uff_e=547.11_out,-6.2,7.529,2.771
5281267_uff_e=547.11_out,-6.2,9.422,5.533
5281267_uff_e=547.11_out,-6.2,22.387,17.559
5281267_uff_e=547.11_out,-5.9,26.627,23.246
5281267_uff_e=547.11_out,-5.9,8.93,5.575
5281267_uff_e=547.11_out,-5.8,7.355,2.386
5281267_uff_e=547.11_out,-5.8,6.891,4.752
5281267_uff_e=547.11_out,-5.8,24.619,22.056
5281271_uff_e=641.81_out,-6.0,0.0,0.0
5281271_uff_e=641.81_out,-5.9,8.364,3.195
5281271_uff_e=641.81_out,-5.8,9.095,3.071
5281271_uff_e=641.81_out,-5.8,25.981,23.796
5281271_uff_e=641.81_out,-5.8,25.616,22.622
5281271_uff_e=641.81_out,-5.8,3.039,2.334
5281271_uff_e=641.81_out,-5.8,18.015,13.903
5281271_uff_e=641.81_out,-5.7,23.139,20.649
5281271_uff_e=641.81_out,-5.7,3.95,2.696
5281283_uff_e=526.33_out,-6.4,0.0,0.0
5281283_uff_e=526.33_out,-6.3,22.849,18.563
5281283_uff_e=526.33_out,-6.3,4.682,3.059
5281283_uff_e=526.33_out,-6.2,8.312,3.432
5281283_uff_e=526.33_out,-6.1,24.297,21.502
5281283_uff_e=526.33_out,-6.1,7.867,3.125
5281283_uff_e=526.33_out,-6.0,27.143,24.419
5281283_uff_e=526.33_out,-5.9,2.859,2.094
5281283_uff_e=526.33_out,-5.8,24.936,22.49
5281292_uff_e=437.37_out,-6.9,0.0,0.0
5281292_uff_e=437.37_out,-6.7,21.395,18.499
5281292_uff_e=437.37_out,-6.7,15.033,12.83
5281292_uff_e=437.37_out,-6.5,6.672,1.598
5281292_uff_e=437.37_out,-6.4,23.468,22.348
5281292_uff_e=437.37_out,-6.4,23.326,21.951
5281292_uff_e=437.37_out,-6.3,6.87,2.231
5281292_uff_e=437.37_out,-6.3,22.614,21.12
5281292_uff_e=437.37_out,-6.3,23.342,21.97
5281293_uff_e=547.63_out,-7.0,0.0,0.0
5281293_uff_e=547.63_out,-7.0,8.668,4.239
5281293_uff_e=547.63_out,-6.7,19.831,17.717
5281293_uff_e=547.63_out,-6.7,23.263,22.131
5281293_uff_e=547.63_out,-6.5,27.684,26.437
5281293_uff_e=547.63_out,-6.5,9.94,8.304
5281293_uff_e=547.63_out,-6.4,24.758,23.669
5281293_uff_e=547.63_out,-6.4,22.357,19.558
5281293_uff_e=547.63_out,-6.4,23.608,20.679
5281294_uff_e=327.95_out,-6.4,0.0,0.0
5281294_uff_e=327.95_out,-6.4,7.386,3.661
5281294_uff_e=327.95_out,-6.3,20.072,18.35
5281294_uff_e=327.95_out,-6.2,7.077,3.758
5281294_uff_e=327.95_out,-6.2,7.811,3.462
5281294_uff_e=327.95_out,-6.2,20.06,18.255
5281294_uff_e=327.95_out,-6.0,7.901,2.021
5281294_uff_e=327.95_out,-6.0,23.459,20.938
5281294_uff_e=327.95_out,-6.0,7.912,1.574
5281297_uff_e=591.27_out,-7.2,0.0,0.0
5281297_uff_e=591.27_out,-7.1,2.613,1.538
5281297_uff_e=591.27_out,-7.0,1.708,1.239
5281297_uff_e=591.27_out,-6.9,5.611,2.059
5281297_uff_e=591.27_out,-6.8,5.851,1.907
5281297_uff_e=591.27_out,-6.6,3.595,2.233
5281297_uff_e=591.27_out,-6.5,6.202,2.23
5281297_uff_e=591.27_out,-6.5,4.871,2.236
5281297_uff_e=591.27_out,-6.5,24.396,21.877
5281304_uff_e=762.51_out,-7.0,0.0,0.0
5281304_uff_e=762.51_out,-6.8,22.134,19.508
5281304_uff_e=762.51_out,-6.8,22.905,19.134
5281304_uff_e=762.51_out,-6.7,23.722,19.959
5281304_uff_e=762.51_out,-6.6,24.562,22.329
5281304_uff_e=762.51_out,-6.5,1.865,1.411
5281304_uff_e=762.51_out,-6.4,10.586,7.444
5281304_uff_e=762.51_out,-6.4,25.462,22.732
5281304_uff_e=762.51_out,-6.4,11.045,5.877
5281305_uff_e=801.05_out,-7.0,0.0,0.0
5281305_uff_e=801.05_out,-6.9,9.194,1.709
5281305_uff_e=801.05_out,-6.9,24.398,20.978
5281305_uff_e=801.05_out,-6.8,8.984,1.768
5281305_uff_e=801.05_out,-6.7,25.985,22.781
5281305_uff_e=801.05_out,-6.5,9.448,2.159
5281305_uff_e=801.05_out,-6.5,34.927,31.821
5281305_uff_e=801.05_out,-6.5,21.902,18.005
5281305_uff_e=801.05_out,-6.5,23.338,20.166
5281308_uff_e=2472.54_out,-6.9,0.0,0.0
5281308_uff_e=2472.54_out,-6.5,24.914,22.04
5281308_uff_e=2472.54_out,-6.5,26.538,23.417
5281308_uff_e=2472.54_out,-6.5,1.441,1.138
5281308_uff_e=2472.54_out,-6.5,7.441,1.967
5281308_uff_e=2472.54_out,-6.4,4.79,2.683
5281308_uff_e=2472.54_out,-6.3,25.732,23.4
5281308_uff_e=2472.54_out,-6.2,7.308,2.542
5281308_uff_e=2472.54_out,-6.1,3.305,1.916
5281310_uff_e=1222.34_out,-6.5,0.0,0.0
5281310_uff_e=1222.34_out,-6.4,26.123,23.55
5281310_uff_e=1222.34_out,-6.2,19.178,15.65
5281310_uff_e=1222.34_out,-6.2,20.497,17.253
5281310_uff_e=1222.34_out,-6.1,9.282,5.554
5281310_uff_e=1222.34_out,-6.0,1.529,1.098
5281310_uff_e=1222.34_out,-5.9,22.876,17.943
5281310_uff_e=1222.34_out,-5.9,26.079,22.675
5281310_uff_e=1222.34_out,-5.8,6.354,2.288
5281311_uff_e=796.27_out,-7.0,0.0,0.0
5281311_uff_e=796.27_out,-7.0,28.078,25.365
5281311_uff_e=796.27_out,-7.0,25.124,22.853
5281311_uff_e=796.27_out,-6.9,19.384,15.651
5281311_uff_e=796.27_out,-6.9,26.041,23.77
5281311_uff_e=796.27_out,-6.9,21.178,17.04
5281311_uff_e=796.27_out,-6.8,26.397,23.713
5281311_uff_e=796.27_out,-6.7,26.73,24.332
5281311_uff_e=796.27_out,-6.6,27.407,24.436
5281315_uff_e=892.23_out,-6.9,0.0,0.0
5281315_uff_e=892.23_out,-6.8,8.654,2.666
5281315_uff_e=892.23_out,-6.7,24.371,21.011
5281315_uff_e=892.23_out,-6.6,8.668,3.02
5281315_uff_e=892.23_out,-6.5,2.76,1.829
5281315_uff_e=892.23_out,-6.5,24.763,22.647
5281315_uff_e=892.23_out,-6.5,32.271,28.74
5281315_uff_e=892.23_out,-6.5,25.728,23.751
5281315_uff_e=892.23_out,-6.5,3.415,1.956
5281316_uff_e=866.00_out,-7.3,0.0,0.0
5281316_uff_e=866.00_out,-7.1,25.641,23.748
5281316_uff_e=866.00_out,-7.0,23.999,20.652
5281316_uff_e=866.00_out,-6.9,2.732,1.868
5281316_uff_e=866.00_out,-6.9,2.064,1.384
5281316_uff_e=866.00_out,-6.8,3.489,1.967
5281316_uff_e=866.00_out,-6.8,25.296,22.925
5281316_uff_e=866.00_out,-6.8,2.704,1.741
5281316_uff_e=866.00_out,-6.8,24.863,22.543
5281317_uff_e=954.82_out,-6.7,0.0,0.0
5281317_uff_e=954.82_out,-6.6,25.988,23.907
5281317_uff_e=954.82_out,-6.6,6.521,3.84
5281317_uff_e=954.82_out,-6.6,26.561,23.715
5281317_uff_e=954.82_out,-6.5,2.64,1.811
5281317_uff_e=954.82_out,-6.5,6.237,3.691
5281317_uff_e=954.82_out,-6.5,9.285,5.528
5281317_uff_e=954.82_out,-6.5,4.966,2.617
5281317_uff_e=954.82_out,-6.4,26.836,23.145
5281318_uff_e=880.28_out,-7.1,0.0,0.0
5281318_uff_e=880.28_out,-6.9,2.678,1.733
5281318_uff_e=880.28_out,-6.9,27.43,24.36
5281318_uff_e=880.28_out,-6.9,26.475,23.845
5281318_uff_e=880.28_out,-6.8,24.545,21.062
5281318_uff_e=880.28_out,-6.8,26.923,24.53
5281318_uff_e=880.28_out,-6.7,2.8,1.938
5281318_uff_e=880.28_out,-6.7,8.013,4.234
5281318_uff_e=880.28_out,-6.7,24.445,22.243
5281319_uff_e=861.30_out,-7.2,0.0,0.0
5281319_uff_e=861.30_out,-7.0,26.576,23.559
5281319_uff_e=861.30_out,-7.0,8.498,4.51
5281319_uff_e=861.30_out,-6.9,8.177,2.58
5281319_uff_e=861.30_out,-6.9,2.716,1.869
5281319_uff_e=861.30_out,-6.8,3.436,1.914
5281319_uff_e=861.30_out,-6.8,2.011,1.331
5281319_uff_e=861.30_out,-6.8,3.317,2.023
5281319_uff_e=861.30_out,-6.8,3.336,2.167
5281320_uff_e=901.28_out,-7.1,0.0,0.0
5281320_uff_e=901.28_out,-6.9,26.64,24.184
5281320_uff_e=901.28_out,-6.9,8.666,2.349
5281320_uff_e=901.28_out,-6.7,2.805,1.781
5281320_uff_e=901.28_out,-6.5,2.849,1.983
5281320_uff_e=901.28_out,-6.5,3.617,2.177
5281320_uff_e=901.28_out,-6.4,9.978,5.721
5281320_uff_e=901.28_out,-6.4,4.254,2.591
5281320_uff_e=901.28_out,-6.4,8.112,3.092
5281321_uff_e=854.50_out,-7.2,0.0,0.0
5281321_uff_e=854.50_out,-7.0,26.458,23.491
5281321_uff_e=854.50_out,-6.9,27.111,24.115
5281321_uff_e=854.50_out,-6.9,8.093,4.253
5281321_uff_e=854.50_out,-6.8,2.546,1.753
5281321_uff_e=854.50_out,-6.8,2.925,2.029
5281321_uff_e=854.50_out,-6.7,8.522,3.252
5281321_uff_e=854.50_out,-6.6,8.046,2.088
5281321_uff_e=854.50_out,-6.6,26.58,23.606
5281322_uff_e=1050.34_out,-7.1,0.0,0.0
5281322_uff_e=1050.34_out,-6.8,2.567,1.727
5281322_uff_e=1050.34_out,-6.7,2.716,1.949
5281322_uff_e=1050.34_out,-6.7,8.066,1.853
5281322_uff_e=1050.34_out,-6.6,7.791,2.293
5281322_uff_e=1050.34_out,-6.5,24.475,22.361
5281322_uff_e=1050.34_out,-6.5,26.746,24.268
5281322_uff_e=1050.34_out,-6.5,6.388,3.529
5281322_uff_e=1050.34_out,-6.5,26.542,23.585
5281323_uff_e=976.28_out,-7.7,0.0,0.0
5281323_uff_e=976.28_out,-7.5,25.171,20.798
5281323_uff_e=976.28_out,-7.3,8.499,2.498
5281323_uff_e=976.28_out,-7.3,25.375,21.296
5281323_uff_e=976.28_out,-7.2,23.807,20.957
5281323_uff_e=976.28_out,-7.2,25.521,20.906
5281323_uff_e=976.28_out,-7.2,8.083,3.15
5281323_uff_e=976.28_out,-7.2,8.571,3.643
5281323_uff_e=976.28_out,-7.1,8.806,3.772
5281324_uff_e=895.30_out,-7.1,0.0,0.0
5281324_uff_e=895.30_out,-6.8,7.978,4.276
5281324_uff_e=895.30_out,-6.6,8.21,2.299
5281324_uff_e=895.30_out,-6.6,3.573,2.17
5281324_uff_e=895.30_out,-6.6,4.906,2.218
5281324_uff_e=895.30_out,-6.6,27.15,24.302
5281324_uff_e=895.30_out,-6.5,26.677,24.044
5281324_uff_e=895.30_out,-6.3,26.408,24.123
5281324_uff_e=895.30_out,-6.3,26.476,23.791
5281326_uff_e=621.73_out,-6.9,0.0,0.0
5281326_uff_e=621.73_out,-6.8,23.485,21.652
5281326_uff_e=621.73_out,-6.8,8.91,3.219
5281326_uff_e=621.73_out,-6.8,11.094,8.291
5281326_uff_e=621.73_out,-6.8,26.349,24.213
5281326_uff_e=621.73_out,-6.7,8.551,3.701
5281326_uff_e=621.73_out,-6.6,26.565,23.206
5281326_uff_e=621.73_out,-6.5,24.904,21.275
5281326_uff_e=621.73_out,-6.4,38.984,36.641
5281327_uff_e=539.61_out,-7.2,0.0,0.0
5281327_uff_e=539.61_out,-7.0,27.064,23.959
5281327_uff_e=539.61_out,-7.0,37.533,35.206
5281327_uff_e=539.61_out,-7.0,11.289,8.41
5281327_uff_e=539.61_out,-7.0,9.181,3.335
5281327_uff_e=539.61_out,-6.9,27.779,25.371
5281327_uff_e=539.61_out,-6.9,4.889,3.21
5281327_uff_e=539.61_out,-6.8,3.792,1.662
5281327_uff_e=539.61_out,-6.8,4.025,2.554
5281328_uff_e=589.19_out,-7.0,0.0,0.0
5281328_uff_e=589.19_out,-6.9,8.606,3.697
5281328_uff_e=589.19_out,-6.7,9.072,3.161
5281328_uff_e=589.19_out,-6.7,10.974,8.396
5281328_uff_e=589.19_out,-6.6,26.704,23.238
5281328_uff_e=589.19_out,-6.6,38.719,36.413
5281328_uff_e=589.19_out,-6.5,3.021,1.407
5281328_uff_e=589.19_out,-6.5,8.964,3.48
5281328_uff_e=589.19_out,-6.5,27.314,24.876
5281330_uff_e=553.06_out,-6.9,0.0,0.0
5281330_uff_e=553.06_out,-6.8,10.998,8.089
5281330_uff_e=553.06_out,-6.8,11.132,8.387
5281330_uff_e=553.06_out,-6.7,32.879,29.019
5281330_uff_e=553.06_out,-6.7,1.624,0.622
5281330_uff_e=553.06_out,-6.7,33.506,27.827
5281330_uff_e=553.06_out,-6.6,31.837,28.324
5281330_uff_e=553.06_out,-6.6,45.856,41.497
5281330_uff_e=553.06_out,-6.6,31.529,28.173
5281331_uff_e=571.51_out,-7.5,0.0,0.0
5281331_uff_e=571.51_out,-7.3,2.101,1.108
5281331_uff_e=571.51_out,-7.2,9.739,3.605
5281331_uff_e=571.51_out,-7.2,12.29,8.854
5281331_uff_e=571.51_out,-7.1,26.849,23.977
5281331_uff_e=571.51_out,-7.0,37.372,34.035
5281331_uff_e=571.51_out,-7.0,2.713,1.549
5281331_uff_e=571.51_out,-7.0,3.067,2.222
5281331_uff_e=571.51_out,-7.0,5.494,2.818
5281332_uff_e=660.77_out,-6.2,0.0,0.0
5281332_uff_e=660.77_out,-6.1,25.407,22.962
5281332_uff_e=660.77_out,-6.0,6.239,1.97
5281332_uff_e=660.77_out,-5.9,24.717,22.415
5281332_uff_e=660.77_out,-5.9,24.727,23.141
5281332_uff_e=660.77_out,-5.9,26.071,23.844
5281332_uff_e=660.77_out,-5.9,3.63,1.904
5281332_uff_e=660.77_out,-5.8,6.221,2.014
5281332_uff_e=660.77_out,-5.8,6.055,1.833
5281342_uff_e=346.33_out,-6.5,0.0,0.0
5281342_uff_e=346.33_out,-6.4,3.545,2.75
5281342_uff_e=346.33_out,-6.3,21.271,17.99
5281342_uff_e=346.33_out,-6.3,22.853,21.227
5281342_uff_e=346.33_out,-6.1,19.824,17.791
5281342_uff_e=346.33_out,-6.1,7.658,2.625
5281342_uff_e=346.33_out,-6.1,27.167,25.828
5281342_uff_e=346.33_out,-6.1,21.189,17.963
5281342_uff_e=346.33_out,-6.0,23.189,21.439
5281344_uff_e=149.52_out,-5.7,0.0,0.0
5281344_uff_e=149.52_out,-5.4,21.868,20.469
5281344_uff_e=149.52_out,-5.3,5.359,1.386
5281344_uff_e=149.52_out,-5.3,5.52,2.003
5281344_uff_e=149.52_out,-5.3,3.934,2.098
5281344_uff_e=149.52_out,-5.3,22.767,21.503
5281344_uff_e=149.52_out,-5.2,20.891,19.307
5281344_uff_e=149.52_out,-5.1,21.479,20.477
5281344_uff_e=149.52_out,-5.1,22.192,20.989
5281361_uff_e=532.75_out,-6.8,0.0,0.0
5281361_uff_e=532.75_out,-6.8,4.453,1.833
5281361_uff_e=532.75_out,-6.7,4.748,1.657
5281361_uff_e=532.75_out,-6.3,23.227,21.373
5281361_uff_e=532.75_out,-6.1,11.292,8.2
5281361_uff_e=532.75_out,-6.0,24.123,22.279
5281361_uff_e=532.75_out,-6.0,5.061,2.629
5281361_uff_e=532.75_out,-5.8,5.1,2.67
5281361_uff_e=532.75_out,-5.8,21.498,19.926
5281363_uff_e=2058.00_out,-7.1,0.0,0.0
5281363_uff_e=2058.00_out,-6.6,8.117,4.692
5281363_uff_e=2058.00_out,-6.5,7.304,4.189
5281363_uff_e=2058.00_out,-6.5,8.138,5.553
5281363_uff_e=2058.00_out,-6.5,27.984,22.901
5281363_uff_e=2058.00_out,-6.4,26.477,22.084
5281363_uff_e=2058.00_out,-6.3,25.571,23.013
5281363_uff_e=2058.00_out,-6.3,25.168,21.98
5281363_uff_e=2058.00_out,-6.2,25.943,23.129
5281364_uff_e=768.23_out,-6.0,0.0,0.0
5281364_uff_e=768.23_out,-6.0,12.841,7.794
5281364_uff_e=768.23_out,-5.9,25.636,23.687
5281364_uff_e=768.23_out,-5.8,23.472,19.471
5281364_uff_e=768.23_out,-5.8,5.912,3.399
5281364_uff_e=768.23_out,-5.8,14.004,10.715
5281364_uff_e=768.23_out,-5.8,13.956,8.982
5281364_uff_e=768.23_out,-5.7,24.527,22.555
5281364_uff_e=768.23_out,-5.7,25.723,23.118
5281365_uff_e=184.87_out,-5.4,0.0,0.0
5281365_uff_e=184.87_out,-5.2,4.978,3.104
5281365_uff_e=184.87_out,-5.2,24.532,23.183
5281365_uff_e=184.87_out,-5.2,8.364,4.385
5281365_uff_e=184.87_out,-5.1,24.507,23.266
5281365_uff_e=184.87_out,-5.1,23.674,22.558
5281365_uff_e=184.87_out,-5.1,24.068,22.695
5281365_uff_e=184.87_out,-5.0,19.688,16.284
5281365_uff_e=184.87_out,-5.0,6.484,2.133
5281366_uff_e=2509.70_out,-7.8,0.0,0.0
5281366_uff_e=2509.70_out,-7.6,5.4,1.933
5281366_uff_e=2509.70_out,-7.6,27.723,24.386
5281366_uff_e=2509.70_out,-7.5,28.354,24.393
5281366_uff_e=2509.70_out,-7.4,10.63,6.858
5281366_uff_e=2509.70_out,-7.4,27.046,24.152
5281366_uff_e=2509.70_out,-7.4,6.104,3.567
5281366_uff_e=2509.70_out,-7.3,11.769,7.599
5281366_uff_e=2509.70_out,-7.2,27.603,24.707
5281367_uff_e=2460.57_out,-6.5,0.0,0.0
5281367_uff_e=2460.57_out,-6.5,26.24,23.088
5281367_uff_e=2460.57_out,-6.5,6.704,3.331
5281367_uff_e=2460.57_out,-6.5,27.352,23.809
5281367_uff_e=2460.57_out,-6.4,4.245,2.584
5281367_uff_e=2460.57_out,-6.4,7.824,2.337
5281367_uff_e=2460.57_out,-6.3,12.822,8.283
5281367_uff_e=2460.57_out,-6.3,6.961,2.405
5281367_uff_e=2460.57_out,-6.2,26.618,23.258
5281368_uff_e=2482.03_out,-7.2,0.0,0.0
5281368_uff_e=2482.03_out,-7.1,28.382,24.07
5281368_uff_e=2482.03_out,-7.1,27.034,23.102
5281368_uff_e=2482.03_out,-7.0,28.794,24.492
5281368_uff_e=2482.03_out,-7.0,10.828,5.68
5281368_uff_e=2482.03_out,-6.9,28.625,24.218
5281368_uff_e=2482.03_out,-6.9,3.896,2.47
5281368_uff_e=2482.03_out,-6.9,27.032,23.17
5281368_uff_e=2482.03_out,-6.8,7.889,3.106
5281369_uff_e=2370.40_out,-7.3,0.0,0.0
5281369_uff_e=2370.40_out,-7.2,23.798,21.362
5281369_uff_e=2370.40_out,-7.1,25.138,22.388
5281369_uff_e=2370.40_out,-7.0,8.537,5.2
5281369_uff_e=2370.40_out,-6.8,10.922,6.581
5281369_uff_e=2370.40_out,-6.7,25.263,21.966
5281369_uff_e=2370.40_out,-6.7,9.604,4.692
5281369_uff_e=2370.40_out,-6.7,10.517,4.212
5281369_uff_e=2370.40_out,-6.7,1.844,0.862
5281372_uff_e=620.18_out,-6.4,0.0,0.0
5281372_uff_e=620.18_out,-6.4,11.055,7.655
5281372_uff_e=620.18_out,-6.3,12.98,10.511
5281372_uff_e=620.18_out,-6.3,24.331,22.064
5281372_uff_e=620.18_out,-6.2,13.599,10.792
5281372_uff_e=620.18_out,-6.2,24.974,23.41
5281372_uff_e=620.18_out,-6.0,10.164,6.872
5281372_uff_e=620.18_out,-6.0,25.342,23.223
5281372_uff_e=620.18_out,-6.0,17.712,15.384
5281376_uff_e=2019.29_out,-6.7,0.0,0.0
5281376_uff_e=2019.29_out,-6.6,12.101,9.64
5281376_uff_e=2019.29_out,-6.3,25.113,23.147
5281376_uff_e=2019.29_out,-6.3,14.382,11.975
5281376_uff_e=2019.29_out,-6.1,24.552,21.958
5281376_uff_e=2019.29_out,-6.1,24.716,22.748
5281376_uff_e=2019.29_out,-6.0,24.482,21.439
5281376_uff_e=2019.29_out,-6.0,12.674,10.365
5281376_uff_e=2019.29_out,-6.0,13.586,9.508
5281377_uff_e=564.05_out,-6.9,0.0,0.0
5281377_uff_e=564.05_out,-6.9,3.017,1.449
5281377_uff_e=564.05_out,-6.9,27.463,25.533
5281377_uff_e=564.05_out,-6.8,16.142,13.03
5281377_uff_e=564.05_out,-6.7,19.84,15.699
5281377_uff_e=564.05_out,-6.7,27.733,25.387
5281377_uff_e=564.05_out,-6.6,26.514,23.978
5281377_uff_e=564.05_out,-6.6,25.261,23.097
5281377_uff_e=564.05_out,-6.6,12.976,8.362
5281378_uff_e=3617.99_out,-7.1,0.0,0.0
5281378_uff_e=3617.99_out,-6.7,3.611,2.144
5281378_uff_e=3617.99_out,-6.5,3.192,2.043
5281378_uff_e=3617.99_out,-6.4,10.326,3.879
5281378_uff_e=3617.99_out,-6.4,1.764,1.016
5281378_uff_e=3617.99_out,-6.3,10.422,3.859
5281378_uff_e=3617.99_out,-6.3,4.662,2.971
5281378_uff_e=3617.99_out,-6.3,4.336,2.244
5281378_uff_e=3617.99_out,-6.3,6.848,4.996
5281382_uff_e=2517.15_out,-7.8,0.0,0.0
5281382_uff_e=2517.15_out,-7.7,28.75,24.211
5281382_uff_e=2517.15_out,-7.7,27.611,23.581
5281382_uff_e=2517.15_out,-7.6,10.709,5.661
5281382_uff_e=2517.15_out,-7.6,28.808,24.263
5281382_uff_e=2517.15_out,-7.6,3.919,2.575
5281382_uff_e=2517.15_out,-7.5,27.447,23.143
5281382_uff_e=2517.15_out,-7.5,28.393,22.934
5281382_uff_e=2517.15_out,-7.4,28.932,24.229
5281384_uff_e=205.30_out,-6.2,0.0,0.0
5281384_uff_e=205.30_out,-6.1,24.45,22.894
5281384_uff_e=205.30_out,-6.1,24.754,23.039
5281384_uff_e=205.30_out,-6.1,24.155,22.523
5281384_uff_e=205.30_out,-6.0,24.47,23.16
5281384_uff_e=205.30_out,-5.6,25.067,23.452
5281384_uff_e=205.30_out,-5.6,24.731,23.369
5281384_uff_e=205.30_out,-5.6,24.82,23.084
5281384_uff_e=205.30_out,-5.6,23.874,22.433
5281385_uff_e=2065.85_out,-6.4,0.0,0.0
5281385_uff_e=2065.85_out,-6.0,26.137,23.525
5281385_uff_e=2065.85_out,-6.0,3.111,1.649
5281385_uff_e=2065.85_out,-6.0,4.053,1.94
5281385_uff_e=2065.85_out,-5.9,7.835,2.16
5281385_uff_e=2065.85_out,-5.9,28.36,23.782
5281385_uff_e=2065.85_out,-5.8,5.261,2.579
5281385_uff_e=2065.85_out,-5.8,19.323,15.501
5281385_uff_e=2065.85_out,-5.7,2.319,1.409
5281386_uff_e=1472.26_out,-9.5,0.0,0.0
5281386_uff_e=1472.26_out,-9.1,7.553,0.793
5281386_uff_e=1472.26_out,-9.0,27.899,24.577
5281386_uff_e=1472.26_out,-8.7,10.286,5.896
5281386_uff_e=1472.26_out,-8.5,11.432,6.52
5281386_uff_e=1472.26_out,-8.4,6.279,2.953
5281386_uff_e=1472.26_out,-8.3,7.058,2.647
5281386_uff_e=1472.26_out,-8.2,16.048,10.921
5281386_uff_e=1472.26_out,-8.2,5.768,2.82
5281391_uff_e=2080.97_out,-6.2,0.0,0.0
5281391_uff_e=2080.97_out,-6.2,8.63,2.627
5281391_uff_e=2080.97_out,-6.1,28.783,23.02
5281391_uff_e=2080.97_out,-6.1,8.194,4.04
5281391_uff_e=2080.97_out,-6.0,27.364,22.589
5281391_uff_e=2080.97_out,-6.0,2.679,1.44
5281391_uff_e=2080.97_out,-6.0,10.319,4.523
5281391_uff_e=2080.97_out,-6.0,28.585,22.821
5281391_uff_e=2080.97_out,-5.9,9.71,5.682
5281392_uff_e=669.64_out,-7.1,0.0,0.0
5281392_uff_e=669.64_out,-7.0,34.05,31.785
5281392_uff_e=669.64_out,-7.0,21.406,17.994
5281392_uff_e=669.64_out,-6.8,27.306,25.491
5281392_uff_e=669.64_out,-6.7,23.78,21.966
5281392_uff_e=669.64_out,-6.7,26.841,22.981
5281392_uff_e=669.64_out,-6.7,27.91,25.328
5281392_uff_e=669.64_out,-6.6,28.941,26.484
5281392_uff_e=669.64_out,-6.6,34.768,31.941
5281393_uff_e=519.76_out,-5.6,0.0,0.0
5281393_uff_e=519.76_out,-5.2,14.174,11.226
5281393_uff_e=519.76_out,-5.1,23.822,21.524
5281393_uff_e=519.76_out,-5.1,5.237,2.263
5281393_uff_e=519.76_out,-5.0,15.781,13.112
5281393_uff_e=519.76_out,-5.0,24.009,22.484
5281393_uff_e=519.76_out,-4.9,25.451,22.904
5281393_uff_e=519.76_out,-4.9,4.54,2.032
5281393_uff_e=519.76_out,-4.9,5.199,2.142
5281395_uff_e=466.22_out,-7.3,0.0,0.0
5281395_uff_e=466.22_out,-7.2,5.517,3.324
5281395_uff_e=466.22_out,-6.8,23.567,21.441
5281395_uff_e=466.22_out,-6.8,6.79,1.554
5281395_uff_e=466.22_out,-6.6,24.975,22.258
5281395_uff_e=466.22_out,-6.6,24.592,21.794
5281395_uff_e=466.22_out,-6.6,25.885,24.008
5281395_uff_e=466.22_out,-6.5,23.228,20.239
5281395_uff_e=466.22_out,-6.5,24.937,23.514
5281396_uff_e=501.16_out,-7.0,0.0,0.0
5281396_uff_e=501.16_out,-6.9,2.469,1.575
5281396_uff_e=501.16_out,-6.9,19.133,16.337
5281396_uff_e=501.16_out,-6.7,7.153,4.373
5281396_uff_e=501.16_out,-6.7,25.055,23.213
5281396_uff_e=501.16_out,-6.6,25.161,23.429
5281396_uff_e=501.16_out,-6.6,6.91,3.265
5281396_uff_e=501.16_out,-6.6,11.905,8.699
5281396_uff_e=501.16_out,-6.6,25.37,23.527
5281397_uff_e=2563.18_out,-7.9,0.0,0.0
5281397_uff_e=2563.18_out,-7.5,27.852,24.411
5281397_uff_e=2563.18_out,-7.5,27.399,23.471
5281397_uff_e=2563.18_out,-7.4,27.719,25.065
5281397_uff_e=2563.18_out,-7.3,27.373,23.895
5281397_uff_e=2563.18_out,-7.3,7.312,2.811
5281397_uff_e=2563.18_out,-7.2,8.306,2.781
5281397_uff_e=2563.18_out,-7.2,11.594,8.292
5281397_uff_e=2563.18_out,-7.1,28.515,23.988
5281400_uff_e=2405.72_out,-7.3,0.0,0.0
5281400_uff_e=2405.72_out,-7.2,23.743,21.637
5281400_uff_e=2405.72_out,-7.0,8.745,3.887
5281400_uff_e=2405.72_out,-7.0,25.971,22.31
5281400_uff_e=2405.72_out,-7.0,10.176,4.301
5281400_uff_e=2405.72_out,-6.9,8.86,3.984
5281400_uff_e=2405.72_out,-6.9,25.658,22.454
5281400_uff_e=2405.72_out,-6.7,7.264,3.535
5281400_uff_e=2405.72_out,-6.6,4.21,1.975
5281402_uff_e=327.90_out,-5.6,0.0,0.0
5281402_uff_e=327.90_out,-5.6,8.913,4.795
5281402_uff_e=327.90_out,-5.6,20.741,16.931
5281402_uff_e=327.90_out,-5.6,24.507,22.615
5281402_uff_e=327.90_out,-5.6,24.63,22.317
5281402_uff_e=327.90_out,-5.6,2.513,1.912
5281402_uff_e=327.90_out,-5.6,24.17,22.717
5281402_uff_e=327.90_out,-5.5,8.207,2.895
5281402_uff_e=327.90_out,-5.5,12.599,9.528
5281404_uff_e=277.56_out,-5.9,0.0,0.0
5281404_uff_e=277.56_out,-5.8,2.736,1.429
5281404_uff_e=277.56_out,-5.7,4.621,1.905
5281404_uff_e=277.56_out,-5.7,2.139,1.635
5281404_uff_e=277.56_out,-5.6,3.573,2.367
5281404_uff_e=277.56_out,-5.6,2.513,2.119
5281404_uff_e=277.56_out,-5.3,23.71,22.073
5281404_uff_e=277.56_out,-5.3,10.964,10.109
5281404_uff_e=277.56_out,-5.3,21.301,20.489
5281406_uff_e=388.69_out,-7.0,0.0,0.0
5281406_uff_e=388.69_out,-7.0,22.937,21.553
5281406_uff_e=388.69_out,-6.9,33.185,29.147
5281406_uff_e=388.69_out,-6.9,7.701,2.65
5281406_uff_e=388.69_out,-6.9,26.147,23.406
5281406_uff_e=388.69_out,-6.7,28.108,25.43
5281406_uff_e=388.69_out,-6.7,15.119,11.683
5281406_uff_e=388.69_out,-6.6,24.658,22.367
5281406_uff_e=388.69_out,-6.6,27.431,24.968
5281411_uff_e=1436.21_out,-8.1,0.0,0.0
5281411_uff_e=1436.21_out,-8.1,8.363,0.078
5281411_uff_e=1436.21_out,-8.0,27.529,24.315
5281411_uff_e=1436.21_out,-8.0,27.93,24.267
5281411_uff_e=1436.21_out,-7.8,27.233,23.447
5281411_uff_e=1436.21_out,-7.8,27.92,23.437
5281411_uff_e=1436.21_out,-7.7,27.569,23.548
5281411_uff_e=1436.21_out,-7.6,27.516,23.583
5281411_uff_e=1436.21_out,-7.6,26.979,23.837
5281416_uff_e=104.12_out,-5.9,0.0,0.0
5281416_uff_e=104.12_out,-5.5,4.472,1.08
5281416_uff_e=104.12_out,-5.5,2.253,1.171
5281416_uff_e=104.12_out,-5.4,5.007,1.081
5281416_uff_e=104.12_out,-5.4,21.115,20.391
5281416_uff_e=104.12_out,-5.3,19.811,18.698
5281416_uff_e=104.12_out,-5.3,21.184,20.594
5281416_uff_e=104.12_out,-5.2,2.956,1.702
5281416_uff_e=104.12_out,-5.2,4.119,2.539
5281417_uff_e=334.56_out,-6.8,0.0,0.0
5281417_uff_e=334.56_out,-6.2,9.61,4.093
5281417_uff_e=334.56_out,-6.1,30.876,29.213
5281417_uff_e=334.56_out,-6.1,21.117,17.994
5281417_uff_e=334.56_out,-6.1,9.101,4.016
5281417_uff_e=334.56_out,-6.1,21.022,18.277
5281417_uff_e=334.56_out,-6.0,17.065,14.45
5281417_uff_e=334.56_out,-6.0,18.074,14.831
5281417_uff_e=334.56_out,-6.0,20.916,18.6
5281418_uff_e=466.96_out,-6.5,0.0,0.0
5281418_uff_e=466.96_out,-6.3,27.464,25.391
5281418_uff_e=466.96_out,-6.1,14.631,11.38
5281418_uff_e=466.96_out,-6.0,3.535,1.04
5281418_uff_e=466.96_out,-5.9,23.664,20.223
5281418_uff_e=466.96_out,-5.9,24.459,22.778
5281418_uff_e=466.96_out,-5.8,25.955,23.597
5281418_uff_e=466.96_out,-5.8,26.247,23.97
5281418_uff_e=466.96_out,-5.8,24.574,22.762
5281419_uff_e=619.59_out,-7.3,0.0,0.0
5281419_uff_e=619.59_out,-6.7,28.867,25.556
5281419_uff_e=619.59_out,-6.6,26.071,24.059
5281419_uff_e=619.59_out,-6.6,29.345,26.16
5281419_uff_e=619.59_out,-6.5,6.079,2.253
5281419_uff_e=619.59_out,-6.5,26.177,23.315
5281419_uff_e=619.59_out,-6.5,21.902,18.272
5281419_uff_e=619.59_out,-6.4,28.077,24.86
5281419_uff_e=619.59_out,-6.4,28.104,24.85
