Ligand,Binding Affinity,rmsd/ub, rmsd/lb
199_uff_e=50.33_out,-3.9,0.0,0.0
199_uff_e=50.33_out,-3.8,3.409,1.385
199_uff_e=50.33_out,-3.8,3.108,1.854
199_uff_e=50.33_out,-3.6,4.089,2.089
199_uff_e=50.33_out,-3.6,3.196,2.186
199_uff_e=50.33_out,-3.6,3.579,1.975
199_uff_e=50.33_out,-3.5,19.283,18.35
199_uff_e=50.33_out,-3.5,3.006,2.095
199_uff_e=50.33_out,-3.5,22.373,21.516
264_uff_e=17.52_out,-3.8,0.0,0.0
264_uff_e=17.52_out,-3.4,3.971,3.185
264_uff_e=17.52_out,-3.3,18.816,18.235
264_uff_e=17.52_out,-3.3,18.247,18.071
264_uff_e=17.52_out,-3.3,18.404,18.283
264_uff_e=17.52_out,-3.1,10.389,9.571
264_uff_e=17.52_out,-3.1,16.379,15.889
264_uff_e=17.52_out,-3.1,19.74,19.095
264_uff_e=17.52_out,-3.1,21.245,20.608
323_uff_e=92.26_out,-5.6,0.0,0.0
323_uff_e=92.26_out,-5.6,2.145,1.25
323_uff_e=92.26_out,-5.4,19.309,18.651
323_uff_e=92.26_out,-5.4,19.222,18.744
323_uff_e=92.26_out,-5.3,4.148,2.276
323_uff_e=92.26_out,-5.3,3.081,2.311
323_uff_e=92.26_out,-5.1,2.103,1.586
323_uff_e=92.26_out,-5.0,2.976,1.502
323_uff_e=92.26_out,-5.0,22.707,21.139
325_uff_e=87.15_out,-5.2,0.0,0.0
325_uff_e=87.15_out,-5.1,1.912,0.697
325_uff_e=87.15_out,-5.0,3.647,2.454
325_uff_e=87.15_out,-5.0,4.735,2.579
325_uff_e=87.15_out,-5.0,3.725,2.357
325_uff_e=87.15_out,-4.8,22.197,21.14
325_uff_e=87.15_out,-4.8,22.126,21.16
325_uff_e=87.15_out,-4.8,4.885,3.21
325_uff_e=87.15_out,-4.7,5.376,3.26
326_uff_e=71.07_out,-5.3,0.0,0.0
326_uff_e=71.07_out,-5.2,1.468,0.141
326_uff_e=71.07_out,-4.9,2.802,1.857
326_uff_e=71.07_out,-4.7,4.818,3.301
326_uff_e=71.07_out,-4.7,22.144,21.064
326_uff_e=71.07_out,-4.7,22.096,21.064
326_uff_e=71.07_out,-4.7,3.873,2.512
326_uff_e=71.07_out,-4.6,4.717,2.885
326_uff_e=71.07_out,-4.6,4.559,2.852
370_uff_e=77.54_out,-5.5,0.0,0.0
370_uff_e=77.54_out,-5.5,2.405,0.203
370_uff_e=77.54_out,-5.1,12.091,10.327
370_uff_e=77.54_out,-5.1,11.986,10.265
370_uff_e=77.54_out,-5.1,12.361,10.748
370_uff_e=77.54_out,-5.0,12.444,10.84
370_uff_e=77.54_out,-5.0,3.425,1.733
370_uff_e=77.54_out,-4.9,12.814,10.842
370_uff_e=77.54_out,-4.8,4.698,1.236
379_uff_e=30.37_out,-4.3,0.0,0.0
379_uff_e=30.37_out,-3.9,5.318,4.158
379_uff_e=30.37_out,-3.9,20.876,19.285
379_uff_e=30.37_out,-3.9,10.626,9.25
379_uff_e=30.37_out,-3.9,2.047,1.267
379_uff_e=30.37_out,-3.9,21.068,19.668
379_uff_e=30.37_out,-3.8,21.239,19.864
379_uff_e=30.37_out,-3.8,3.548,2.807
379_uff_e=30.37_out,-3.8,22.503,21.611
412_uff_e=265.80_out,-4.8,0.0,0.0
412_uff_e=265.80_out,-4.6,4.566,1.151
412_uff_e=265.80_out,-4.4,4.626,2.991
412_uff_e=265.80_out,-4.4,2.817,2.211
412_uff_e=265.80_out,-4.4,19.832,18.805
412_uff_e=265.80_out,-4.3,21.486,20.008
412_uff_e=265.80_out,-4.3,10.906,9.681
412_uff_e=265.80_out,-4.3,14.291,13.441
412_uff_e=265.80_out,-4.2,3.44,2.43
502_uff_e=72.75_out,-3.9,0.0,0.0
502_uff_e=72.75_out,-3.7,21.97,21.017
502_uff_e=72.75_out,-3.7,15.208,14.206
502_uff_e=72.75_out,-3.6,2.743,2.003
502_uff_e=72.75_out,-3.6,22.454,21.977
502_uff_e=72.75_out,-3.6,4.52,1.945
502_uff_e=72.75_out,-3.6,2.157,1.695
502_uff_e=72.75_out,-3.6,22.132,21.792
502_uff_e=72.75_out,-3.5,3.793,2.036
681_uff_e=104.84_out,-4.7,0.0,0.0
681_uff_e=104.84_out,-4.6,2.463,1.526
681_uff_e=104.84_out,-4.6,3.111,2.25
681_uff_e=104.84_out,-4.6,11.293,9.567
681_uff_e=104.84_out,-4.6,12.646,11.181
681_uff_e=104.84_out,-4.6,19.293,18.887
681_uff_e=104.84_out,-4.5,11.484,9.99
681_uff_e=104.84_out,-4.4,19.908,19.326
681_uff_e=104.84_out,-4.4,19.732,19.218
802_uff_e=244.64_out,-5.5,0.0,0.0
802_uff_e=244.64_out,-5.3,4.564,3.663
802_uff_e=244.64_out,-5.2,3.692,2.863
802_uff_e=244.64_out,-5.1,20.288,19.389
802_uff_e=244.64_out,-5.0,13.253,11.98
802_uff_e=244.64_out,-5.0,22.409,21.392
802_uff_e=244.64_out,-5.0,5.39,4.12
802_uff_e=244.64_out,-5.0,2.357,1.66
802_uff_e=244.64_out,-5.0,15.549,14.052
896_uff_e=272.17_out,-5.3,0.0,0.0
896_uff_e=272.17_out,-5.3,20.651,19.411
896_uff_e=272.17_out,-5.3,2.789,2.064
896_uff_e=272.17_out,-5.2,20.115,19.286
896_uff_e=272.17_out,-5.1,23.363,21.6
896_uff_e=272.17_out,-5.1,23.78,22.122
896_uff_e=272.17_out,-5.0,23.324,20.976
896_uff_e=272.17_out,-5.0,23.044,21.6
896_uff_e=272.17_out,-4.9,23.758,22.588
936_uff_e=73.71_out,-4.6,0.0,0.0
936_uff_e=73.71_out,-4.5,13.76,12.879
936_uff_e=73.71_out,-4.5,18.899,18.712
936_uff_e=73.71_out,-4.3,13.474,12.808
936_uff_e=73.71_out,-4.3,19.07,18.909
936_uff_e=73.71_out,-4.2,13.209,13.018
936_uff_e=73.71_out,-4.1,1.958,1.237
936_uff_e=73.71_out,-4.1,13.6,12.745
936_uff_e=73.71_out,-4.1,11.798,10.795
938_uff_e=58.97_out,-4.9,0.0,0.0
938_uff_e=58.97_out,-4.6,3.613,2.677
938_uff_e=58.97_out,-4.4,11.524,10.594
938_uff_e=58.97_out,-4.4,12.494,11.641
938_uff_e=58.97_out,-4.2,12.272,11.515
938_uff_e=58.97_out,-4.2,3.435,2.486
938_uff_e=58.97_out,-4.2,18.97,18.727
938_uff_e=58.97_out,-4.0,19.203,18.76
938_uff_e=58.97_out,-4.0,22.11,21.416
985_uff_e=59.56_out,-4.2,0.0,0.0
985_uff_e=59.56_out,-4.1,23.421,21.832
985_uff_e=59.56_out,-4.1,23.542,22.08
985_uff_e=59.56_out,-4.1,5.001,2.259
985_uff_e=59.56_out,-4.0,2.811,1.574
985_uff_e=59.56_out,-4.0,3.922,1.445
985_uff_e=59.56_out,-4.0,23.364,21.827
985_uff_e=59.56_out,-3.9,2.276,1.325
985_uff_e=59.56_out,-3.9,24.651,23.268
1018_uff_e=55.44_out,-4.8,0.0,0.0
1018_uff_e=55.44_out,-4.7,3.896,2.776
1018_uff_e=55.44_out,-4.5,1.62,0.964
1018_uff_e=55.44_out,-4.4,12.252,11.536
1018_uff_e=55.44_out,-4.3,18.891,18.036
1018_uff_e=55.44_out,-4.3,11.371,10.649
1018_uff_e=55.44_out,-4.2,19.287,18.806
1018_uff_e=55.44_out,-4.1,18.885,18.547
1018_uff_e=55.44_out,-4.1,12.058,11.348
1057_uff_e=62.88_out,-4.5,0.0,0.0
1057_uff_e=62.88_out,-4.5,2.774,0.01
1057_uff_e=62.88_out,-4.3,18.709,17.899
1057_uff_e=62.88_out,-4.3,18.838,17.899
1057_uff_e=62.88_out,-4.3,1.93,1.168
1057_uff_e=62.88_out,-4.3,13.509,13.11
1057_uff_e=62.88_out,-4.3,13.589,13.107
1057_uff_e=62.88_out,-4.3,10.982,9.954
1057_uff_e=62.88_out,-4.3,11.605,10.608
1136_uff_e=202.30_out,-4.2,0.0,0.0
1136_uff_e=202.30_out,-4.0,10.776,9.723
1136_uff_e=202.30_out,-3.9,3.1,2.14
1136_uff_e=202.30_out,-3.9,2.157,1.267
1136_uff_e=202.30_out,-3.9,4.605,3.28
1136_uff_e=202.30_out,-3.8,2.457,1.825
1136_uff_e=202.30_out,-3.8,3.325,2.538
1136_uff_e=202.30_out,-3.8,10.518,9.718
1136_uff_e=202.30_out,-3.8,3.492,2.791
1137_uff_e=541.47_out,-4.7,0.0,0.0
1137_uff_e=541.47_out,-4.4,10.192,9.304
1137_uff_e=541.47_out,-4.4,2.404,1.403
1137_uff_e=541.47_out,-4.4,22.051,21.35
1137_uff_e=541.47_out,-4.3,5.681,4.735
1137_uff_e=541.47_out,-4.3,2.261,1.596
1137_uff_e=541.47_out,-4.2,16.105,15.572
1137_uff_e=541.47_out,-4.2,4.459,3.575
1137_uff_e=541.47_out,-4.2,22.174,21.237
1150_uff_e=251.94_out,-5.3,0.0,0.0
1150_uff_e=251.94_out,-5.0,2.255,1.903
1150_uff_e=251.94_out,-4.9,2.642,1.798
1150_uff_e=251.94_out,-4.6,4.455,1.861
1150_uff_e=251.94_out,-4.6,5.531,1.755
1150_uff_e=251.94_out,-4.6,22.489,21.01
1150_uff_e=251.94_out,-4.6,14.106,12.74
1150_uff_e=251.94_out,-4.6,12.531,11.4
1150_uff_e=251.94_out,-4.6,19.883,18.845
1188_uff_e=226.96_out,-5.0,0.0,0.0
1188_uff_e=226.96_out,-5.0,3.039,2.277
1188_uff_e=226.96_out,-5.0,3.327,1.661
1188_uff_e=226.96_out,-4.9,3.148,1.757
1188_uff_e=226.96_out,-4.9,3.535,2.398
1188_uff_e=226.96_out,-4.9,3.408,2.236
1188_uff_e=226.96_out,-4.8,4.195,2.308
1188_uff_e=226.96_out,-4.8,3.016,1.938
1188_uff_e=226.96_out,-4.7,13.833,13.525
1256_uff_e=114.10_out,-5.6,0.0,0.0
1256_uff_e=114.10_out,-5.3,4.311,2.662
1256_uff_e=114.10_out,-5.2,5.342,3.297
1256_uff_e=114.10_out,-5.1,4.347,2.728
1256_uff_e=114.10_out,-5.1,2.107,1.611
1256_uff_e=114.10_out,-5.1,21.93,20.683
1256_uff_e=114.10_out,-5.0,21.132,20.686
1256_uff_e=114.10_out,-5.0,5.764,4.018
1256_uff_e=114.10_out,-5.0,22.027,20.782
1832_uff_e=307.95_out,-5.2,0.0,0.0
1832_uff_e=307.95_out,-5.1,20.242,19.143
1832_uff_e=307.95_out,-4.8,3.262,2.158
1832_uff_e=307.95_out,-4.8,4.75,2.557
1832_uff_e=307.95_out,-4.8,23.599,22.365
1832_uff_e=307.95_out,-4.7,4.593,2.099
1832_uff_e=307.95_out,-4.7,22.581,20.803
1832_uff_e=307.95_out,-4.7,10.047,7.001
1832_uff_e=307.95_out,-4.6,11.547,9.236
1890_uff_e=204.69_out,-7.0,0.0,0.0
1890_uff_e=204.69_out,-6.6,5.168,3.846
1890_uff_e=204.69_out,-6.6,6.327,3.778
1890_uff_e=204.69_out,-6.4,24.437,23.05
1890_uff_e=204.69_out,-6.4,5.205,4.009
1890_uff_e=204.69_out,-6.3,23.412,22.286
1890_uff_e=204.69_out,-6.2,23.379,22.43
1890_uff_e=204.69_out,-6.2,23.548,21.73
1890_uff_e=204.69_out,-6.1,2.606,1.843
2153_uff_e=262.55_out,-5.3,0.0,0.0
2153_uff_e=262.55_out,-5.1,3.332,1.307
2153_uff_e=262.55_out,-4.8,3.421,2.122
2153_uff_e=262.55_out,-4.7,3.16,1.512
2153_uff_e=262.55_out,-4.6,2.983,1.721
2153_uff_e=262.55_out,-4.6,3.152,1.201
2153_uff_e=262.55_out,-4.6,2.949,1.306
2153_uff_e=262.55_out,-4.6,13.005,12.478
2153_uff_e=262.55_out,-4.6,3.309,1.935
2181_uff_e=107.04_out,-5.2,0.0,0.0
2181_uff_e=107.04_out,-5.0,2.229,1.5
2181_uff_e=107.04_out,-5.0,5.023,0.949
2181_uff_e=107.04_out,-4.9,5.107,1.769
2181_uff_e=107.04_out,-4.8,2.004,1.547
2181_uff_e=107.04_out,-4.8,23.647,22.502
2181_uff_e=107.04_out,-4.8,3.81,2.547
2181_uff_e=107.04_out,-4.7,4.897,1.099
2181_uff_e=107.04_out,-4.7,4.854,2.574
2230_uff_e=126.48_out,-4.4,0.0,0.0
2230_uff_e=126.48_out,-4.3,2.449,1.948
2230_uff_e=126.48_out,-4.0,11.465,10.974
2230_uff_e=126.48_out,-4.0,4.275,2.846
2230_uff_e=126.48_out,-4.0,11.2,10.566
2230_uff_e=126.48_out,-4.0,10.821,10.215
2230_uff_e=126.48_out,-4.0,3.913,2.758
2230_uff_e=126.48_out,-4.0,2.356,1.565
2230_uff_e=126.48_out,-3.9,11.359,10.666
2236_uff_e=741.61_out,-6.8,0.0,0.0
2236_uff_e=741.61_out,-6.6,23.501,22.322
2236_uff_e=741.61_out,-6.4,13.293,10.327
2236_uff_e=741.61_out,-6.2,20.021,18.127
2236_uff_e=741.61_out,-6.1,13.263,11.33
2236_uff_e=741.61_out,-6.1,23.345,22.361
2236_uff_e=741.61_out,-6.0,6.382,2.109
2236_uff_e=741.61_out,-6.0,24.867,23.524
2236_uff_e=741.61_out,-5.9,23.499,22.44
2353_uff_e=535.63_out,-7.3,0.0,0.0
2353_uff_e=535.63_out,-7.3,7.893,1.388
2353_uff_e=535.63_out,-7.0,19.823,17.126
2353_uff_e=535.63_out,-6.5,3.671,1.823
2353_uff_e=535.63_out,-6.5,8.678,3.074
2353_uff_e=535.63_out,-6.3,21.799,18.461
2353_uff_e=535.63_out,-6.3,23.529,22.091
2353_uff_e=535.63_out,-6.3,28.336,27.405
2353_uff_e=535.63_out,-6.3,24.949,23.118
2355_uff_e=340.72_out,-6.6,0.0,0.0
2355_uff_e=340.72_out,-5.7,5.094,1.555
2355_uff_e=340.72_out,-5.7,20.105,18.993
2355_uff_e=340.72_out,-5.7,22.333,21.152
2355_uff_e=340.72_out,-5.5,23.669,22.271
2355_uff_e=340.72_out,-5.3,4.47,1.893
2355_uff_e=340.72_out,-5.3,24.144,22.169
2355_uff_e=340.72_out,-5.2,4.622,1.826
2355_uff_e=340.72_out,-5.2,3.848,1.677
2519_uff_e=273.34_out,-5.2,0.0,0.0
2519_uff_e=273.34_out,-5.1,10.926,9.49
2519_uff_e=273.34_out,-4.6,12.176,10.268
2519_uff_e=273.34_out,-4.6,13.302,11.809
2519_uff_e=273.34_out,-4.6,18.899,17.161
2519_uff_e=273.34_out,-4.6,20.269,18.136
2519_uff_e=273.34_out,-4.6,13.398,11.589
2519_uff_e=273.34_out,-4.5,19.078,17.855
2519_uff_e=273.34_out,-4.5,18.467,17.287
2537_uff_e=393.94_out,-4.5,0.0,0.0
2537_uff_e=393.94_out,-4.5,11.455,10.038
2537_uff_e=393.94_out,-4.5,2.904,1.375
2537_uff_e=393.94_out,-4.4,2.249,1.222
2537_uff_e=393.94_out,-4.4,12.045,10.742
2537_uff_e=393.94_out,-4.4,2.989,1.788
2537_uff_e=393.94_out,-4.3,11.525,10.158
2537_uff_e=393.94_out,-4.3,2.527,1.311
2537_uff_e=393.94_out,-4.3,21.019,19.751
2543_uff_e=273.71_out,-7.0,0.0,0.0
2543_uff_e=273.71_out,-6.8,25.56,22.219
2543_uff_e=273.71_out,-6.8,25.569,22.213
2543_uff_e=273.71_out,-6.5,24.26,21.874
2543_uff_e=273.71_out,-6.5,3.344,1.119
2543_uff_e=273.71_out,-6.4,20.445,16.004
2543_uff_e=273.71_out,-6.4,20.739,15.852
2543_uff_e=273.71_out,-6.4,6.825,4.173
2543_uff_e=273.71_out,-6.4,5.562,3.34
2703_uff_e=638.49_out,-6.7,0.0,0.0
2703_uff_e=638.49_out,-6.6,14.456,13.005
2703_uff_e=638.49_out,-6.6,7.629,1.125
2703_uff_e=638.49_out,-6.4,12.83,10.565
2703_uff_e=638.49_out,-6.4,13.328,10.943
2703_uff_e=638.49_out,-6.4,12.129,11.55
2703_uff_e=638.49_out,-6.2,26.823,24.911
2703_uff_e=638.49_out,-6.2,30.493,27.801
2703_uff_e=638.49_out,-6.2,14.286,12.292
2758_uff_e=345.66_out,-4.7,0.0,0.0
2758_uff_e=345.66_out,-4.6,2.963,1.352
2758_uff_e=345.66_out,-4.5,10.959,9.74
2758_uff_e=345.66_out,-4.5,3.402,1.099
2758_uff_e=345.66_out,-4.4,11.489,10.312
2758_uff_e=345.66_out,-4.4,22.754,21.304
2758_uff_e=345.66_out,-4.4,3.103,1.389
2758_uff_e=345.66_out,-4.4,2.856,1.151
2758_uff_e=345.66_out,-4.4,2.081,1.353
2832_uff_e=755.50_out,-6.0,0.0,0.0
2832_uff_e=755.50_out,-5.9,6.799,1.942
2832_uff_e=755.50_out,-5.6,25.18,23.489
2832_uff_e=755.50_out,-5.5,23.332,20.999
2832_uff_e=755.50_out,-5.3,2.571,1.763
2832_uff_e=755.50_out,-5.3,27.553,25.385
2832_uff_e=755.50_out,-5.3,25.469,23.719
2832_uff_e=755.50_out,-5.3,28.179,25.567
2832_uff_e=755.50_out,-5.3,21.217,18.342
2950_uff_e=182.14_out,-7.2,0.0,0.0
2950_uff_e=182.14_out,-7.1,4.759,0.105
2950_uff_e=182.14_out,-6.4,3.158,1.058
2950_uff_e=182.14_out,-6.3,21.111,19.488
2950_uff_e=182.14_out,-6.2,20.597,19.506
2950_uff_e=182.14_out,-6.1,4.8,1.507
2950_uff_e=182.14_out,-6.1,4.43,2.52
2950_uff_e=182.14_out,-6.0,4.536,2.106
2950_uff_e=182.14_out,-6.0,5.686,1.138
2969_uff_e=38.52_out,-4.4,0.0,0.0
2969_uff_e=38.52_out,-4.4,20.528,19.118
2969_uff_e=38.52_out,-4.4,16.064,13.473
2969_uff_e=38.52_out,-4.2,21.561,19.734
2969_uff_e=38.52_out,-4.2,17.684,16.638
2969_uff_e=38.52_out,-4.1,22.164,21.133
2969_uff_e=38.52_out,-4.1,6.101,4.173
2969_uff_e=38.52_out,-4.1,21.655,19.992
2969_uff_e=38.52_out,-4.1,21.666,19.635
3213_uff_e=383.43_out,-6.5,0.0,0.0
3213_uff_e=383.43_out,-6.5,9.417,8.283
3213_uff_e=383.43_out,-6.5,10.642,9.546
3213_uff_e=383.43_out,-6.5,11.543,8.725
3213_uff_e=383.43_out,-6.5,10.025,7.672
3213_uff_e=383.43_out,-6.5,23.353,20.71
3213_uff_e=383.43_out,-6.4,9.504,8.149
3213_uff_e=383.43_out,-6.3,5.343,1.712
3213_uff_e=383.43_out,-6.3,22.844,20.149
3220_uff_e=214.07_out,-6.9,0.0,0.0
3220_uff_e=214.07_out,-6.8,6.373,1.6
3220_uff_e=214.07_out,-6.8,5.518,1.289
3220_uff_e=214.07_out,-6.6,6.232,2.508
3220_uff_e=214.07_out,-6.5,3.285,1.078
3220_uff_e=214.07_out,-6.4,1.728,1.429
3220_uff_e=214.07_out,-6.3,14.628,12.696
3220_uff_e=214.07_out,-6.2,13.317,10.886
3220_uff_e=214.07_out,-6.1,5.383,2.541
3314_uff_e=170.50_out,-5.0,0.0,0.0
3314_uff_e=170.50_out,-4.9,4.78,3.282
3314_uff_e=170.50_out,-4.9,21.806,20.999
3314_uff_e=170.50_out,-4.8,5.079,3.22
3314_uff_e=170.50_out,-4.8,4.943,3.175
3314_uff_e=170.50_out,-4.8,2.576,1.152
3314_uff_e=170.50_out,-4.5,4.327,2.298
3314_uff_e=170.50_out,-4.5,22.59,21.858
3314_uff_e=170.50_out,-4.5,22.442,21.478
3442_uff_e=92.60_out,-5.3,0.0,0.0
3442_uff_e=92.60_out,-4.9,22.659,21.908
3442_uff_e=92.60_out,-4.8,14.705,13.667
3442_uff_e=92.60_out,-4.8,5.443,3.901
3442_uff_e=92.60_out,-4.7,2.267,1.238
3442_uff_e=92.60_out,-4.7,23.319,22.558
3442_uff_e=92.60_out,-4.7,21.33,20.6
3442_uff_e=92.60_out,-4.7,21.969,21.039
3442_uff_e=92.60_out,-4.7,23.425,22.381
3503_uff_e=895.61_out,-7.3,0.0,0.0
3503_uff_e=895.61_out,-7.2,25.191,21.821
3503_uff_e=895.61_out,-7.1,24.186,21.837
3503_uff_e=895.61_out,-7.1,8.929,1.796
3503_uff_e=895.61_out,-7.0,25.486,21.975
3503_uff_e=895.61_out,-7.0,24.024,22.029
3503_uff_e=895.61_out,-6.6,27.3,24.405
3503_uff_e=895.61_out,-6.6,10.355,6.41
3503_uff_e=895.61_out,-6.6,12.721,6.46
3515_uff_e=293.98_out,-6.7,0.0,0.0
3515_uff_e=293.98_out,-6.4,3.247,0.937
3515_uff_e=293.98_out,-6.3,3.899,1.362
3515_uff_e=293.98_out,-6.3,4.027,1.4
3515_uff_e=293.98_out,-6.1,5.158,1.755
3515_uff_e=293.98_out,-5.9,5.062,2.234
3515_uff_e=293.98_out,-5.9,5.379,1.545
3515_uff_e=293.98_out,-5.9,23.995,21.127
3515_uff_e=293.98_out,-5.9,23.128,21.39
3532_uff_e=98.94_out,-4.7,0.0,0.0
3532_uff_e=98.94_out,-4.5,11.296,10.547
3532_uff_e=98.94_out,-4.2,11.985,11.005
3532_uff_e=98.94_out,-4.2,3.529,2.547
3532_uff_e=98.94_out,-4.1,12.312,11.488
3532_uff_e=98.94_out,-4.1,19.161,18.703
3532_uff_e=98.94_out,-4.1,3.26,2.462
3532_uff_e=98.94_out,-4.1,12.079,10.91
3532_uff_e=98.94_out,-4.1,12.171,11.456
3564_uff_e=338.24_out,-5.8,0.0,0.0
3564_uff_e=338.24_out,-5.5,24.084,22.629
3564_uff_e=338.24_out,-5.5,24.352,22.574
3564_uff_e=338.24_out,-5.4,24.226,22.319
3564_uff_e=338.24_out,-5.4,16.746,14.392
3564_uff_e=338.24_out,-5.4,5.3,2.973
3564_uff_e=338.24_out,-5.4,2.442,1.279
3564_uff_e=338.24_out,-5.4,10.017,8.679
3564_uff_e=338.24_out,-5.3,13.973,12.356
3611_uff_e=178.61_out,-5.3,0.0,0.0
3611_uff_e=178.61_out,-5.3,22.814,21.816
3611_uff_e=178.61_out,-5.2,4.596,2.942
3611_uff_e=178.61_out,-5.2,4.396,2.986
3611_uff_e=178.61_out,-5.0,4.696,3.123
3611_uff_e=178.61_out,-5.0,5.054,3.409
3611_uff_e=178.61_out,-4.9,13.286,12.125
3611_uff_e=178.61_out,-4.9,21.062,19.835
3611_uff_e=178.61_out,-4.8,4.989,2.971
3663_uff_e=951.34_out,-8.5,0.0,0.0
3663_uff_e=951.34_out,-8.5,5.732,0.144
3663_uff_e=951.34_out,-8.4,5.762,1.494
3663_uff_e=951.34_out,-8.4,5.947,1.716
3663_uff_e=951.34_out,-8.4,4.011,1.653
3663_uff_e=951.34_out,-8.4,6.624,1.495
3663_uff_e=951.34_out,-7.8,26.714,22.058
3663_uff_e=951.34_out,-7.8,23.53,21.402
3663_uff_e=951.34_out,-7.8,25.745,20.975
3764_uff_e=335.99_out,-6.8,0.0,0.0
3764_uff_e=335.99_out,-6.7,2.391,1.387
3764_uff_e=335.99_out,-6.7,7.132,4.888
3764_uff_e=335.99_out,-6.4,24.323,23.264
3764_uff_e=335.99_out,-6.3,23.519,22.426
3764_uff_e=335.99_out,-6.2,7.241,4.966
3764_uff_e=335.99_out,-6.2,26.978,22.793
3764_uff_e=335.99_out,-6.2,23.762,22.394
3764_uff_e=335.99_out,-6.2,24.533,22.988
3806_uff_e=93.00_out,-6.1,0.0,0.0
3806_uff_e=93.00_out,-5.7,3.215,0.915
3806_uff_e=93.00_out,-5.4,1.281,0.935
3806_uff_e=93.00_out,-5.4,19.406,18.785
3806_uff_e=93.00_out,-5.4,3.27,0.737
3806_uff_e=93.00_out,-5.3,19.987,19.06
3806_uff_e=93.00_out,-5.3,3.107,1.7
3806_uff_e=93.00_out,-5.3,19.778,18.928
3806_uff_e=93.00_out,-5.2,12.892,11.852
3828_uff_e=402.42_out,-5.8,0.0,0.0
3828_uff_e=402.42_out,-5.6,12.449,11.204
3828_uff_e=402.42_out,-5.3,20.372,17.771
3828_uff_e=402.42_out,-5.3,11.193,10.254
3828_uff_e=402.42_out,-5.2,24.556,22.041
3828_uff_e=402.42_out,-5.2,19.396,16.175
3828_uff_e=402.42_out,-5.2,19.099,16.811
3828_uff_e=402.42_out,-5.2,19.645,17.343
3828_uff_e=402.42_out,-5.1,13.392,10.027
3884_uff_e=168.41_out,-6.6,0.0,0.0
3884_uff_e=168.41_out,-6.1,3.421,1.727
3884_uff_e=168.41_out,-6.1,2.735,1.098
3884_uff_e=168.41_out,-6.0,22.549,20.325
3884_uff_e=168.41_out,-5.8,2.372,1.487
3884_uff_e=168.41_out,-5.8,23.247,22.075
3884_uff_e=168.41_out,-5.7,23.165,21.473
3884_uff_e=168.41_out,-5.6,4.758,3.294
3884_uff_e=168.41_out,-5.6,24.493,22.981
3893_uff_e=44.09_out,-4.2,0.0,0.0
3893_uff_e=44.09_out,-4.1,22.293,20.374
3893_uff_e=44.09_out,-4.0,22.073,20.377
3893_uff_e=44.09_out,-4.0,23.546,22.08
3893_uff_e=44.09_out,-4.0,3.444,1.799
3893_uff_e=44.09_out,-4.0,5.216,2.706
3893_uff_e=44.09_out,-3.9,6.248,4.69
3893_uff_e=44.09_out,-3.9,5.571,3.478
3893_uff_e=44.09_out,-3.9,21.534,18.629
4076_uff_e=251.14_out,-4.3,0.0,0.0
4076_uff_e=251.14_out,-4.3,23.615,22.278
4076_uff_e=251.14_out,-4.3,3.204,2.349
4076_uff_e=251.14_out,-4.3,12.109,10.795
4076_uff_e=251.14_out,-4.2,11.809,10.767
4076_uff_e=251.14_out,-4.2,3.332,2.456
4076_uff_e=251.14_out,-4.2,3.285,0.823
4076_uff_e=251.14_out,-4.2,11.942,11.169
4076_uff_e=251.14_out,-4.2,20.025,19.409
4114_uff_e=300.89_out,-5.9,0.0,0.0
4114_uff_e=300.89_out,-5.7,3.351,1.855
4114_uff_e=300.89_out,-5.7,4.363,1.928
4114_uff_e=300.89_out,-5.6,20.118,19.612
4114_uff_e=300.89_out,-5.5,10.608,10.184
4114_uff_e=300.89_out,-5.5,23.123,22.307
4114_uff_e=300.89_out,-5.5,24.53,22.471
4114_uff_e=300.89_out,-5.4,23.508,22.2
4114_uff_e=300.89_out,-5.3,11.663,9.76
4276_uff_e=284.96_out,-5.1,0.0,0.0
4276_uff_e=284.96_out,-5.0,22.618,21.304
4276_uff_e=284.96_out,-4.9,23.75,22.421
4276_uff_e=284.96_out,-4.8,21.868,20.363
4276_uff_e=284.96_out,-4.8,18.866,17.197
4276_uff_e=284.96_out,-4.7,16.338,14.158
4276_uff_e=284.96_out,-4.7,23.152,21.509
4276_uff_e=284.96_out,-4.7,23.609,22.334
4276_uff_e=284.96_out,-4.7,23.275,22.128
4501_uff_e=629.53_out,-6.9,0.0,0.0
4501_uff_e=629.53_out,-6.8,5.001,2.722
4501_uff_e=629.53_out,-6.7,20.204,17.294
4501_uff_e=629.53_out,-6.7,20.506,18.019
4501_uff_e=629.53_out,-6.6,12.5,10.092
4501_uff_e=629.53_out,-6.5,21.97,19.778
4501_uff_e=629.53_out,-6.5,21.714,18.331
4501_uff_e=629.53_out,-6.5,8.621,2.642
4501_uff_e=629.53_out,-6.4,12.287,9.735
4534_uff_e=237.32_out,-6.3,0.0,0.0
4534_uff_e=237.32_out,-6.3,25.179,22.89
4534_uff_e=237.32_out,-6.3,25.071,22.916
4534_uff_e=237.32_out,-6.2,6.514,2.205
4534_uff_e=237.32_out,-6.2,25.829,23.591
4534_uff_e=237.32_out,-6.2,25.899,23.595
4534_uff_e=237.32_out,-6.1,5.128,1.41
4534_uff_e=237.32_out,-5.9,23.162,20.143
4534_uff_e=237.32_out,-5.9,21.313,18.67
4680_uff_e=461.62_out,-6.1,0.0,0.0
4680_uff_e=461.62_out,-6.0,7.855,2.453
4680_uff_e=461.62_out,-6.0,20.67,17.827
4680_uff_e=461.62_out,-5.9,8.078,3.815
4680_uff_e=461.62_out,-5.9,20.936,18.095
4680_uff_e=461.62_out,-5.7,21.525,19.302
4680_uff_e=461.62_out,-5.7,3.801,3.008
4680_uff_e=461.62_out,-5.7,19.093,15.214
4680_uff_e=461.62_out,-5.6,24.182,22.189
4687_uff_e=259.38_out,-5.2,0.0,0.0
4687_uff_e=259.38_out,-5.1,14.133,13.601
4687_uff_e=259.38_out,-5.1,3.52,2.448
4687_uff_e=259.38_out,-4.9,3.748,1.464
4687_uff_e=259.38_out,-4.9,2.102,1.778
4687_uff_e=259.38_out,-4.8,2.992,2.335
4687_uff_e=259.38_out,-4.8,4.064,2.321
4687_uff_e=259.38_out,-4.8,2.692,2.068
4687_uff_e=259.38_out,-4.7,21.117,19.311
4788_uff_e=340.81_out,-5.9,0.0,0.0
4788_uff_e=340.81_out,-5.8,2.16,0.081
4788_uff_e=340.81_out,-5.8,23.454,21.766
4788_uff_e=340.81_out,-5.8,6.402,3.393
4788_uff_e=340.81_out,-5.8,23.029,21.415
4788_uff_e=340.81_out,-5.7,22.268,20.842
4788_uff_e=340.81_out,-5.7,2.981,1.505
4788_uff_e=340.81_out,-5.7,21.267,18.79
4788_uff_e=340.81_out,-5.7,23.307,21.398
4825_uff_e=375.35_out,-5.7,0.0,0.0
4825_uff_e=375.35_out,-5.7,12.763,11.048
4825_uff_e=375.35_out,-5.7,13.687,10.862
4825_uff_e=375.35_out,-5.6,13.535,12.565
4825_uff_e=375.35_out,-5.5,22.016,19.314
4825_uff_e=375.35_out,-5.4,14.234,11.615
4825_uff_e=375.35_out,-5.2,13.017,10.683
4825_uff_e=375.35_out,-5.2,14.992,13.845
4825_uff_e=375.35_out,-5.2,13.08,10.702
4871_uff_e=473.78_out,-7.2,0.0,0.0
4871_uff_e=473.78_out,-7.1,19.3,14.639
4871_uff_e=473.78_out,-7.0,24.651,22.773
4871_uff_e=473.78_out,-6.9,9.267,5.322
4871_uff_e=473.78_out,-6.9,14.566,9.303
4871_uff_e=473.78_out,-6.8,31.192,25.707
4871_uff_e=473.78_out,-6.7,29.985,25.2
4871_uff_e=473.78_out,-6.6,15.611,11.969
4871_uff_e=473.78_out,-6.6,26.314,23.502
4970_uff_e=627.10_out,-7.4,0.0,0.0
4970_uff_e=627.10_out,-7.2,5.628,3.355
4970_uff_e=627.10_out,-7.0,5.263,3.835
4970_uff_e=627.10_out,-7.0,26.618,24.289
4970_uff_e=627.10_out,-7.0,6.628,2.644
4970_uff_e=627.10_out,-6.9,8.411,2.8
4970_uff_e=627.10_out,-6.9,3.8,2.156
4970_uff_e=627.10_out,-6.6,26.811,24.574
4970_uff_e=627.10_out,-6.6,36.14,32.187
5154_uff_e=576.56_out,-7.4,0.0,0.0
5154_uff_e=576.56_out,-7.2,7.365,1.045
5154_uff_e=576.56_out,-7.1,1.988,1.222
5154_uff_e=576.56_out,-7.1,13.456,11.481
5154_uff_e=576.56_out,-7.1,11.22,10.836
5154_uff_e=576.56_out,-7.0,22.661,20.582
5154_uff_e=576.56_out,-7.0,11.922,11.664
5154_uff_e=576.56_out,-7.0,22.548,20.261
5154_uff_e=576.56_out,-6.9,13.83,12.33
5202_uff_e=255.41_out,-5.2,0.0,0.0
5202_uff_e=255.41_out,-5.2,3.221,2.019
5202_uff_e=255.41_out,-5.0,19.672,18.947
5202_uff_e=255.41_out,-4.7,19.945,19.119
5202_uff_e=255.41_out,-4.7,2.598,2.431
5202_uff_e=255.41_out,-4.7,13.157,11.509
5202_uff_e=255.41_out,-4.7,4.948,3.246
5202_uff_e=255.41_out,-4.6,20.675,20.067
5202_uff_e=255.41_out,-4.6,12.307,10.303
5213_uff_e=445.19_out,-7.9,0.0,0.0
5213_uff_e=445.19_out,-7.7,9.435,2.367
5213_uff_e=445.19_out,-7.7,2.866,2.41
5213_uff_e=445.19_out,-7.4,5.391,3.373
5213_uff_e=445.19_out,-7.3,9.755,2.869
5213_uff_e=445.19_out,-7.3,5.031,3.226
5213_uff_e=445.19_out,-7.3,9.537,3.136
5213_uff_e=445.19_out,-7.2,21.788,19.74
5213_uff_e=445.19_out,-7.2,22.762,21.509
5429_uff_e=252.52_out,-5.0,0.0,0.0
5429_uff_e=252.52_out,-5.0,18.461,17.338
5429_uff_e=252.52_out,-4.9,18.318,17.343
5429_uff_e=252.52_out,-4.8,3.62,0.944
5429_uff_e=252.52_out,-4.7,18.672,17.473
5429_uff_e=252.52_out,-4.6,16.609,15.192
5429_uff_e=252.52_out,-4.6,17.38,15.928
5429_uff_e=252.52_out,-4.6,18.794,17.753
5429_uff_e=252.52_out,-4.5,19.005,17.671
5570_uff_e=69.00_out,-5.2,0.0,0.0
5570_uff_e=69.00_out,-4.8,2.034,1.019
5570_uff_e=69.00_out,-4.7,3.417,2.667
5570_uff_e=69.00_out,-4.7,12.782,11.622
5570_uff_e=69.00_out,-4.6,19.287,18.873
5570_uff_e=69.00_out,-4.5,11.47,11.23
5570_uff_e=69.00_out,-4.3,3.2,2.377
5570_uff_e=69.00_out,-4.3,3.238,2.266
5570_uff_e=69.00_out,-4.3,17.796,16.996
5585_uff_e=275.06_out,-6.9,0.0,0.0
5585_uff_e=275.06_out,-6.8,4.868,2.353
5585_uff_e=275.06_out,-6.7,4.087,2.572
5585_uff_e=275.06_out,-6.0,5.934,3.024
5585_uff_e=275.06_out,-5.9,22.571,21.244
5585_uff_e=275.06_out,-5.9,5.492,3.616
5585_uff_e=275.06_out,-5.8,21.953,21.304
5585_uff_e=275.06_out,-5.8,11.959,11.777
5585_uff_e=275.06_out,-5.7,5.129,2.037
5610_uff_e=98.27_out,-4.7,0.0,0.0
5610_uff_e=98.27_out,-4.7,3.018,2.46
5610_uff_e=98.27_out,-4.6,2.994,2.343
5610_uff_e=98.27_out,-4.5,2.35,2.122
5610_uff_e=98.27_out,-4.3,19.197,18.917
5610_uff_e=98.27_out,-4.3,19.208,18.921
5610_uff_e=98.27_out,-4.3,12.683,12.052
5610_uff_e=98.27_out,-4.3,12.666,12.032
5610_uff_e=98.27_out,-4.2,22.731,21.859
5761_uff_e=571.68_out,-7.4,0.0,0.0
5761_uff_e=571.68_out,-6.2,25.736,23.014
5761_uff_e=571.68_out,-6.2,5.097,2.682
5761_uff_e=571.68_out,-6.1,24.34,22.241
5761_uff_e=571.68_out,-6.1,10.943,7.833
5761_uff_e=571.68_out,-6.0,24.04,21.523
5761_uff_e=571.68_out,-6.0,4.055,3.575
5761_uff_e=571.68_out,-6.0,7.308,4.244
5761_uff_e=571.68_out,-5.9,27.426,24.157
5770_uff_e=776.97_out,-6.9,0.0,0.0
5770_uff_e=776.97_out,-6.8,11.823,4.554
5770_uff_e=776.97_out,-6.8,26.415,22.163
5770_uff_e=776.97_out,-6.8,2.881,1.935
5770_uff_e=776.97_out,-6.8,11.742,4.537
5770_uff_e=776.97_out,-6.7,27.009,22.62
5770_uff_e=776.97_out,-6.7,27.442,23.403
5770_uff_e=776.97_out,-6.7,23.761,21.475
5770_uff_e=776.97_out,-6.7,10.226,3.331
5870_uff_e=362.98_out,-7.0,0.0,0.0
5870_uff_e=362.98_out,-7.0,23.934,22.356
5870_uff_e=362.98_out,-6.9,3.072,1.726
5870_uff_e=362.98_out,-6.8,25.588,22.437
5870_uff_e=362.98_out,-6.8,23.319,22.085
5870_uff_e=362.98_out,-6.7,4.493,2.864
5870_uff_e=362.98_out,-6.6,23.467,21.968
5870_uff_e=362.98_out,-6.6,3.764,2.29
5870_uff_e=362.98_out,-6.5,23.978,22.677
5910_uff_e=368.14_out,-4.9,0.0,0.0
5910_uff_e=368.14_out,-4.8,22.217,20.537
5910_uff_e=368.14_out,-4.7,3.09,1.853
5910_uff_e=368.14_out,-4.6,13.136,11.145
5910_uff_e=368.14_out,-4.6,10.78,9.209
5910_uff_e=368.14_out,-4.5,3.774,2.533
5910_uff_e=368.14_out,-4.5,22.604,21.413
5910_uff_e=368.14_out,-4.4,2.04,1.231
5910_uff_e=368.14_out,-4.4,12.579,10.504
5953_uff_e=531.96_out,-6.2,0.0,0.0
5953_uff_e=531.96_out,-6.2,27.093,24.12
5953_uff_e=531.96_out,-5.9,13.834,12.323
5953_uff_e=531.96_out,-5.9,24.109,22.838
5953_uff_e=531.96_out,-5.9,25.865,23.773
5953_uff_e=531.96_out,-5.8,27.463,24.419
5953_uff_e=531.96_out,-5.8,24.056,22.65
5953_uff_e=531.96_out,-5.8,4.553,2.594
5953_uff_e=531.96_out,-5.8,4.003,2.262
5983_uff_e=485.80_out,-6.3,0.0,0.0
5983_uff_e=485.80_out,-6.1,24.978,22.844
5983_uff_e=485.80_out,-5.7,2.282,1.739
5983_uff_e=485.80_out,-5.6,22.232,19.141
5983_uff_e=485.80_out,-5.6,31.825,29.047
5983_uff_e=485.80_out,-5.6,20.828,17.504
5983_uff_e=485.80_out,-5.6,3.926,2.141
5983_uff_e=485.80_out,-5.4,24.398,23.103
5983_uff_e=485.80_out,-5.4,23.854,22.26
5997_uff_e=551.25_out,-6.8,0.0,0.0
5997_uff_e=551.25_out,-6.8,23.38,21.907
5997_uff_e=551.25_out,-6.7,8.497,3.17
5997_uff_e=551.25_out,-6.7,8.259,3.692
5997_uff_e=551.25_out,-6.4,23.297,21.775
5997_uff_e=551.25_out,-6.3,8.371,3.443
5997_uff_e=551.25_out,-6.3,26.048,22.745
5997_uff_e=551.25_out,-6.3,24.334,22.931
5997_uff_e=551.25_out,-6.3,26.115,24.083
6000_uff_e=964.58_out,-8.3,0.0,0.0
6000_uff_e=964.58_out,-7.7,33.472,30.433
6000_uff_e=964.58_out,-7.3,29.412,26.012
6000_uff_e=964.58_out,-7.3,40.838,37.927
6000_uff_e=964.58_out,-7.2,32.276,30.396
6000_uff_e=964.58_out,-7.2,10.178,4.947
6000_uff_e=964.58_out,-7.2,29.701,25.301
6000_uff_e=964.58_out,-7.1,31.585,27.454
6000_uff_e=964.58_out,-7.1,25.048,20.318
6013_uff_e=476.42_out,-7.2,0.0,0.0
6013_uff_e=476.42_out,-7.0,6.599,1.049
6013_uff_e=476.42_out,-6.9,24.031,22.662
6013_uff_e=476.42_out,-6.8,4.455,2.963
6013_uff_e=476.42_out,-6.6,25.449,23.027
6013_uff_e=476.42_out,-6.6,24.214,23.142
6013_uff_e=476.42_out,-6.2,25.871,23.782
6013_uff_e=476.42_out,-6.1,3.791,2.093
6013_uff_e=476.42_out,-6.0,4.221,2.892
6070_uff_e=646.75_out,-7.9,0.0,0.0
6070_uff_e=646.75_out,-7.5,3.664,2.557
6070_uff_e=646.75_out,-7.4,23.298,19.99
6070_uff_e=646.75_out,-7.3,26.707,23.609
6070_uff_e=646.75_out,-7.3,9.407,2.423
6070_uff_e=646.75_out,-7.3,21.062,18.86
6070_uff_e=646.75_out,-7.3,37.11,34.255
6070_uff_e=646.75_out,-7.2,2.319,1.947
6070_uff_e=646.75_out,-7.2,10.522,3.593
6072_uff_e=472.67_out,-6.9,0.0,0.0
6072_uff_e=472.67_out,-6.5,23.833,20.799
6072_uff_e=472.67_out,-6.4,23.527,21.243
6072_uff_e=472.67_out,-6.4,1.94,1.579
6072_uff_e=472.67_out,-6.3,5.437,2.3
6072_uff_e=472.67_out,-6.3,7.794,3.719
6072_uff_e=472.67_out,-6.3,23.966,20.923
6072_uff_e=472.67_out,-6.2,21.212,17.011
6072_uff_e=472.67_out,-6.2,21.99,18.149
6088_uff_e=260.50_out,-5.4,0.0,0.0
6088_uff_e=260.50_out,-5.1,1.838,1.632
6088_uff_e=260.50_out,-5.1,4.733,1.739
6088_uff_e=260.50_out,-5.0,2.666,1.662
6088_uff_e=260.50_out,-5.0,2.508,1.888
6088_uff_e=260.50_out,-4.9,2.812,1.95
6088_uff_e=260.50_out,-4.7,20.095,18.911
6088_uff_e=260.50_out,-4.6,23.32,21.382
6088_uff_e=260.50_out,-4.6,24.356,22.447
6089_uff_e=293.31_out,-5.6,0.0,0.0
6089_uff_e=293.31_out,-5.4,2.276,1.662
6089_uff_e=293.31_out,-5.2,2.371,1.546
6089_uff_e=293.31_out,-5.0,4.095,3.21
6089_uff_e=293.31_out,-4.8,3.734,2.848
6089_uff_e=293.31_out,-4.7,23.189,21.085
6089_uff_e=293.31_out,-4.7,22.083,21.21
6089_uff_e=293.31_out,-4.6,20.841,19.219
6089_uff_e=293.31_out,-4.6,2.882,1.987
6128_uff_e=373.36_out,-7.2,0.0,0.0
6128_uff_e=373.36_out,-7.1,4.475,2.995
6128_uff_e=373.36_out,-6.9,24.206,22.875
6128_uff_e=373.36_out,-6.8,23.968,22.765
6128_uff_e=373.36_out,-6.8,24.073,23.109
6128_uff_e=373.36_out,-6.6,24.175,22.85
6128_uff_e=373.36_out,-6.3,25.909,22.415
6128_uff_e=373.36_out,-6.3,3.83,2.156
6128_uff_e=373.36_out,-6.2,16.125,14.249
6167_uff_e=807.40_out,-6.1,0.0,0.0
6167_uff_e=807.40_out,-6.1,26.224,23.386
6167_uff_e=807.40_out,-6.0,25.517,23.57
6167_uff_e=807.40_out,-5.9,6.943,2.286
6167_uff_e=807.40_out,-5.5,6.166,2.153
6167_uff_e=807.40_out,-5.5,27.711,24.76
6167_uff_e=807.40_out,-5.5,24.201,21.543
6167_uff_e=807.40_out,-5.3,35.088,32.827
6167_uff_e=807.40_out,-5.3,13.433,11.405
6185_uff_e=717.31_out,-6.9,0.0,0.0
6185_uff_e=717.31_out,-6.8,25.205,23.332
6185_uff_e=717.31_out,-6.7,25.225,23.094
6185_uff_e=717.31_out,-6.6,5.68,3.514
6185_uff_e=717.31_out,-6.5,2.662,1.722
6185_uff_e=717.31_out,-6.3,25.99,24.011
6185_uff_e=717.31_out,-6.3,24.819,22.934
6185_uff_e=717.31_out,-6.2,26.479,24.161
6185_uff_e=717.31_out,-6.2,26.89,24.177
6199_uff_e=250.95_out,-6.8,0.0,0.0
6199_uff_e=250.95_out,-5.8,21.414,20.519
6199_uff_e=250.95_out,-5.8,20.189,18.83
6199_uff_e=250.95_out,-5.8,2.102,1.37
6199_uff_e=250.95_out,-5.7,5.218,2.368
6199_uff_e=250.95_out,-5.6,4.388,2.75
6199_uff_e=250.95_out,-5.6,3.275,2.563
6199_uff_e=250.95_out,-5.5,23.073,22.172
6199_uff_e=250.95_out,-5.4,4.544,3.217
6293_uff_e=178.93_out,-6.8,0.0,0.0
6293_uff_e=178.93_out,-6.8,5.878,1.449
6293_uff_e=178.93_out,-6.2,3.436,1.949
6293_uff_e=178.93_out,-6.2,2.985,1.035
6293_uff_e=178.93_out,-6.1,4.099,2.096
6293_uff_e=178.93_out,-6.0,22.735,21.579
6293_uff_e=178.93_out,-6.0,24.662,23.364
6293_uff_e=178.93_out,-6.0,22.039,20.742
6293_uff_e=178.93_out,-6.0,14.655,12.58
6549_uff_e=123.41_out,-4.5,0.0,0.0
6549_uff_e=123.41_out,-4.5,3.022,2.233
6549_uff_e=123.41_out,-4.4,5.065,2.48
6549_uff_e=123.41_out,-4.3,22.465,20.816
6549_uff_e=123.41_out,-4.3,4.574,2.335
6549_uff_e=123.41_out,-4.3,23.971,22.478
6549_uff_e=123.41_out,-4.2,10.883,9.216
6549_uff_e=123.41_out,-4.2,9.895,8.457
6549_uff_e=123.41_out,-4.2,22.462,20.849
6557_uff_e=21.84_out,-3.6,0.0,0.0
6557_uff_e=21.84_out,-3.5,1.569,0.145
6557_uff_e=21.84_out,-3.5,2.541,0.78
6557_uff_e=21.84_out,-3.4,2.617,0.606
6557_uff_e=21.84_out,-3.3,2.555,0.858
6557_uff_e=21.84_out,-3.1,2.32,1.508
6557_uff_e=21.84_out,-3.1,3.356,1.428
6557_uff_e=21.84_out,-3.0,1.928,1.031
6557_uff_e=21.84_out,-2.9,19.078,17.923
6616_uff_e=349.10_out,-4.9,0.0,0.0
6616_uff_e=349.10_out,-4.8,2.251,0.781
6616_uff_e=349.10_out,-4.7,2.346,0.74
6616_uff_e=349.10_out,-4.6,3.287,1.082
6616_uff_e=349.10_out,-4.6,3.069,0.922
6616_uff_e=349.10_out,-4.5,2.204,0.973
6616_uff_e=349.10_out,-4.4,3.217,1.009
6616_uff_e=349.10_out,-4.4,2.854,1.273
6616_uff_e=349.10_out,-4.4,2.686,1.268
6654_uff_e=633.74_out,-4.9,0.0,0.0
6654_uff_e=633.74_out,-4.7,3.039,0.989
6654_uff_e=633.74_out,-4.7,2.674,0.945
6654_uff_e=633.74_out,-4.7,2.497,1.096
6654_uff_e=633.74_out,-4.6,3.071,1.24
6654_uff_e=633.74_out,-4.6,3.345,1.254
6654_uff_e=633.74_out,-4.6,3.274,0.974
6654_uff_e=633.74_out,-4.6,2.6,1.107
6654_uff_e=633.74_out,-4.5,2.465,1.161
6683_uff_e=193.78_out,-7.1,0.0,0.0
6683_uff_e=193.78_out,-7.0,3.167,0.647
6683_uff_e=193.78_out,-6.3,4.791,2.245
6683_uff_e=193.78_out,-6.3,5.915,1.495
6683_uff_e=193.78_out,-6.2,23.631,22.205
6683_uff_e=193.78_out,-6.1,13.558,11.914
6683_uff_e=193.78_out,-6.1,23.477,22.21
6683_uff_e=193.78_out,-6.0,14.12,11.971
6683_uff_e=193.78_out,-6.0,20.896,19.755
6716_uff_e=356.24_out,-6.0,0.0,0.0
6716_uff_e=356.24_out,-5.8,22.429,21.234
6716_uff_e=356.24_out,-5.7,3.357,1.286
6716_uff_e=356.24_out,-5.5,23.877,22.592
6716_uff_e=356.24_out,-5.5,23.09,21.577
6716_uff_e=356.24_out,-5.5,23.199,21.866
6716_uff_e=356.24_out,-5.4,23.019,21.866
6716_uff_e=356.24_out,-5.3,24.822,22.332
6716_uff_e=356.24_out,-5.2,13.684,11.794
6717_uff_e=464.79_out,-7.5,0.0,0.0
6717_uff_e=464.79_out,-6.4,3.988,2.676
6717_uff_e=464.79_out,-6.3,21.402,20.427
6717_uff_e=464.79_out,-6.3,5.367,3.589
6717_uff_e=464.79_out,-6.1,24.81,23.185
6717_uff_e=464.79_out,-6.1,5.967,4.538
6717_uff_e=464.79_out,-6.1,22.525,21.261
6717_uff_e=464.79_out,-6.0,13.459,10.939
6717_uff_e=464.79_out,-6.0,13.892,12.356
6748_uff_e=123.55_out,-5.7,0.0,0.0
6748_uff_e=123.55_out,-5.0,1.315,1.069
6748_uff_e=123.55_out,-4.9,4.205,2.124
6748_uff_e=123.55_out,-4.9,19.945,19.173
6748_uff_e=123.55_out,-4.7,19.129,17.772
6748_uff_e=123.55_out,-4.7,10.91,10.507
6748_uff_e=123.55_out,-4.7,3.177,2.086
6748_uff_e=123.55_out,-4.6,2.888,1.507
6748_uff_e=123.55_out,-4.6,21.191,19.76
6755_uff_e=90.31_out,-6.3,0.0,0.0
6755_uff_e=90.31_out,-6.1,3.795,2.008
6755_uff_e=90.31_out,-6.1,2.912,0.671
6755_uff_e=90.31_out,-5.6,21.957,20.821
6755_uff_e=90.31_out,-5.4,3.585,1.82
6755_uff_e=90.31_out,-5.3,19.682,18.826
6755_uff_e=90.31_out,-5.3,11.804,10.639
6755_uff_e=90.31_out,-5.2,3.932,1.68
6755_uff_e=90.31_out,-5.2,3.426,1.605
6758_uff_e=605.12_out,-6.9,0.0,0.0
6758_uff_e=605.12_out,-6.8,7.766,3.79
6758_uff_e=605.12_out,-6.5,24.443,21.163
6758_uff_e=605.12_out,-6.5,11.379,7.065
6758_uff_e=605.12_out,-6.4,7.513,4.92
6758_uff_e=605.12_out,-6.4,25.433,23.306
6758_uff_e=605.12_out,-6.4,11.034,4.212
6758_uff_e=605.12_out,-6.4,23.334,21.062
6758_uff_e=605.12_out,-6.4,13.905,10.85
6760_uff_e=451.13_out,-5.3,0.0,0.0
6760_uff_e=451.13_out,-5.2,6.409,4.037
6760_uff_e=451.13_out,-5.2,23.662,22.322
6760_uff_e=451.13_out,-5.2,24.225,23.049
6760_uff_e=451.13_out,-5.1,22.347,19.968
6760_uff_e=451.13_out,-5.1,3.184,1.369
6760_uff_e=451.13_out,-5.1,5.39,3.733
6760_uff_e=451.13_out,-5.0,6.142,2.605
6760_uff_e=451.13_out,-5.0,23.714,22.65
6773_uff_e=162.80_out,-7.1,0.0,0.0
6773_uff_e=162.80_out,-7.0,2.767,0.385
6773_uff_e=162.80_out,-6.9,5.113,0.754
6773_uff_e=162.80_out,-6.5,5.825,1.085
6773_uff_e=162.80_out,-6.3,5.648,2.004
6773_uff_e=162.80_out,-6.2,23.185,21.795
6773_uff_e=162.80_out,-6.1,5.105,2.554
6773_uff_e=162.80_out,-6.1,4.323,2.507
6773_uff_e=162.80_out,-6.0,24.149,22.101
6890_uff_e=284.03_out,-5.5,0.0,0.0
6890_uff_e=284.03_out,-5.3,1.937,1.384
6890_uff_e=284.03_out,-5.1,2.396,1.581
6890_uff_e=284.03_out,-5.0,1.983,1.658
6890_uff_e=284.03_out,-4.9,5.589,1.413
6890_uff_e=284.03_out,-4.8,3.31,2.348
6890_uff_e=284.03_out,-4.7,20.263,18.987
6890_uff_e=284.03_out,-4.5,14.8,13.361
6890_uff_e=284.03_out,-4.5,20.357,19.038
6989_uff_e=120.83_out,-5.3,0.0,0.0
6989_uff_e=120.83_out,-5.2,2.664,1.907
6989_uff_e=120.83_out,-4.9,4.962,3.093
6989_uff_e=120.83_out,-4.9,3.738,2.464
6989_uff_e=120.83_out,-4.8,4.348,1.378
6989_uff_e=120.83_out,-4.8,3.475,2.459
6989_uff_e=120.83_out,-4.8,22.119,20.997
6989_uff_e=120.83_out,-4.7,22.479,21.49
6989_uff_e=120.83_out,-4.7,4.873,2.416
7028_uff_e=154.37_out,-4.9,0.0,0.0
7028_uff_e=154.37_out,-4.8,2.353,1.621
7028_uff_e=154.37_out,-4.7,2.546,2.087
7028_uff_e=154.37_out,-4.7,3.465,2.924
7028_uff_e=154.37_out,-4.7,24.074,22.413
7028_uff_e=154.37_out,-4.6,3.201,2.535
7028_uff_e=154.37_out,-4.6,4.292,3.527
7028_uff_e=154.37_out,-4.5,20.026,19.055
7028_uff_e=154.37_out,-4.5,21.437,19.901
7431_uff_e=69.01_out,-5.5,0.0,0.0
7431_uff_e=69.01_out,-5.5,4.048,0.018
7431_uff_e=69.01_out,-5.2,11.344,9.376
7431_uff_e=69.01_out,-5.2,3.924,1.309
7431_uff_e=69.01_out,-5.1,11.141,9.932
7431_uff_e=69.01_out,-5.1,4.773,1.385
7431_uff_e=69.01_out,-5.1,12.705,11.094
7431_uff_e=69.01_out,-5.1,10.52,10.212
7431_uff_e=69.01_out,-5.0,19.526,17.891
7461_uff_e=62.62_out,-5.2,0.0,0.0
7461_uff_e=62.62_out,-5.1,1.766,0.715
7461_uff_e=62.62_out,-4.9,4.624,1.211
7461_uff_e=62.62_out,-4.8,2.99,1.542
7461_uff_e=62.62_out,-4.8,4.577,2.227
7461_uff_e=62.62_out,-4.7,4.619,2.289
7461_uff_e=62.62_out,-4.6,3.608,1.512
7461_uff_e=62.62_out,-4.6,22.148,21.038
7461_uff_e=62.62_out,-4.6,4.479,1.319
7462_uff_e=140.51_out,-5.3,0.0,0.0
7462_uff_e=140.51_out,-5.1,1.653,0.52
7462_uff_e=140.51_out,-5.0,2.989,1.534
7462_uff_e=140.51_out,-4.9,4.522,1.37
7462_uff_e=140.51_out,-4.8,4.71,2.368
7462_uff_e=140.51_out,-4.8,3.304,1.961
7462_uff_e=140.51_out,-4.8,4.696,1.332
7462_uff_e=140.51_out,-4.8,4.583,2.298
7462_uff_e=140.51_out,-4.7,4.423,1.741
7463_uff_e=92.32_out,-5.2,0.0,0.0
7463_uff_e=92.32_out,-5.2,1.534,0.062
7463_uff_e=92.32_out,-5.0,4.485,1.002
7463_uff_e=92.32_out,-4.9,4.651,1.388
7463_uff_e=92.32_out,-4.8,3.708,2.182
7463_uff_e=92.32_out,-4.8,4.576,2.356
7463_uff_e=92.32_out,-4.6,4.422,1.889
7463_uff_e=92.32_out,-4.6,3.546,1.921
7463_uff_e=92.32_out,-4.6,22.062,20.981
7793_uff_e=114.65_out,-4.4,0.0,0.0
7793_uff_e=114.65_out,-4.3,2.876,1.87
7793_uff_e=114.65_out,-4.2,3.135,2.043
7793_uff_e=114.65_out,-4.2,4.199,1.742
7793_uff_e=114.65_out,-4.2,4.053,2.396
7793_uff_e=114.65_out,-4.2,5.771,3.678
7793_uff_e=114.65_out,-4.2,4.934,2.604
7793_uff_e=114.65_out,-4.2,22.973,21.836
7793_uff_e=114.65_out,-4.1,22.047,20.047
8369_uff_e=64.65_out,-4.5,0.0,0.0
8369_uff_e=64.65_out,-4.4,12.105,11.342
8369_uff_e=64.65_out,-4.4,18.858,18.483
8369_uff_e=64.65_out,-4.3,2.963,1.29
8369_uff_e=64.65_out,-4.2,20.92,20.668
8369_uff_e=64.65_out,-4.0,11.224,10.698
8369_uff_e=64.65_out,-4.0,3.582,1.499
8369_uff_e=64.65_out,-4.0,11.275,10.433
8369_uff_e=64.65_out,-3.9,20.126,19.465
8417_uff_e=266.44_out,-5.5,0.0,0.0
8417_uff_e=266.44_out,-5.3,3.328,1.877
8417_uff_e=266.44_out,-5.3,19.679,18.904
8417_uff_e=266.44_out,-5.2,23.842,21.288
8417_uff_e=266.44_out,-5.1,3.232,2.117
8417_uff_e=266.44_out,-5.0,4.618,2.008
8417_uff_e=266.44_out,-5.0,10.545,8.918
8417_uff_e=266.44_out,-5.0,22.472,21.255
8417_uff_e=266.44_out,-4.9,23.821,22.603
8424_uff_e=329.17_out,-4.4,0.0,0.0
8424_uff_e=329.17_out,-4.3,2.719,1.903
8424_uff_e=329.17_out,-4.2,3.154,1.982
8424_uff_e=329.17_out,-4.2,11.984,11.237
8424_uff_e=329.17_out,-4.1,20.381,19.548
8424_uff_e=329.17_out,-4.1,11.717,10.938
8424_uff_e=329.17_out,-4.0,12.29,11.387
8424_uff_e=329.17_out,-4.0,12.029,11.319
8424_uff_e=329.17_out,-4.0,12.184,11.354
8550_uff_e=767.12_out,-6.9,0.0,0.0
8550_uff_e=767.12_out,-6.9,10.876,3.434
8550_uff_e=767.12_out,-6.8,23.708,21.572
8550_uff_e=767.12_out,-6.7,27.868,24.546
8550_uff_e=767.12_out,-6.7,1.963,0.203
8550_uff_e=767.12_out,-6.7,26.277,22.406
8550_uff_e=767.12_out,-6.7,23.713,20.86
8550_uff_e=767.12_out,-6.7,26.225,22.427
8550_uff_e=767.12_out,-6.6,9.613,3.272
8564_uff_e=618.01_out,-5.6,0.0,0.0
8564_uff_e=618.01_out,-5.5,6.169,2.599
8564_uff_e=618.01_out,-5.5,25.862,23.128
8564_uff_e=618.01_out,-5.4,25.637,22.723
8564_uff_e=618.01_out,-5.4,2.332,1.202
8564_uff_e=618.01_out,-5.3,25.422,23.01
8564_uff_e=618.01_out,-5.3,11.493,8.031
8564_uff_e=618.01_out,-5.3,25.365,22.614
8564_uff_e=618.01_out,-5.3,6.608,2.093
8616_uff_e=333.77_out,-6.2,0.0,0.0
8616_uff_e=333.77_out,-6.1,23.917,22.544
8616_uff_e=333.77_out,-6.0,22.46,20.378
8616_uff_e=333.77_out,-5.9,6.432,1.863
8616_uff_e=333.77_out,-5.9,6.226,1.92
8616_uff_e=333.77_out,-5.8,4.241,2.272
8616_uff_e=333.77_out,-5.8,6.621,1.704
8616_uff_e=333.77_out,-5.8,21.106,19.586
8616_uff_e=333.77_out,-5.5,21.593,20.214
8815_uff_e=99.22_out,-4.8,0.0,0.0
8815_uff_e=99.22_out,-4.7,4.961,2.173
8815_uff_e=99.22_out,-4.6,3.449,2.582
8815_uff_e=99.22_out,-4.6,3.314,2.582
8815_uff_e=99.22_out,-4.5,2.688,1.788
8815_uff_e=99.22_out,-4.5,21.942,21.169
8815_uff_e=99.22_out,-4.4,22.316,21.394
8815_uff_e=99.22_out,-4.4,2.069,1.229
8815_uff_e=99.22_out,-4.4,23.209,21.966
8892_uff_e=24.54_out,-4.1,0.0,0.0
8892_uff_e=24.54_out,-3.9,3.813,3.074
8892_uff_e=24.54_out,-3.9,2.676,1.964
8892_uff_e=24.54_out,-3.8,4.521,2.998
8892_uff_e=24.54_out,-3.7,11.694,10.805
8892_uff_e=24.54_out,-3.6,18.779,18.46
8892_uff_e=24.54_out,-3.6,20.094,18.979
8892_uff_e=24.54_out,-3.6,3.053,2.364
8892_uff_e=24.54_out,-3.6,19.3,19.092
8969_uff_e=427.63_out,-6.8,0.0,0.0
8969_uff_e=427.63_out,-6.6,1.942,1.312
8969_uff_e=427.63_out,-6.6,21.554,19.436
8969_uff_e=427.63_out,-6.5,21.043,17.243
8969_uff_e=427.63_out,-6.4,24.8,23.61
8969_uff_e=427.63_out,-6.4,23.981,21.728
8969_uff_e=427.63_out,-6.4,24.054,21.48
8969_uff_e=427.63_out,-6.3,27.663,25.904
8969_uff_e=427.63_out,-6.3,21.267,18.253
9064_uff_e=205.18_out,-6.4,0.0,0.0
9064_uff_e=205.18_out,-6.3,6.819,2.404
9064_uff_e=205.18_out,-6.3,7.101,1.951
9064_uff_e=205.18_out,-6.2,2.129,1.517
9064_uff_e=205.18_out,-6.2,10.43,7.472
9064_uff_e=205.18_out,-6.1,9.866,6.738
9064_uff_e=205.18_out,-6.1,4.068,2.384
9064_uff_e=205.18_out,-6.1,22.427,21.12
9064_uff_e=205.18_out,-6.0,23.603,22.325
9294_uff_e=154.64_out,-4.8,0.0,0.0
9294_uff_e=154.64_out,-4.8,2.32,1.522
9294_uff_e=154.64_out,-4.7,3.597,2.581
9294_uff_e=154.64_out,-4.7,3.076,2.282
9294_uff_e=154.64_out,-4.7,3.592,2.729
9294_uff_e=154.64_out,-4.6,1.995,1.467
9294_uff_e=154.64_out,-4.6,21.086,20.277
9294_uff_e=154.64_out,-4.6,4.868,1.965
9294_uff_e=154.64_out,-4.5,22.487,21.142
9415_uff_e=473.08_out,-6.1,0.0,0.0
9415_uff_e=473.08_out,-6.0,8.625,6.109
9415_uff_e=473.08_out,-5.9,24.407,22.616
9415_uff_e=473.08_out,-5.9,18.719,16.401
9415_uff_e=473.08_out,-5.9,5.94,2.935
9415_uff_e=473.08_out,-5.8,6.021,3.347
9415_uff_e=473.08_out,-5.8,3.31,1.546
9415_uff_e=473.08_out,-5.7,3.991,1.819
9415_uff_e=473.08_out,-5.7,6.205,2.892
9651_uff_e=481.65_out,-6.7,0.0,0.0
9651_uff_e=481.65_out,-5.9,5.51,2.943
9651_uff_e=481.65_out,-5.8,5.154,2.6
9651_uff_e=481.65_out,-5.6,14.175,11.611
9651_uff_e=481.65_out,-5.6,23.257,21.186
9651_uff_e=481.65_out,-5.6,34.994,32.732
9651_uff_e=481.65_out,-5.6,11.511,8.821
9651_uff_e=481.65_out,-5.5,24.024,22.392
9651_uff_e=481.65_out,-5.5,4.273,2.518
9727_uff_e=105.42_out,-4.9,0.0,0.0
9727_uff_e=105.42_out,-4.7,3.331,2.56
9727_uff_e=105.42_out,-4.7,3.492,2.515
9727_uff_e=105.42_out,-4.6,1.99,1.803
9727_uff_e=105.42_out,-4.4,3.318,2.394
9727_uff_e=105.42_out,-4.4,23.149,21.835
9727_uff_e=105.42_out,-4.4,19.658,19.365
9727_uff_e=105.42_out,-4.3,19.54,19.169
9727_uff_e=105.42_out,-4.3,13.328,12.53
9895_uff_e=171.00_out,-5.4,0.0,0.0
9895_uff_e=171.00_out,-4.9,3.277,2.021
9895_uff_e=171.00_out,-4.9,3.017,1.042
9895_uff_e=171.00_out,-4.9,2.365,1.357
9895_uff_e=171.00_out,-4.6,3.391,2.323
9895_uff_e=171.00_out,-4.5,4.152,2.681
9895_uff_e=171.00_out,-4.5,4.858,2.9
9895_uff_e=171.00_out,-4.4,3.964,2.207
9895_uff_e=171.00_out,-4.4,19.731,19.0
10098_uff_e=707.04_out,-8.5,0.0,0.0
10098_uff_e=707.04_out,-8.0,9.322,2.844
10098_uff_e=707.04_out,-7.9,26.241,24.254
10098_uff_e=707.04_out,-7.8,9.203,2.784
10098_uff_e=707.04_out,-7.8,23.868,21.509
10098_uff_e=707.04_out,-7.7,2.255,1.574
10098_uff_e=707.04_out,-7.6,3.064,2.342
10098_uff_e=707.04_out,-7.6,35.728,32.856
10098_uff_e=707.04_out,-7.6,8.823,2.722
10106_uff_e=416.96_out,-4.9,0.0,0.0
10106_uff_e=416.96_out,-4.9,3.78,0.871
10106_uff_e=416.96_out,-4.8,3.869,2.037
10106_uff_e=416.96_out,-4.7,3.904,1.746
10106_uff_e=416.96_out,-4.6,22.398,20.816
10106_uff_e=416.96_out,-4.6,22.793,21.934
10106_uff_e=416.96_out,-4.6,4.164,1.76
10106_uff_e=416.96_out,-4.6,2.676,1.483
10106_uff_e=416.96_out,-4.6,2.01,1.283
10114_uff_e=862.52_out,-8.0,0.0,0.0
10114_uff_e=862.52_out,-7.5,26.926,24.437
10114_uff_e=862.52_out,-7.5,24.049,21.208
10114_uff_e=862.52_out,-7.4,24.344,19.893
10114_uff_e=862.52_out,-7.4,28.374,24.558
10114_uff_e=862.52_out,-7.3,25.058,23.17
10114_uff_e=862.52_out,-7.3,31.791,26.919
10114_uff_e=862.52_out,-7.2,27.833,24.999
10114_uff_e=862.52_out,-7.2,24.193,22.155
10143_uff_e=599.88_out,-6.3,0.0,0.0
10143_uff_e=599.88_out,-6.1,23.622,22.672
10143_uff_e=599.88_out,-5.9,27.508,23.613
10143_uff_e=599.88_out,-5.9,5.247,1.14
10143_uff_e=599.88_out,-5.7,25.825,23.312
10143_uff_e=599.88_out,-5.7,6.583,4.086
10143_uff_e=599.88_out,-5.7,10.794,9.052
10143_uff_e=599.88_out,-5.6,26.313,24.851
10143_uff_e=599.88_out,-5.6,15.543,13.406
10154_uff_e=486.02_out,-6.2,0.0,0.0
10154_uff_e=486.02_out,-6.2,6.552,2.665
10154_uff_e=486.02_out,-6.0,4.821,1.216
10154_uff_e=486.02_out,-6.0,34.49,31.432
10154_uff_e=486.02_out,-5.9,4.116,2.941
10154_uff_e=486.02_out,-5.9,25.031,22.659
10154_uff_e=486.02_out,-5.9,13.732,11.666
10154_uff_e=486.02_out,-5.9,24.507,22.676
10154_uff_e=486.02_out,-5.9,23.265,22.23
10163_uff_e=196.75_out,-7.0,0.0,0.0
10163_uff_e=196.75_out,-6.7,2.932,0.865
10163_uff_e=196.75_out,-6.2,14.373,12.549
10163_uff_e=196.75_out,-6.1,23.688,22.64
10163_uff_e=196.75_out,-6.1,23.911,22.249
10163_uff_e=196.75_out,-6.1,23.732,21.849
10163_uff_e=196.75_out,-6.0,25.083,22.373
10163_uff_e=196.75_out,-6.0,20.63,17.841
10163_uff_e=196.75_out,-6.0,4.868,2.824
10168_uff_e=198.58_out,-7.5,0.0,0.0
10168_uff_e=198.58_out,-6.7,6.504,1.575
10168_uff_e=198.58_out,-6.4,24.222,22.786
10168_uff_e=198.58_out,-6.4,6.782,1.963
10168_uff_e=198.58_out,-6.3,21.893,20.819
10168_uff_e=198.58_out,-6.3,25.342,22.917
10168_uff_e=198.58_out,-6.2,14.837,12.826
10168_uff_e=198.58_out,-6.2,22.008,20.46
10168_uff_e=198.58_out,-6.1,5.388,2.747
10189_uff_e=153.54_out,-5.4,0.0,0.0
10189_uff_e=153.54_out,-5.3,12.971,11.044
10189_uff_e=153.54_out,-5.3,20.065,19.357
10189_uff_e=153.54_out,-5.3,22.35,20.865
10189_uff_e=153.54_out,-5.3,5.396,1.456
10189_uff_e=153.54_out,-5.3,3.741,1.686
10189_uff_e=153.54_out,-5.1,12.492,11.021
10189_uff_e=153.54_out,-5.1,14.034,12.381
10189_uff_e=153.54_out,-5.1,20.943,19.698
10198_uff_e=275.60_out,-4.5,0.0,0.0
10198_uff_e=275.60_out,-4.5,3.771,1.548
10198_uff_e=275.60_out,-4.5,3.364,1.432
10198_uff_e=275.60_out,-4.3,3.15,2.491
10198_uff_e=275.60_out,-4.3,2.597,1.858
10198_uff_e=275.60_out,-4.2,11.791,10.907
10198_uff_e=275.60_out,-4.1,11.766,10.771
10198_uff_e=275.60_out,-4.0,3.439,1.754
10198_uff_e=275.60_out,-4.0,14.296,13.058
10206_uff_e=1030.23_out,-8.2,0.0,0.0
10206_uff_e=1030.23_out,-8.0,26.649,23.213
10206_uff_e=1030.23_out,-8.0,31.775,28.791
10206_uff_e=1030.23_out,-7.5,28.905,26.734
10206_uff_e=1030.23_out,-7.5,26.966,23.531
10206_uff_e=1030.23_out,-7.4,8.626,4.088
10206_uff_e=1030.23_out,-7.4,27.358,24.885
10206_uff_e=1030.23_out,-7.4,20.367,17.13
10206_uff_e=1030.23_out,-7.4,7.355,4.106
10207_uff_e=231.12_out,-7.0,0.0,0.0
10207_uff_e=231.12_out,-6.9,5.635,1.193
10207_uff_e=231.12_out,-6.2,6.443,2.472
10207_uff_e=231.12_out,-6.2,5.156,2.423
10207_uff_e=231.12_out,-6.1,25.447,23.089
10207_uff_e=231.12_out,-6.1,6.32,1.425
10207_uff_e=231.12_out,-6.1,14.576,12.793
10207_uff_e=231.12_out,-6.0,24.365,23.019
10207_uff_e=231.12_out,-6.0,13.362,11.091
10208_uff_e=212.38_out,-7.2,0.0,0.0
10208_uff_e=212.38_out,-6.6,3.193,1.169
10208_uff_e=212.38_out,-6.4,5.224,1.682
10208_uff_e=212.38_out,-6.3,4.206,2.355
10208_uff_e=212.38_out,-6.1,24.742,22.264
10208_uff_e=212.38_out,-6.1,23.298,22.252
10208_uff_e=212.38_out,-6.0,5.988,1.755
10208_uff_e=212.38_out,-5.9,21.838,19.797
10208_uff_e=212.38_out,-5.9,25.337,24.366
10211_uff_e=500.99_out,-6.0,0.0,0.0
10211_uff_e=500.99_out,-5.7,17.681,13.555
10211_uff_e=500.99_out,-5.6,6.684,3.206
10211_uff_e=500.99_out,-5.5,15.745,13.95
10211_uff_e=500.99_out,-5.5,15.364,13.28
10211_uff_e=500.99_out,-5.5,22.148,18.038
10211_uff_e=500.99_out,-5.5,21.308,17.736
10211_uff_e=500.99_out,-5.5,25.653,24.598
10211_uff_e=500.99_out,-5.5,5.634,2.949
10212_uff_e=376.22_out,-6.2,0.0,0.0
10212_uff_e=376.22_out,-6.2,25.406,23.058
10212_uff_e=376.22_out,-6.1,25.305,23.214
10212_uff_e=376.22_out,-6.1,23.676,21.526
10212_uff_e=376.22_out,-6.0,25.052,22.745
10212_uff_e=376.22_out,-6.0,16.025,12.738
10212_uff_e=376.22_out,-5.9,4.479,1.817
10212_uff_e=376.22_out,-5.9,23.678,21.512
10212_uff_e=376.22_out,-5.9,7.598,4.134
10219_uff_e=716.64_out,-6.6,0.0,0.0
10219_uff_e=716.64_out,-6.5,23.937,19.374
10219_uff_e=716.64_out,-6.4,23.434,18.794
10219_uff_e=716.64_out,-6.4,23.697,20.45
10219_uff_e=716.64_out,-6.4,9.116,6.067
10219_uff_e=716.64_out,-6.4,15.827,12.972
10219_uff_e=716.64_out,-6.4,22.944,20.81
10219_uff_e=716.64_out,-6.4,23.031,20.382
10219_uff_e=716.64_out,-6.4,14.209,8.599
10227_uff_e=508.82_out,-5.8,0.0,0.0
10227_uff_e=508.82_out,-5.6,23.056,21.87
10227_uff_e=508.82_out,-5.5,5.298,1.322
10227_uff_e=508.82_out,-5.5,23.828,22.267
10227_uff_e=508.82_out,-5.4,24.272,22.877
10227_uff_e=508.82_out,-5.4,23.179,21.878
10227_uff_e=508.82_out,-5.3,15.664,13.785
10227_uff_e=508.82_out,-5.3,10.907,9.056
10227_uff_e=508.82_out,-5.2,3.78,2.224
10228_uff_e=183.42_out,-6.1,0.0,0.0
10228_uff_e=183.42_out,-6.0,2.183,1.423
10228_uff_e=183.42_out,-5.9,4.223,1.284
10228_uff_e=183.42_out,-5.7,24.704,23.475
10228_uff_e=183.42_out,-5.7,5.248,2.54
10228_uff_e=183.42_out,-5.6,23.889,22.832
10228_uff_e=183.42_out,-5.6,21.841,20.449
10228_uff_e=183.42_out,-5.6,4.546,2.102
10228_uff_e=183.42_out,-5.5,20.513,18.9
10237_uff_e=580.22_out,-7.5,0.0,0.0
10237_uff_e=580.22_out,-7.3,24.2,22.477
10237_uff_e=580.22_out,-7.3,11.225,8.259
10237_uff_e=580.22_out,-7.2,25.617,22.709
10237_uff_e=580.22_out,-7.1,9.252,7.516
10237_uff_e=580.22_out,-7.1,23.696,22.196
10237_uff_e=580.22_out,-7.0,25.688,23.525
10237_uff_e=580.22_out,-6.9,27.517,25.634
10237_uff_e=580.22_out,-6.9,24.247,22.331
10248_uff_e=238.66_out,-4.8,0.0,0.0
10248_uff_e=238.66_out,-4.7,3.215,0.313
10248_uff_e=238.66_out,-4.7,23.691,22.205
10248_uff_e=238.66_out,-4.5,23.923,22.414
10248_uff_e=238.66_out,-4.5,3.714,1.568
10248_uff_e=238.66_out,-4.4,21.932,18.837
10248_uff_e=238.66_out,-4.4,8.12,5.126
10248_uff_e=238.66_out,-4.4,2.256,1.561
10248_uff_e=238.66_out,-4.3,19.833,17.149
10249_uff_e=355.68_out,-4.9,0.0,0.0
10249_uff_e=355.68_out,-4.8,4.594,0.936
10249_uff_e=355.68_out,-4.7,4.766,3.053
10249_uff_e=355.68_out,-4.7,4.484,1.179
10249_uff_e=355.68_out,-4.7,2.148,1.125
10249_uff_e=355.68_out,-4.7,4.096,3.236
10249_uff_e=355.68_out,-4.5,3.049,2.744
10249_uff_e=355.68_out,-4.4,10.389,9.52
10249_uff_e=355.68_out,-4.4,11.52,10.503
10257_uff_e=296.45_out,-5.4,0.0,0.0
10257_uff_e=296.45_out,-5.3,3.769,2.545
10257_uff_e=296.45_out,-5.2,2.812,2.156
10257_uff_e=296.45_out,-5.1,20.756,19.672
10257_uff_e=296.45_out,-5.0,20.256,19.145
10257_uff_e=296.45_out,-4.8,2.762,2.321
10257_uff_e=296.45_out,-4.8,23.72,21.878
10257_uff_e=296.45_out,-4.7,14.402,13.013
10257_uff_e=296.45_out,-4.7,5.705,3.914
10347_uff_e=97.79_out,-5.5,0.0,0.0
10347_uff_e=97.79_out,-5.4,19.938,18.284
10347_uff_e=97.79_out,-5.4,19.336,17.738
10347_uff_e=97.79_out,-5.4,19.818,17.96
10347_uff_e=97.79_out,-5.3,33.416,31.387
10347_uff_e=97.79_out,-5.3,20.411,18.474
10347_uff_e=97.79_out,-5.2,19.362,17.786
10347_uff_e=97.79_out,-5.2,19.584,17.876
10347_uff_e=97.79_out,-5.2,19.604,17.902
10355_uff_e=112.39_out,-5.0,0.0,0.0
10355_uff_e=112.39_out,-4.7,3.621,2.76
10355_uff_e=112.39_out,-4.4,19.441,18.927
10355_uff_e=112.39_out,-4.4,3.519,2.642
10355_uff_e=112.39_out,-4.4,11.601,11.193
10355_uff_e=112.39_out,-4.2,12.269,11.038
10355_uff_e=112.39_out,-4.1,11.773,10.923
10355_uff_e=112.39_out,-4.1,11.756,10.94
10355_uff_e=112.39_out,-4.1,17.734,16.919
10364_uff_e=78.15_out,-5.4,0.0,0.0
10364_uff_e=78.15_out,-5.0,4.867,2.254
10364_uff_e=78.15_out,-5.0,4.787,3.066
10364_uff_e=78.15_out,-4.9,4.586,2.073
10364_uff_e=78.15_out,-4.9,2.038,1.424
10364_uff_e=78.15_out,-4.9,4.807,2.675
10364_uff_e=78.15_out,-4.9,22.314,21.278
10364_uff_e=78.15_out,-4.8,4.639,2.168
10364_uff_e=78.15_out,-4.8,3.888,2.58
10416_uff_e=6775.87_out,-5.2,0.0,0.0
10416_uff_e=6775.87_out,-5.2,1.565,1.113
10416_uff_e=6775.87_out,-4.9,23.795,21.976
10416_uff_e=6775.87_out,-4.9,24.647,22.883
10416_uff_e=6775.87_out,-4.8,23.88,22.266
10416_uff_e=6775.87_out,-4.7,23.883,21.993
10416_uff_e=6775.87_out,-4.7,24.573,22.65
10416_uff_e=6775.87_out,-4.7,3.394,2.229
10416_uff_e=6775.87_out,-4.6,23.397,21.73
10494_uff_e=691.06_out,-7.7,0.0,0.0
10494_uff_e=691.06_out,-7.6,6.865,3.709
10494_uff_e=691.06_out,-7.5,5.82,3.134
10494_uff_e=691.06_out,-7.4,8.465,2.198
10494_uff_e=691.06_out,-7.4,8.532,1.878
10494_uff_e=691.06_out,-7.3,24.974,23.304
10494_uff_e=691.06_out,-6.9,28.438,25.992
10494_uff_e=691.06_out,-6.8,25.336,23.007
10494_uff_e=691.06_out,-6.8,8.398,3.113
10545_uff_e=345.24_out,-5.1,0.0,0.0
10545_uff_e=345.24_out,-5.1,22.774,20.774
10545_uff_e=345.24_out,-4.9,4.058,2.508
10545_uff_e=345.24_out,-4.8,23.239,22.393
10545_uff_e=345.24_out,-4.8,2.679,1.782
10545_uff_e=345.24_out,-4.8,4.129,1.769
10545_uff_e=345.24_out,-4.7,2.118,1.659
10545_uff_e=345.24_out,-4.7,4.011,1.617
10545_uff_e=345.24_out,-4.7,9.7,8.254
10569_uff_e=337.60_out,-6.7,0.0,0.0
10569_uff_e=337.60_out,-6.6,7.975,4.505
10569_uff_e=337.60_out,-6.6,4.341,3.256
10569_uff_e=337.60_out,-6.6,6.9,3.742
10569_uff_e=337.60_out,-6.5,21.189,18.126
10569_uff_e=337.60_out,-6.5,24.775,23.149
10569_uff_e=337.60_out,-6.5,24.064,22.224
10569_uff_e=337.60_out,-6.5,1.88,1.362
10569_uff_e=337.60_out,-6.5,7.554,4.562
10582_uff_e=649.85_out,-5.0,0.0,0.0
10582_uff_e=649.85_out,-5.0,3.276,2.028
10582_uff_e=649.85_out,-4.9,2.355,2.024
10582_uff_e=649.85_out,-4.8,20.419,19.147
10582_uff_e=649.85_out,-4.7,11.649,10.201
10582_uff_e=649.85_out,-4.7,3.676,2.424
10582_uff_e=649.85_out,-4.6,3.915,2.542
10582_uff_e=649.85_out,-4.5,3.427,2.285
10582_uff_e=649.85_out,-4.4,3.755,2.276
10607_uff_e=769.94_out,-6.7,0.0,0.0
10607_uff_e=769.94_out,-6.7,2.383,0.199
10607_uff_e=769.94_out,-6.4,23.245,21.06
10607_uff_e=769.94_out,-6.4,24.634,22.71
10607_uff_e=769.94_out,-6.3,23.243,21.096
10607_uff_e=769.94_out,-6.2,24.723,22.871
10607_uff_e=769.94_out,-6.2,15.38,11.924
10607_uff_e=769.94_out,-6.2,25.113,21.897
10607_uff_e=769.94_out,-6.1,16.042,12.62
10621_uff_e=604.86_out,-8.2,0.0,0.0
10621_uff_e=604.86_out,-7.8,5.036,3.172
10621_uff_e=604.86_out,-7.7,4.757,2.04
10621_uff_e=604.86_out,-7.7,3.972,3.056
10621_uff_e=604.86_out,-7.7,24.506,20.289
10621_uff_e=604.86_out,-7.6,25.59,23.345
10621_uff_e=604.86_out,-7.6,1.958,1.36
10621_uff_e=604.86_out,-7.5,24.246,20.47
10621_uff_e=604.86_out,-7.5,23.652,20.614
10639_uff_e=209.48_out,-6.8,0.0,0.0
10639_uff_e=209.48_out,-6.5,3.433,1.203
10639_uff_e=209.48_out,-6.2,24.396,23.242
10639_uff_e=209.48_out,-6.1,25.017,23.171
10639_uff_e=209.48_out,-6.0,25.376,23.937
10639_uff_e=209.48_out,-5.9,14.555,12.615
10639_uff_e=209.48_out,-5.9,24.444,22.491
10639_uff_e=209.48_out,-5.9,15.246,12.769
10639_uff_e=209.48_out,-5.9,11.634,10.378
10657_uff_e=209.44_out,-6.0,0.0,0.0
10657_uff_e=209.44_out,-5.9,4.861,2.714
10657_uff_e=209.44_out,-5.9,5.506,1.693
10657_uff_e=209.44_out,-5.9,5.046,1.95
10657_uff_e=209.44_out,-5.8,4.827,2.904
10657_uff_e=209.44_out,-5.8,3.951,1.063
10657_uff_e=209.44_out,-5.8,3.7,2.987
10657_uff_e=209.44_out,-5.7,4.932,2.607
10657_uff_e=209.44_out,-5.6,3.9,2.807
10658_uff_e=253.12_out,-6.1,0.0,0.0
10658_uff_e=253.12_out,-6.0,19.884,19.106
10658_uff_e=253.12_out,-6.0,4.294,1.28
10658_uff_e=253.12_out,-5.7,19.696,19.118
10658_uff_e=253.12_out,-5.5,5.067,1.955
10658_uff_e=253.12_out,-5.5,4.222,1.641
10658_uff_e=253.12_out,-5.5,2.612,1.339
10658_uff_e=253.12_out,-5.5,5.638,2.851
10658_uff_e=253.12_out,-5.4,23.358,21.045
10666_uff_e=240.38_out,-4.5,0.0,0.0
10666_uff_e=240.38_out,-4.5,11.206,10.625
10666_uff_e=240.38_out,-4.5,3.497,1.591
10666_uff_e=240.38_out,-4.5,3.817,2.032
10666_uff_e=240.38_out,-4.4,17.969,16.11
10666_uff_e=240.38_out,-4.4,2.749,2.05
10666_uff_e=240.38_out,-4.4,11.774,10.041
10666_uff_e=240.38_out,-4.3,11.487,10.594
10666_uff_e=240.38_out,-4.3,18.007,16.955
10680_uff_e=192.45_out,-7.2,0.0,0.0
10680_uff_e=192.45_out,-7.1,6.298,1.307
10680_uff_e=192.45_out,-6.7,2.327,1.06
10680_uff_e=192.45_out,-6.7,5.299,3.681
10680_uff_e=192.45_out,-6.6,23.718,22.41
10680_uff_e=192.45_out,-6.6,5.013,3.798
10680_uff_e=192.45_out,-6.5,5.857,1.313
10680_uff_e=192.45_out,-6.4,5.826,3.544
10680_uff_e=192.45_out,-6.2,24.349,23.147
10719_uff_e=300.39_out,-6.4,0.0,0.0
10719_uff_e=300.39_out,-6.2,3.674,1.33
10719_uff_e=300.39_out,-6.1,3.495,1.307
10719_uff_e=300.39_out,-6.1,4.143,1.686
10719_uff_e=300.39_out,-5.8,4.792,0.912
10719_uff_e=300.39_out,-5.7,23.942,21.126
10719_uff_e=300.39_out,-5.7,5.238,1.495
10719_uff_e=300.39_out,-5.7,24.062,20.973
10719_uff_e=300.39_out,-5.7,22.893,21.243
10748_uff_e=113.84_out,-6.1,0.0,0.0
10748_uff_e=113.84_out,-5.4,3.638,2.361
10748_uff_e=113.84_out,-5.4,2.3,1.52
10748_uff_e=113.84_out,-5.4,19.936,18.74
10748_uff_e=113.84_out,-5.0,4.287,2.656
10748_uff_e=113.84_out,-5.0,20.926,20.076
10748_uff_e=113.84_out,-5.0,22.929,22.096
10748_uff_e=113.84_out,-4.9,21.285,20.127
10748_uff_e=113.84_out,-4.9,23.692,21.706
10834_uff_e=387.84_out,-5.5,0.0,0.0
10834_uff_e=387.84_out,-5.5,24.367,23.186
10834_uff_e=387.84_out,-5.4,22.226,20.838
10834_uff_e=387.84_out,-5.4,23.03,21.937
10834_uff_e=387.84_out,-5.4,24.733,23.376
10834_uff_e=387.84_out,-5.4,15.299,12.325
10834_uff_e=387.84_out,-5.3,2.705,1.659
10834_uff_e=387.84_out,-5.2,16.292,13.821
10834_uff_e=387.84_out,-5.2,23.584,22.242
10983_uff_e=80.26_out,-4.4,0.0,0.0
10983_uff_e=80.26_out,-4.3,11.221,10.042
10983_uff_e=80.26_out,-4.2,24.707,23.988
10983_uff_e=80.26_out,-4.2,24.851,23.691
10983_uff_e=80.26_out,-4.2,22.37,20.794
10983_uff_e=80.26_out,-4.1,4.299,3.031
10983_uff_e=80.26_out,-4.1,13.487,12.619
10983_uff_e=80.26_out,-4.0,30.902,30.354
10983_uff_e=80.26_out,-4.0,21.798,20.812
11005_uff_e=52.61_out,-4.5,0.0,0.0
11005_uff_e=52.61_out,-4.3,23.333,21.716
11005_uff_e=52.61_out,-4.2,23.305,21.313
11005_uff_e=52.61_out,-4.2,23.044,21.392
11005_uff_e=52.61_out,-4.1,22.601,21.149
11005_uff_e=52.61_out,-4.0,23.146,21.51
11005_uff_e=52.61_out,-4.0,23.005,18.96
11005_uff_e=52.61_out,-4.0,23.135,21.441
11005_uff_e=52.61_out,-4.0,5.859,3.452
11055_uff_e=209.04_out,-7.2,0.0,0.0
11055_uff_e=209.04_out,-6.9,2.748,1.121
11055_uff_e=209.04_out,-6.8,5.189,4.101
11055_uff_e=209.04_out,-6.7,5.715,3.964
11055_uff_e=209.04_out,-6.6,6.516,1.924
11055_uff_e=209.04_out,-6.6,24.186,22.533
11055_uff_e=209.04_out,-6.3,24.22,22.568
11055_uff_e=209.04_out,-6.2,20.683,19.611
11055_uff_e=209.04_out,-6.2,24.343,22.724
11096_uff_e=162.01_out,-4.5,0.0,0.0
11096_uff_e=162.01_out,-4.5,1.24,0.894
11096_uff_e=162.01_out,-4.4,2.843,1.725
11096_uff_e=162.01_out,-4.3,2.466,1.252
11096_uff_e=162.01_out,-4.2,11.454,10.239
11096_uff_e=162.01_out,-4.2,15.066,14.077
11096_uff_e=162.01_out,-4.2,11.578,10.342
11096_uff_e=162.01_out,-4.1,32.394,30.994
11096_uff_e=162.01_out,-4.1,11.659,10.284
11128_uff_e=308.96_out,-5.1,0.0,0.0
11128_uff_e=308.96_out,-4.8,5.781,3.511
11128_uff_e=308.96_out,-4.6,5.838,4.125
11128_uff_e=308.96_out,-4.6,22.597,21.483
11128_uff_e=308.96_out,-4.6,12.695,10.65
11128_uff_e=308.96_out,-4.5,3.795,3.277
11128_uff_e=308.96_out,-4.5,5.207,2.954
11128_uff_e=308.96_out,-4.4,4.353,3.806
11128_uff_e=308.96_out,-4.4,13.649,12.228
11281_uff_e=506.03_out,-6.7,0.0,0.0
11281_uff_e=506.03_out,-6.3,5.137,3.163
11281_uff_e=506.03_out,-6.2,4.674,1.232
11281_uff_e=506.03_out,-6.1,34.123,31.18
11281_uff_e=506.03_out,-6.0,24.296,22.383
11281_uff_e=506.03_out,-5.9,6.368,3.627
11281_uff_e=506.03_out,-5.8,2.291,1.471
11281_uff_e=506.03_out,-5.8,10.965,9.166
11281_uff_e=506.03_out,-5.8,25.308,22.571
11388_uff_e=141.15_out,-5.1,0.0,0.0
11388_uff_e=141.15_out,-5.1,1.49,0.922
11388_uff_e=141.15_out,-5.0,4.385,2.871
11388_uff_e=141.15_out,-4.9,5.152,3.53
11388_uff_e=141.15_out,-4.9,4.334,3.375
11388_uff_e=141.15_out,-4.8,2.232,1.503
11388_uff_e=141.15_out,-4.8,4.997,0.963
11388_uff_e=141.15_out,-4.7,24.424,23.143
11388_uff_e=141.15_out,-4.7,23.837,23.052
11768_uff_e=187.19_out,-7.0,0.0,0.0
11768_uff_e=187.19_out,-6.8,2.954,0.666
11768_uff_e=187.19_out,-6.6,6.147,1.751
11768_uff_e=187.19_out,-6.3,23.334,22.187
11768_uff_e=187.19_out,-6.1,22.835,21.029
11768_uff_e=187.19_out,-6.1,4.775,2.509
11768_uff_e=187.19_out,-6.1,13.311,10.919
11768_uff_e=187.19_out,-6.0,2.215,1.348
11768_uff_e=187.19_out,-6.0,14.561,12.668
12441_uff_e=522.18_out,-7.0,0.0,0.0
12441_uff_e=522.18_out,-6.6,5.725,2.847
12441_uff_e=522.18_out,-6.5,25.087,23.253
12441_uff_e=522.18_out,-6.5,35.353,32.04
12441_uff_e=522.18_out,-6.5,25.403,23.783
12441_uff_e=522.18_out,-6.5,24.286,22.436
12441_uff_e=522.18_out,-6.5,23.725,22.577
12441_uff_e=522.18_out,-6.4,11.435,8.509
12441_uff_e=522.18_out,-6.4,10.746,7.968
12649_uff_e=178.11_out,-5.5,0.0,0.0
12649_uff_e=178.11_out,-5.4,22.138,20.863
12649_uff_e=178.11_out,-5.3,2.295,0.556
12649_uff_e=178.11_out,-5.2,4.657,3.141
12649_uff_e=178.11_out,-5.1,12.783,11.147
12649_uff_e=178.11_out,-5.1,5.013,3.117
12649_uff_e=178.11_out,-5.0,23.202,21.805
12649_uff_e=178.11_out,-4.9,22.208,21.19
12649_uff_e=178.11_out,-4.9,5.042,3.348
12921_uff_e=6749.62_out,-5.1,0.0,0.0
12921_uff_e=6749.62_out,-5.1,23.805,21.584
12921_uff_e=6749.62_out,-5.1,4.383,2.937
12921_uff_e=6749.62_out,-5.0,3.922,1.7
12921_uff_e=6749.62_out,-5.0,24.07,22.263
12921_uff_e=6749.62_out,-4.9,23.76,21.614
12921_uff_e=6749.62_out,-4.9,24.283,22.082
12921_uff_e=6749.62_out,-4.9,5.648,2.995
12921_uff_e=6749.62_out,-4.8,4.596,3.473
14525_uff_e=358.36_out,-5.0,0.0,0.0
14525_uff_e=358.36_out,-5.0,3.359,1.385
14525_uff_e=358.36_out,-4.8,2.58,1.463
14525_uff_e=358.36_out,-4.8,2.613,1.324
14525_uff_e=358.36_out,-4.8,11.94,10.864
14525_uff_e=358.36_out,-4.7,3.16,1.842
14525_uff_e=358.36_out,-4.7,12.075,10.701
14525_uff_e=358.36_out,-4.6,2.498,1.385
14525_uff_e=358.36_out,-4.6,20.477,19.22
14631_uff_e=500.63_out,-6.7,0.0,0.0
14631_uff_e=500.63_out,-6.6,4.128,2.559
14631_uff_e=500.63_out,-6.3,23.956,21.786
14631_uff_e=500.63_out,-6.0,4.405,2.284
14631_uff_e=500.63_out,-5.9,11.758,10.028
14631_uff_e=500.63_out,-5.9,21.515,19.982
14631_uff_e=500.63_out,-5.8,3.649,2.084
14631_uff_e=500.63_out,-5.8,10.769,9.112
14631_uff_e=500.63_out,-5.7,11.722,10.346
14896_uff_e=714.35_out,-4.9,0.0,0.0
14896_uff_e=714.35_out,-4.8,3.178,0.817
14896_uff_e=714.35_out,-4.6,2.487,0.97
14896_uff_e=714.35_out,-4.6,3.027,1.255
14896_uff_e=714.35_out,-4.6,3.247,1.403
14896_uff_e=714.35_out,-4.5,2.087,1.689
14896_uff_e=714.35_out,-4.5,2.081,1.205
14896_uff_e=714.35_out,-4.5,3.07,1.016
14896_uff_e=714.35_out,-4.4,2.534,1.17
14989_uff_e=428.47_out,-7.2,0.0,0.0
14989_uff_e=428.47_out,-6.6,5.685,2.198
14989_uff_e=428.47_out,-6.5,6.075,2.091
14989_uff_e=428.47_out,-6.5,24.974,22.116
14989_uff_e=428.47_out,-6.5,5.994,2.471
14989_uff_e=428.47_out,-6.2,26.06,23.355
14989_uff_e=428.47_out,-6.2,24.4,22.123
14989_uff_e=428.47_out,-6.1,26.518,23.533
14989_uff_e=428.47_out,-6.1,14.398,11.613
15376_uff_e=530.54_out,-6.4,0.0,0.0
15376_uff_e=530.54_out,-6.1,5.772,3.013
15376_uff_e=530.54_out,-6.0,4.491,1.883
15376_uff_e=530.54_out,-6.0,4.992,1.717
15376_uff_e=530.54_out,-6.0,6.469,2.885
15376_uff_e=530.54_out,-5.8,12.614,9.49
15376_uff_e=530.54_out,-5.8,4.462,2.267
15376_uff_e=530.54_out,-5.8,25.007,22.925
15376_uff_e=530.54_out,-5.7,14.793,12.051
15623_uff_e=300.23_out,-4.7,0.0,0.0
15623_uff_e=300.23_out,-4.7,27.666,26.9
15623_uff_e=300.23_out,-4.6,22.171,19.806
15623_uff_e=300.23_out,-4.6,21.741,19.821
15623_uff_e=300.23_out,-4.6,27.162,26.487
15623_uff_e=300.23_out,-4.6,11.543,10.762
15623_uff_e=300.23_out,-4.6,21.947,19.959
15623_uff_e=300.23_out,-4.5,2.423,1.783
15623_uff_e=300.23_out,-4.5,11.644,10.774
16078_uff_e=314.14_out,-6.7,0.0,0.0
16078_uff_e=314.14_out,-6.6,24.094,21.49
16078_uff_e=314.14_out,-6.6,3.81,1.483
16078_uff_e=314.14_out,-6.5,2.076,1.434
16078_uff_e=314.14_out,-6.5,22.446,19.743
16078_uff_e=314.14_out,-6.3,23.396,21.69
16078_uff_e=314.14_out,-6.2,5.722,3.146
16078_uff_e=314.14_out,-6.2,22.742,20.089
16078_uff_e=314.14_out,-6.2,21.402,19.167
16142_uff_e=865.53_out,-8.2,0.0,0.0
16142_uff_e=865.53_out,-7.8,23.972,22.061
16142_uff_e=865.53_out,-7.7,24.611,20.889
16142_uff_e=865.53_out,-7.6,26.356,22.491
16142_uff_e=865.53_out,-7.6,22.371,20.293
16142_uff_e=865.53_out,-7.4,24.577,22.502
16142_uff_e=865.53_out,-7.4,25.444,21.472
16142_uff_e=865.53_out,-7.3,10.389,5.584
16142_uff_e=865.53_out,-7.3,25.822,23.468
16441_uff_e=105.26_out,-5.4,0.0,0.0
16441_uff_e=105.26_out,-5.3,1.901,0.877
16441_uff_e=105.26_out,-4.9,4.96,3.438
16441_uff_e=105.26_out,-4.8,3.487,2.017
16441_uff_e=105.26_out,-4.8,4.857,3.297
16441_uff_e=105.26_out,-4.7,22.598,21.794
16441_uff_e=105.26_out,-4.7,21.489,21.187
16441_uff_e=105.26_out,-4.7,4.713,2.856
16441_uff_e=105.26_out,-4.6,4.685,2.808
16666_uff_e=97.02_out,-5.0,0.0,0.0
16666_uff_e=97.02_out,-4.9,2.887,2.11
16666_uff_e=97.02_out,-4.9,4.914,2.946
16666_uff_e=97.02_out,-4.8,4.383,1.34
16666_uff_e=97.02_out,-4.5,22.849,21.285
16666_uff_e=97.02_out,-4.5,4.743,2.886
16666_uff_e=97.02_out,-4.5,22.901,21.677
16666_uff_e=97.02_out,-4.4,22.351,21.146
16666_uff_e=97.02_out,-4.4,3.628,2.476
16724_uff_e=108.50_out,-5.5,0.0,0.0
16724_uff_e=108.50_out,-5.1,4.678,3.08
16724_uff_e=108.50_out,-5.1,2.517,1.567
16724_uff_e=108.50_out,-4.9,4.495,3.005
16724_uff_e=108.50_out,-4.9,22.652,21.414
16724_uff_e=108.50_out,-4.8,23.885,22.516
16724_uff_e=108.50_out,-4.8,4.768,2.072
16724_uff_e=108.50_out,-4.8,4.578,2.0
16724_uff_e=108.50_out,-4.8,19.78,18.859
16747_uff_e=1384.91_out,-4.8,0.0,0.0
16747_uff_e=1384.91_out,-4.7,22.81,21.496
16747_uff_e=1384.91_out,-4.7,23.565,22.196
16747_uff_e=1384.91_out,-4.7,20.87,19.856
16747_uff_e=1384.91_out,-4.6,23.987,21.974
16747_uff_e=1384.91_out,-4.5,4.865,2.962
16747_uff_e=1384.91_out,-4.5,3.226,2.487
16747_uff_e=1384.91_out,-4.5,3.091,2.415
16747_uff_e=1384.91_out,-4.4,4.97,3.461
16754_uff_e=646.12_out,-6.2,0.0,0.0
16754_uff_e=646.12_out,-6.2,35.55,32.034
16754_uff_e=646.12_out,-6.1,13.86,11.099
16754_uff_e=646.12_out,-5.8,14.514,11.959
16754_uff_e=646.12_out,-5.8,32.83,29.244
16754_uff_e=646.12_out,-5.7,34.502,32.372
16754_uff_e=646.12_out,-5.6,10.808,7.529
16754_uff_e=646.12_out,-5.6,35.601,31.947
16754_uff_e=646.12_out,-5.6,13.976,11.562
16822_uff_e=124.04_out,-5.1,0.0,0.0
16822_uff_e=124.04_out,-5.0,3.534,2.314
16822_uff_e=124.04_out,-4.8,5.755,1.598
16822_uff_e=124.04_out,-4.8,13.168,11.007
16822_uff_e=124.04_out,-4.7,19.906,19.044
16822_uff_e=124.04_out,-4.6,23.049,21.655
16822_uff_e=124.04_out,-4.6,13.131,10.773
16822_uff_e=124.04_out,-4.6,2.29,2.033
16822_uff_e=124.04_out,-4.6,5.633,1.557
17100_uff_e=148.61_out,-5.3,0.0,0.0
17100_uff_e=148.61_out,-5.2,3.387,2.285
17100_uff_e=148.61_out,-5.1,3.69,2.592
17100_uff_e=148.61_out,-4.9,3.153,2.276
17100_uff_e=148.61_out,-4.8,21.659,20.722
17100_uff_e=148.61_out,-4.8,21.722,20.606
17100_uff_e=148.61_out,-4.7,3.921,2.159
17100_uff_e=148.61_out,-4.6,22.006,20.379
17100_uff_e=148.61_out,-4.6,22.086,20.743
18818_uff_e=1441.77_out,-5.2,0.0,0.0
18818_uff_e=1441.77_out,-4.8,2.739,1.397
18818_uff_e=1441.77_out,-4.7,2.51,1.07
18818_uff_e=1441.77_out,-4.6,3.394,1.442
18818_uff_e=1441.77_out,-4.5,3.946,1.286
18818_uff_e=1441.77_out,-4.5,22.16,20.581
18818_uff_e=1441.77_out,-4.3,21.608,20.689
18818_uff_e=1441.77_out,-4.3,22.848,21.621
18818_uff_e=1441.77_out,-4.3,4.099,1.418
19009_uff_e=523.09_out,-7.2,0.0,0.0
19009_uff_e=523.09_out,-6.8,7.968,1.463
19009_uff_e=523.09_out,-6.6,8.436,1.46
19009_uff_e=523.09_out,-6.2,22.035,18.141
19009_uff_e=523.09_out,-6.2,23.724,21.647
19009_uff_e=523.09_out,-6.1,3.161,1.965
19009_uff_e=523.09_out,-6.1,24.51,23.405
19009_uff_e=523.09_out,-6.0,3.81,1.868
19009_uff_e=523.09_out,-6.0,22.98,20.133
19100_uff_e=133.13_out,-5.1,0.0,0.0
19100_uff_e=133.13_out,-4.9,3.184,2.554
19100_uff_e=133.13_out,-4.8,13.99,12.387
19100_uff_e=133.13_out,-4.6,24.003,22.849
19100_uff_e=133.13_out,-4.6,24.427,23.325
19100_uff_e=133.13_out,-4.6,22.601,22.023
19100_uff_e=133.13_out,-4.5,19.959,17.971
19100_uff_e=133.13_out,-4.5,22.952,21.785
19100_uff_e=133.13_out,-4.5,22.383,21.034
19212_uff_e=706.08_out,-6.8,0.0,0.0
19212_uff_e=706.08_out,-6.7,25.362,22.845
19212_uff_e=706.08_out,-6.7,5.971,3.482
19212_uff_e=706.08_out,-6.6,4.713,2.614
19212_uff_e=706.08_out,-6.5,28.441,25.166
19212_uff_e=706.08_out,-6.5,8.591,2.9
19212_uff_e=706.08_out,-6.5,7.955,2.228
19212_uff_e=706.08_out,-6.5,8.098,1.997
19212_uff_e=706.08_out,-6.4,7.72,1.91
20485_uff_e=660.61_out,-7.1,0.0,0.0
20485_uff_e=660.61_out,-6.6,1.652,1.39
20485_uff_e=660.61_out,-6.5,4.696,2.721
20485_uff_e=660.61_out,-6.3,22.103,20.353
20485_uff_e=660.61_out,-6.3,24.842,22.712
20485_uff_e=660.61_out,-6.2,4.905,2.253
20485_uff_e=660.61_out,-6.2,4.691,2.149
20485_uff_e=660.61_out,-6.1,25.642,23.365
20485_uff_e=660.61_out,-5.9,4.856,2.42
21171_uff_e=534.35_out,-6.8,0.0,0.0
21171_uff_e=534.35_out,-6.8,26.154,23.774
21171_uff_e=534.35_out,-6.7,23.642,20.913
21171_uff_e=534.35_out,-6.4,8.158,3.736
21171_uff_e=534.35_out,-6.4,7.932,1.393
21171_uff_e=534.35_out,-6.3,7.913,1.95
21171_uff_e=534.35_out,-6.2,8.463,2.569
21171_uff_e=534.35_out,-6.2,2.007,1.389
21171_uff_e=534.35_out,-6.1,25.343,21.791
22226_uff_e=490.46_out,-6.5,0.0,0.0
22226_uff_e=490.46_out,-6.4,1.712,1.53
22226_uff_e=490.46_out,-6.3,3.594,2.218
22226_uff_e=490.46_out,-6.1,5.266,2.345
22226_uff_e=490.46_out,-5.9,23.769,22.591
22226_uff_e=490.46_out,-5.8,22.046,20.271
22226_uff_e=490.46_out,-5.8,24.336,21.798
22226_uff_e=490.46_out,-5.8,5.378,2.183
22226_uff_e=490.46_out,-5.7,12.213,10.84
22311_uff_e=103.67_out,-5.2,0.0,0.0
22311_uff_e=103.67_out,-5.1,4.492,2.497
22311_uff_e=103.67_out,-5.1,1.843,1.189
22311_uff_e=103.67_out,-4.9,4.296,2.028
22311_uff_e=103.67_out,-4.8,4.684,1.173
22311_uff_e=103.67_out,-4.8,3.107,1.489
22311_uff_e=103.67_out,-4.7,4.544,1.074
22311_uff_e=103.67_out,-4.5,23.086,22.042
22311_uff_e=103.67_out,-4.5,3.553,1.516
23135_uff_e=167.30_out,-5.1,0.0,0.0
23135_uff_e=167.30_out,-5.0,1.788,0.162
23135_uff_e=167.30_out,-4.9,2.919,2.316
23135_uff_e=167.30_out,-4.8,2.951,2.188
23135_uff_e=167.30_out,-4.8,2.402,1.333
23135_uff_e=167.30_out,-4.6,3.238,2.54
23135_uff_e=167.30_out,-4.5,14.361,12.975
23135_uff_e=167.30_out,-4.4,14.2,12.713
23135_uff_e=167.30_out,-4.4,23.702,22.466
23205_uff_e=584.13_out,-6.5,0.0,0.0
23205_uff_e=584.13_out,-6.4,4.235,2.608
23205_uff_e=584.13_out,-6.4,12.161,10.319
23205_uff_e=584.13_out,-6.3,20.9,19.714
23205_uff_e=584.13_out,-6.2,9.744,8.197
23205_uff_e=584.13_out,-6.2,9.992,8.525
23205_uff_e=584.13_out,-6.1,5.338,1.68
23205_uff_e=584.13_out,-6.1,3.623,1.917
23205_uff_e=584.13_out,-5.9,11.036,8.904
23335_uff_e=397.24_out,-7.0,0.0,0.0
23335_uff_e=397.24_out,-6.3,25.256,23.265
23335_uff_e=397.24_out,-6.2,14.677,12.469
23335_uff_e=397.24_out,-6.1,3.168,2.514
23335_uff_e=397.24_out,-6.1,24.541,22.511
23335_uff_e=397.24_out,-6.0,24.605,22.707
23335_uff_e=397.24_out,-6.0,25.837,22.533
23335_uff_e=397.24_out,-5.9,3.8,3.166
23335_uff_e=397.24_out,-5.9,11.515,10.637
23890_uff_e=797.32_out,-6.1,0.0,0.0
23890_uff_e=797.32_out,-6.0,12.865,11.098
23890_uff_e=797.32_out,-5.9,23.299,21.084
23890_uff_e=797.32_out,-5.8,24.111,21.526
23890_uff_e=797.32_out,-5.7,13.273,9.851
23890_uff_e=797.32_out,-5.6,13.229,8.614
23890_uff_e=797.32_out,-5.5,13.101,10.916
23890_uff_e=797.32_out,-5.4,16.927,13.861
23890_uff_e=797.32_out,-5.4,24.954,22.042
24360_uff_e=398.19_out,-7.7,0.0,0.0
24360_uff_e=398.19_out,-7.6,25.931,24.27
24360_uff_e=398.19_out,-7.3,26.701,24.991
24360_uff_e=398.19_out,-7.2,18.428,15.643
24360_uff_e=398.19_out,-7.0,23.261,22.714
24360_uff_e=398.19_out,-6.9,27.211,24.155
24360_uff_e=398.19_out,-6.8,22.337,20.735
24360_uff_e=398.19_out,-6.8,21.376,19.533
24360_uff_e=398.19_out,-6.7,21.559,19.474
26305_uff_e=293.46_out,-6.9,0.0,0.0
26305_uff_e=293.46_out,-6.1,4.701,3.561
26305_uff_e=293.46_out,-6.1,2.855,2.194
26305_uff_e=293.46_out,-6.1,23.346,22.005
26305_uff_e=293.46_out,-6.1,23.434,22.137
26305_uff_e=293.46_out,-5.9,22.982,21.894
26305_uff_e=293.46_out,-5.9,6.344,4.197
26305_uff_e=293.46_out,-5.9,16.179,12.918
26305_uff_e=293.46_out,-5.8,22.856,22.045
26447_uff_e=95.20_out,-4.6,0.0,0.0
26447_uff_e=95.20_out,-4.5,12.807,11.351
26447_uff_e=95.20_out,-4.4,12.376,11.481
26447_uff_e=95.20_out,-4.4,11.866,10.584
26447_uff_e=95.20_out,-4.4,11.587,10.548
26447_uff_e=95.20_out,-4.2,12.298,10.667
26447_uff_e=95.20_out,-4.2,14.354,13.094
26447_uff_e=95.20_out,-4.1,4.094,1.848
26447_uff_e=95.20_out,-4.1,11.52,10.086
26819_uff_e=841.89_out,-6.0,0.0,0.0
26819_uff_e=841.89_out,-5.7,24.106,22.162
26819_uff_e=841.89_out,-5.6,26.056,23.037
26819_uff_e=841.89_out,-5.5,24.682,21.619
26819_uff_e=841.89_out,-5.5,11.479,7.324
26819_uff_e=841.89_out,-5.5,11.988,8.153
26819_uff_e=841.89_out,-5.5,35.184,32.145
26819_uff_e=841.89_out,-5.3,7.247,2.099
26819_uff_e=841.89_out,-5.3,5.414,2.467
26905_uff_e=123.25_out,-6.2,0.0,0.0
26905_uff_e=123.25_out,-5.7,3.854,1.913
26905_uff_e=123.25_out,-5.7,20.054,19.46
26905_uff_e=123.25_out,-5.4,23.465,22.159
26905_uff_e=123.25_out,-5.4,19.676,17.608
26905_uff_e=123.25_out,-5.3,20.267,19.395
26905_uff_e=123.25_out,-5.3,18.838,17.004
26905_uff_e=123.25_out,-5.2,12.53,11.383
26905_uff_e=123.25_out,-5.2,13.004,11.609
29025_uff_e=646.76_out,-5.0,0.0,0.0
29025_uff_e=646.76_out,-5.0,2.957,2.13
29025_uff_e=646.76_out,-5.0,2.243,1.656
29025_uff_e=646.76_out,-4.9,3.333,1.483
29025_uff_e=646.76_out,-4.8,3.488,1.949
29025_uff_e=646.76_out,-4.8,12.458,11.128
29025_uff_e=646.76_out,-4.7,3.036,1.947
29025_uff_e=646.76_out,-4.6,3.534,2.119
29025_uff_e=646.76_out,-4.6,11.925,10.71
29746_uff_e=340.82_out,-5.1,0.0,0.0
29746_uff_e=340.82_out,-5.1,11.654,10.263
29746_uff_e=340.82_out,-5.1,3.676,1.16
29746_uff_e=340.82_out,-5.0,11.875,11.088
29746_uff_e=340.82_out,-5.0,11.683,10.568
29746_uff_e=340.82_out,-5.0,11.522,10.178
29746_uff_e=340.82_out,-5.0,3.399,1.133
29746_uff_e=340.82_out,-4.8,11.877,10.637
29746_uff_e=340.82_out,-4.8,2.941,1.636
30219_uff_e=200.16_out,-6.4,0.0,0.0
30219_uff_e=200.16_out,-6.3,7.863,1.495
30219_uff_e=200.16_out,-6.2,25.987,22.909
30219_uff_e=200.16_out,-6.1,24.233,21.559
30219_uff_e=200.16_out,-6.1,22.646,18.009
30219_uff_e=200.16_out,-6.0,3.947,2.113
30219_uff_e=200.16_out,-6.0,26.187,23.342
30219_uff_e=200.16_out,-6.0,27.368,24.42
30219_uff_e=200.16_out,-6.0,25.537,23.336
31116_uff_e=949.73_out,-9.0,0.0,0.0
31116_uff_e=949.73_out,-8.7,10.331,2.771
31116_uff_e=949.73_out,-8.5,10.362,3.125
31116_uff_e=949.73_out,-8.4,26.245,24.286
31116_uff_e=949.73_out,-8.4,23.303,20.675
31116_uff_e=949.73_out,-8.3,4.089,2.927
31116_uff_e=949.73_out,-8.2,10.565,3.526
31116_uff_e=949.73_out,-8.1,26.189,22.006
31116_uff_e=949.73_out,-8.0,23.737,21.186
31161_uff_e=331.11_out,-6.6,0.0,0.0
31161_uff_e=331.11_out,-6.5,23.005,20.3
31161_uff_e=331.11_out,-6.5,7.309,2.798
31161_uff_e=331.11_out,-6.5,22.481,21.831
31161_uff_e=331.11_out,-6.4,21.399,18.967
31161_uff_e=331.11_out,-6.4,7.506,1.767
31161_uff_e=331.11_out,-6.4,19.034,15.044
31161_uff_e=331.11_out,-6.3,1.745,1.089
31161_uff_e=331.11_out,-6.3,8.192,2.837
31211_uff_e=114.76_out,-5.2,0.0,0.0
31211_uff_e=114.76_out,-5.2,4.148,2.777
31211_uff_e=114.76_out,-5.2,4.247,2.536
31211_uff_e=114.76_out,-5.1,4.904,2.809
31211_uff_e=114.76_out,-5.0,5.078,2.817
31211_uff_e=114.76_out,-5.0,4.039,2.839
31211_uff_e=114.76_out,-5.0,23.277,22.604
31211_uff_e=114.76_out,-4.9,23.002,21.789
31211_uff_e=114.76_out,-4.9,5.771,2.116
31253_uff_e=88.93_out,-4.5,0.0,0.0
31253_uff_e=88.93_out,-4.4,4.217,0.82
31253_uff_e=88.93_out,-4.4,2.007,1.136
31253_uff_e=88.93_out,-4.4,1.82,1.057
31253_uff_e=88.93_out,-4.4,3.572,1.639
31253_uff_e=88.93_out,-4.3,5.243,2.091
31253_uff_e=88.93_out,-4.2,3.44,2.327
31253_uff_e=88.93_out,-4.1,22.02,20.617
31253_uff_e=88.93_out,-4.1,2.863,1.578
31762_uff_e=503.96_out,-6.6,0.0,0.0
31762_uff_e=503.96_out,-6.2,4.841,1.392
31762_uff_e=503.96_out,-6.1,23.495,20.678
31762_uff_e=503.96_out,-5.9,4.296,2.309
31762_uff_e=503.96_out,-5.9,12.956,10.755
31762_uff_e=503.96_out,-5.9,4.33,2.38
31762_uff_e=503.96_out,-5.8,4.32,2.291
31762_uff_e=503.96_out,-5.8,21.959,20.096
31762_uff_e=503.96_out,-5.7,21.539,20.026
32209_uff_e=225.33_out,-7.1,0.0,0.0
32209_uff_e=225.33_out,-6.5,3.0,1.184
32209_uff_e=225.33_out,-6.3,5.565,1.576
32209_uff_e=225.33_out,-6.3,6.224,1.566
32209_uff_e=225.33_out,-6.1,24.56,22.481
32209_uff_e=225.33_out,-6.0,14.557,12.814
32209_uff_e=225.33_out,-6.0,23.67,21.744
32209_uff_e=225.33_out,-5.9,21.987,20.04
32209_uff_e=225.33_out,-5.9,2.019,1.489
33306_uff_e=1870.93_out,-7.1,0.0,0.0
33306_uff_e=1870.93_out,-6.8,2.769,1.714
33306_uff_e=1870.93_out,-6.1,24.384,22.513
33306_uff_e=1870.93_out,-6.1,23.764,21.527
33306_uff_e=1870.93_out,-5.9,3.058,2.025
33306_uff_e=1870.93_out,-5.9,4.979,1.839
33306_uff_e=1870.93_out,-5.8,3.084,2.133
33306_uff_e=1870.93_out,-5.8,25.162,22.85
33306_uff_e=1870.93_out,-5.8,21.203,19.483
36433_uff_e=374.22_out,-7.0,0.0,0.0
36433_uff_e=374.22_out,-7.0,24.352,23.372
36433_uff_e=374.22_out,-7.0,21.625,19.311
36433_uff_e=374.22_out,-6.9,19.217,15.528
36433_uff_e=374.22_out,-6.8,7.302,1.775
36433_uff_e=374.22_out,-6.7,22.545,19.156
36433_uff_e=374.22_out,-6.7,25.784,24.093
36433_uff_e=374.22_out,-6.7,8.182,2.186
36433_uff_e=374.22_out,-6.7,3.54,1.535
40305_uff_e=602.79_out,-6.5,0.0,0.0
40305_uff_e=602.79_out,-6.4,7.927,3.152
40305_uff_e=602.79_out,-6.4,25.024,23.128
40305_uff_e=602.79_out,-6.4,24.71,23.048
40305_uff_e=602.79_out,-6.3,24.057,22.625
40305_uff_e=602.79_out,-6.3,24.346,22.936
40305_uff_e=602.79_out,-6.3,23.839,22.937
40305_uff_e=602.79_out,-6.3,16.827,11.54
40305_uff_e=602.79_out,-6.2,25.081,23.724
42295_uff_e=510.22_out,-6.3,0.0,0.0
42295_uff_e=510.22_out,-6.0,5.612,1.696
42295_uff_e=510.22_out,-6.0,3.838,2.375
42295_uff_e=510.22_out,-6.0,5.32,2.127
42295_uff_e=510.22_out,-5.9,25.229,23.781
42295_uff_e=510.22_out,-5.8,5.186,2.178
42295_uff_e=510.22_out,-5.8,23.867,22.357
42295_uff_e=510.22_out,-5.7,4.373,2.036
42295_uff_e=510.22_out,-5.7,13.984,11.426
42738_uff_e=537.99_out,-6.0,0.0,0.0
42738_uff_e=537.99_out,-5.9,22.719,20.885
42738_uff_e=537.99_out,-5.8,22.666,20.795
42738_uff_e=537.99_out,-5.8,8.768,4.743
42738_uff_e=537.99_out,-5.8,7.429,4.884
42738_uff_e=537.99_out,-5.7,20.795,16.578
42738_uff_e=537.99_out,-5.7,7.292,1.935
42738_uff_e=537.99_out,-5.7,6.149,2.638
42738_uff_e=537.99_out,-5.7,2.054,1.678
47936_uff_e=702.78_out,-6.4,0.0,0.0
47936_uff_e=702.78_out,-6.1,25.169,23.11
47936_uff_e=702.78_out,-6.0,9.081,6.083
47936_uff_e=702.78_out,-6.0,6.192,1.971
47936_uff_e=702.78_out,-5.9,5.277,1.765
47936_uff_e=702.78_out,-5.9,23.278,19.88
47936_uff_e=702.78_out,-5.8,10.068,7.822
47936_uff_e=702.78_out,-5.7,25.954,23.393
47936_uff_e=702.78_out,-5.7,13.012,8.839
51683_uff_e=300.28_out,-4.9,0.0,0.0
51683_uff_e=300.28_out,-4.8,4.12,1.937
51683_uff_e=300.28_out,-4.8,2.951,2.076
51683_uff_e=300.28_out,-4.8,1.874,1.702
51683_uff_e=300.28_out,-4.7,3.684,2.245
51683_uff_e=300.28_out,-4.6,3.262,2.339
51683_uff_e=300.28_out,-4.5,3.322,1.663
51683_uff_e=300.28_out,-4.4,22.199,21.564
51683_uff_e=300.28_out,-4.4,20.513,19.099
54445_uff_e=345.46_out,-5.1,0.0,0.0
54445_uff_e=345.46_out,-5.0,4.018,1.504
54445_uff_e=345.46_out,-4.9,3.786,1.994
54445_uff_e=345.46_out,-4.9,3.395,2.66
54445_uff_e=345.46_out,-4.7,2.581,1.93
54445_uff_e=345.46_out,-4.7,3.921,1.97
54445_uff_e=345.46_out,-4.6,2.706,1.802
54445_uff_e=345.46_out,-4.6,2.58,2.307
54445_uff_e=345.46_out,-4.5,3.678,2.297
60838_uff_e=671.48_out,-8.6,0.0,0.0
60838_uff_e=671.48_out,-8.4,25.979,22.483
60838_uff_e=671.48_out,-8.3,22.81,17.831
60838_uff_e=671.48_out,-8.1,10.45,6.412
60838_uff_e=671.48_out,-8.1,9.551,6.128
60838_uff_e=671.48_out,-8.1,8.06,4.111
60838_uff_e=671.48_out,-8.0,25.003,21.55
60838_uff_e=671.48_out,-8.0,24.304,22.818
60838_uff_e=671.48_out,-8.0,9.974,5.963
61041_uff_e=194.74_out,-5.5,0.0,0.0
61041_uff_e=194.74_out,-5.3,2.546,1.342
61041_uff_e=194.74_out,-4.9,3.218,2.087
61041_uff_e=194.74_out,-4.8,3.231,1.942
61041_uff_e=194.74_out,-4.8,2.982,1.524
61041_uff_e=194.74_out,-4.6,3.366,1.802
61041_uff_e=194.74_out,-4.6,19.874,19.051
61041_uff_e=194.74_out,-4.5,12.228,10.548
61041_uff_e=194.74_out,-4.5,33.449,31.597
61130_uff_e=637.36_out,-5.0,0.0,0.0
61130_uff_e=637.36_out,-4.9,3.266,1.967
61130_uff_e=637.36_out,-4.9,2.308,1.176
61130_uff_e=637.36_out,-4.8,12.01,10.598
61130_uff_e=637.36_out,-4.7,20.286,19.277
61130_uff_e=637.36_out,-4.6,3.548,1.897
61130_uff_e=637.36_out,-4.6,3.324,2.071
61130_uff_e=637.36_out,-4.5,2.753,2.112
61130_uff_e=637.36_out,-4.4,2.768,1.74
61362_uff_e=124.26_out,-5.2,0.0,0.0
61362_uff_e=124.26_out,-5.0,2.982,1.809
61362_uff_e=124.26_out,-4.7,1.584,1.198
61362_uff_e=124.26_out,-4.6,1.986,1.422
61362_uff_e=124.26_out,-4.5,11.652,10.586
61362_uff_e=124.26_out,-4.5,22.029,20.978
61362_uff_e=124.26_out,-4.4,2.759,2.03
61362_uff_e=124.26_out,-4.4,4.141,2.374
61362_uff_e=124.26_out,-4.4,4.073,1.543
62258_uff_e=106.47_out,-4.9,0.0,0.0
62258_uff_e=106.47_out,-4.7,2.126,1.972
62258_uff_e=106.47_out,-4.7,3.054,2.417
62258_uff_e=106.47_out,-4.6,1.638,1.395
62258_uff_e=106.47_out,-4.6,1.698,0.859
62258_uff_e=106.47_out,-4.5,4.079,2.765
62258_uff_e=106.47_out,-4.5,2.21,1.36
62258_uff_e=106.47_out,-4.4,4.876,2.096
62258_uff_e=106.47_out,-4.3,12.616,10.92
63123_uff_e=249.01_out,-7.0,0.0,0.0
63123_uff_e=249.01_out,-6.3,23.57,22.101
63123_uff_e=249.01_out,-6.2,2.377,1.514
63123_uff_e=249.01_out,-6.2,4.739,3.308
63123_uff_e=249.01_out,-6.2,24.989,23.596
63123_uff_e=249.01_out,-6.1,6.138,3.108
63123_uff_e=249.01_out,-6.0,15.872,13.72
63123_uff_e=249.01_out,-5.8,23.223,21.432
63123_uff_e=249.01_out,-5.7,5.951,2.694
63224_uff_e=249.81_out,-6.6,0.0,0.0
63224_uff_e=249.81_out,-6.6,24.164,21.903
63224_uff_e=249.81_out,-6.5,24.383,22.068
63224_uff_e=249.81_out,-6.4,21.377,18.416
63224_uff_e=249.81_out,-6.4,23.16,21.088
63224_uff_e=249.81_out,-6.4,21.465,18.701
63224_uff_e=249.81_out,-6.3,24.76,23.176
63224_uff_e=249.81_out,-6.2,24.796,22.602
63224_uff_e=249.81_out,-6.1,24.196,22.791
64685_uff_e=467.95_out,-4.6,0.0,0.0
64685_uff_e=467.95_out,-4.5,2.957,1.492
64685_uff_e=467.95_out,-4.4,11.547,9.887
64685_uff_e=467.95_out,-4.4,2.23,1.389
64685_uff_e=467.95_out,-4.3,2.481,1.062
64685_uff_e=467.95_out,-4.3,11.356,9.765
64685_uff_e=467.95_out,-4.3,11.556,9.879
64685_uff_e=467.95_out,-4.3,3.027,1.409
64685_uff_e=467.95_out,-4.3,11.136,9.533
64695_uff_e=568.52_out,-6.2,0.0,0.0
64695_uff_e=568.52_out,-6.0,23.862,21.66
64695_uff_e=568.52_out,-6.0,4.231,2.526
64695_uff_e=568.52_out,-5.9,3.968,2.497
64695_uff_e=568.52_out,-5.9,5.076,3.678
64695_uff_e=568.52_out,-5.9,23.444,21.806
64695_uff_e=568.52_out,-5.7,23.667,22.038
64695_uff_e=568.52_out,-5.7,4.824,2.328
64695_uff_e=568.52_out,-5.7,24.161,21.74
64696_uff_e=440.88_out,-5.9,0.0,0.0
64696_uff_e=440.88_out,-5.8,2.195,1.473
64696_uff_e=440.88_out,-5.7,24.769,22.885
64696_uff_e=440.88_out,-5.5,22.288,20.295
64696_uff_e=440.88_out,-5.5,23.976,22.322
64696_uff_e=440.88_out,-5.4,21.247,20.395
64696_uff_e=440.88_out,-5.4,23.896,22.579
64696_uff_e=440.88_out,-5.4,24.989,23.58
64696_uff_e=440.88_out,-5.4,5.556,3.001
64945_uff_e=806.35_out,-7.4,0.0,0.0
64945_uff_e=806.35_out,-7.3,24.227,20.613
64945_uff_e=806.35_out,-7.2,24.753,23.123
64945_uff_e=806.35_out,-7.2,35.43,32.948
64945_uff_e=806.35_out,-7.1,8.071,2.295
64945_uff_e=806.35_out,-7.1,8.213,2.05
64945_uff_e=806.35_out,-7.1,26.07,23.065
64945_uff_e=806.35_out,-7.0,25.845,22.911
64945_uff_e=806.35_out,-7.0,3.556,2.465
64959_uff_e=466.84_out,-6.1,0.0,0.0
64959_uff_e=466.84_out,-5.8,3.911,2.397
64959_uff_e=466.84_out,-5.5,6.355,3.251
64959_uff_e=466.84_out,-5.5,21.469,19.277
64959_uff_e=466.84_out,-5.4,7.176,3.834
64959_uff_e=466.84_out,-5.3,3.403,1.976
64959_uff_e=466.84_out,-5.2,17.022,14.911
64959_uff_e=466.84_out,-5.2,12.62,9.73
64959_uff_e=466.84_out,-5.2,5.435,2.896
64971_uff_e=794.15_out,-7.1,0.0,0.0
64971_uff_e=794.15_out,-7.0,1.688,1.2
64971_uff_e=794.15_out,-6.8,9.461,4.041
64971_uff_e=794.15_out,-6.7,25.363,23.521
64971_uff_e=794.15_out,-6.7,8.308,1.542
64971_uff_e=794.15_out,-6.7,23.555,19.58
64971_uff_e=794.15_out,-6.6,35.052,32.253
64971_uff_e=794.15_out,-6.6,25.419,22.86
64971_uff_e=794.15_out,-6.6,23.915,21.786
64972_uff_e=314.48_out,-6.8,0.0,0.0
64972_uff_e=314.48_out,-6.8,40.187,37.362
64972_uff_e=314.48_out,-6.8,26.546,24.286
64972_uff_e=314.48_out,-6.7,27.255,24.751
64972_uff_e=314.48_out,-6.6,22.979,20.15
64972_uff_e=314.48_out,-6.5,4.491,1.483
64972_uff_e=314.48_out,-6.5,25.169,23.483
64972_uff_e=314.48_out,-6.5,41.922,39.54
64972_uff_e=314.48_out,-6.5,26.165,24.291
64981_uff_e=592.16_out,-5.7,0.0,0.0
64981_uff_e=592.16_out,-5.6,4.873,2.396
64981_uff_e=592.16_out,-5.5,24.697,22.143
64981_uff_e=592.16_out,-5.5,5.49,0.768
64981_uff_e=592.16_out,-5.4,24.634,22.828
64981_uff_e=592.16_out,-5.4,24.281,22.626
64981_uff_e=592.16_out,-5.4,23.031,20.635
64981_uff_e=592.16_out,-5.2,6.701,2.487
64981_uff_e=592.16_out,-5.2,6.842,2.407
64982_uff_e=440.93_out,-7.7,0.0,0.0
64982_uff_e=440.93_out,-7.5,25.883,23.284
64982_uff_e=440.93_out,-7.5,23.801,21.532
64982_uff_e=440.93_out,-7.4,26.088,23.409
64982_uff_e=440.93_out,-7.4,24.524,22.097
64982_uff_e=440.93_out,-7.2,26.348,23.76
64982_uff_e=440.93_out,-7.1,24.646,20.316
64982_uff_e=440.93_out,-7.1,5.339,2.664
64982_uff_e=440.93_out,-7.0,14.311,11.934
65030_uff_e=325.28_out,-6.3,0.0,0.0
65030_uff_e=325.28_out,-6.2,3.941,1.952
65030_uff_e=325.28_out,-6.2,24.992,23.475
65030_uff_e=325.28_out,-6.2,24.018,22.602
65030_uff_e=325.28_out,-6.1,25.109,23.396
65030_uff_e=325.28_out,-6.0,11.912,8.299
65030_uff_e=325.28_out,-5.9,24.926,23.579
65030_uff_e=325.28_out,-5.8,25.377,23.545
65030_uff_e=325.28_out,-5.8,12.926,10.961
65064_uff_e=328.62_out,-7.6,0.0,0.0
65064_uff_e=328.62_out,-7.5,24.337,22.011
65064_uff_e=328.62_out,-7.5,1.47,0.263
65064_uff_e=328.62_out,-7.5,23.688,21.327
65064_uff_e=328.62_out,-7.4,6.553,1.688
65064_uff_e=328.62_out,-7.4,24.772,22.263
65064_uff_e=328.62_out,-7.3,23.712,21.776
65064_uff_e=328.62_out,-7.2,6.409,1.732
65064_uff_e=328.62_out,-7.2,24.831,22.398
65084_uff_e=212.41_out,-6.3,0.0,0.0
65084_uff_e=212.41_out,-6.3,20.259,17.246
65084_uff_e=212.41_out,-6.3,20.245,17.256
65084_uff_e=212.41_out,-6.3,24.101,21.791
65084_uff_e=212.41_out,-6.3,26.012,23.64
65084_uff_e=212.41_out,-6.3,24.092,21.765
65084_uff_e=212.41_out,-6.2,25.865,23.507
65084_uff_e=212.41_out,-6.1,24.568,23.04
65084_uff_e=212.41_out,-6.1,24.723,23.359
65090_uff_e=256.72_out,-7.1,0.0,0.0
65090_uff_e=256.72_out,-6.8,4.719,0.73
65090_uff_e=256.72_out,-6.0,21.338,20.376
65090_uff_e=256.72_out,-5.9,20.22,18.803
65090_uff_e=256.72_out,-5.7,2.551,1.848
65090_uff_e=256.72_out,-5.7,4.057,3.056
65090_uff_e=256.72_out,-5.6,12.493,10.959
65090_uff_e=256.72_out,-5.6,14.282,12.441
65090_uff_e=256.72_out,-5.6,22.141,21.442
65156_uff_e=341.16_out,-6.5,0.0,0.0
65156_uff_e=341.16_out,-6.4,1.869,1.711
65156_uff_e=341.16_out,-6.1,2.802,1.64
65156_uff_e=341.16_out,-5.9,4.712,3.112
65156_uff_e=341.16_out,-5.9,5.39,1.583
65156_uff_e=341.16_out,-5.9,24.242,22.511
65156_uff_e=341.16_out,-5.8,2.211,1.745
65156_uff_e=341.16_out,-5.8,5.179,2.738
65156_uff_e=341.16_out,-5.7,11.724,10.086
65188_uff_e=136.58_out,-6.4,0.0,0.0
65188_uff_e=136.58_out,-6.3,23.089,22.089
65188_uff_e=136.58_out,-6.3,23.364,22.33
65188_uff_e=136.58_out,-6.2,23.13,21.468
65188_uff_e=136.58_out,-6.1,21.283,19.507
65188_uff_e=136.58_out,-6.1,23.258,22.612
65188_uff_e=136.58_out,-6.1,4.814,3.145
65188_uff_e=136.58_out,-6.1,23.266,22.244
65188_uff_e=136.58_out,-6.0,23.085,22.097
65305_uff_e=724.99_out,-6.5,0.0,0.0
65305_uff_e=724.99_out,-6.3,5.575,2.939
65305_uff_e=724.99_out,-6.3,5.71,2.399
65305_uff_e=724.99_out,-6.1,6.083,3.176
65305_uff_e=724.99_out,-5.9,4.402,2.76
65305_uff_e=724.99_out,-5.9,24.403,22.776
65305_uff_e=724.99_out,-5.8,5.532,3.174
65305_uff_e=724.99_out,-5.8,10.686,8.639
65305_uff_e=724.99_out,-5.8,24.601,22.476
65366_uff_e=1557.14_out,-6.4,0.0,0.0
65366_uff_e=1557.14_out,-6.4,5.608,2.369
65366_uff_e=1557.14_out,-6.2,5.724,2.557
65366_uff_e=1557.14_out,-6.2,6.717,1.957
65366_uff_e=1557.14_out,-6.1,6.013,2.339
65366_uff_e=1557.14_out,-6.1,6.849,2.194
65366_uff_e=1557.14_out,-6.1,12.9,9.168
65366_uff_e=1557.14_out,-6.0,4.797,1.97
65366_uff_e=1557.14_out,-6.0,5.244,1.95
65373_uff_e=446.28_out,-5.6,0.0,0.0
65373_uff_e=446.28_out,-5.6,4.446,0.232
65373_uff_e=446.28_out,-5.5,2.663,1.109
65373_uff_e=446.28_out,-5.5,4.115,0.816
65373_uff_e=446.28_out,-5.5,2.197,1.202
65373_uff_e=446.28_out,-5.3,5.182,1.964
65373_uff_e=446.28_out,-5.0,22.741,20.323
65373_uff_e=446.28_out,-5.0,22.911,20.372
65373_uff_e=446.28_out,-4.9,5.38,1.994
65380_uff_e=623.12_out,-6.8,0.0,0.0
65380_uff_e=623.12_out,-6.7,29.734,27.072
65380_uff_e=623.12_out,-6.7,9.396,4.207
65380_uff_e=623.12_out,-6.6,9.296,4.238
65380_uff_e=623.12_out,-6.5,29.842,24.805
65380_uff_e=623.12_out,-6.4,27.616,23.465
65380_uff_e=623.12_out,-6.3,27.973,22.763
65380_uff_e=623.12_out,-6.3,36.437,31.989
65380_uff_e=623.12_out,-6.3,7.499,4.317
65571_uff_e=611.98_out,-7.4,0.0,0.0
65571_uff_e=611.98_out,-7.0,24.089,21.116
65571_uff_e=611.98_out,-6.8,5.38,2.939
65571_uff_e=611.98_out,-6.7,12.367,9.573
65571_uff_e=611.98_out,-6.6,12.553,9.757
65571_uff_e=611.98_out,-6.3,11.708,8.929
65571_uff_e=611.98_out,-6.3,4.847,2.518
65571_uff_e=611.98_out,-6.2,24.139,21.909
65571_uff_e=611.98_out,-6.2,24.975,22.643
65575_uff_e=583.62_out,-6.0,0.0,0.0
65575_uff_e=583.62_out,-5.9,3.174,1.165
65575_uff_e=583.62_out,-5.8,11.985,9.847
65575_uff_e=583.62_out,-5.8,12.034,9.931
65575_uff_e=583.62_out,-5.6,4.109,1.719
65575_uff_e=583.62_out,-5.5,23.563,22.112
65575_uff_e=583.62_out,-5.5,11.736,9.993
65575_uff_e=583.62_out,-5.4,3.328,1.662
65575_uff_e=583.62_out,-5.3,10.985,9.161
65576_uff_e=679.27_out,-7.7,0.0,0.0
65576_uff_e=679.27_out,-7.7,9.307,2.745
65576_uff_e=679.27_out,-7.5,9.053,2.75
65576_uff_e=679.27_out,-7.5,3.685,2.595
65576_uff_e=679.27_out,-7.5,24.692,23.585
65576_uff_e=679.27_out,-7.5,8.731,3.578
65576_uff_e=679.27_out,-7.3,26.198,24.123
65576_uff_e=679.27_out,-7.3,25.291,22.998
65576_uff_e=679.27_out,-7.3,5.504,3.743
65689_uff_e=1810.53_out,-5.7,0.0,0.0
65689_uff_e=1810.53_out,-5.7,25.347,23.544
65689_uff_e=1810.53_out,-5.6,9.863,4.975
65689_uff_e=1810.53_out,-5.5,8.75,4.358
65689_uff_e=1810.53_out,-5.4,7.168,2.469
65689_uff_e=1810.53_out,-5.4,7.2,3.625
65689_uff_e=1810.53_out,-5.3,5.112,2.738
65689_uff_e=1810.53_out,-5.3,23.259,19.477
65689_uff_e=1810.53_out,-5.2,7.789,2.35
65719_uff_e=463.66_out,-6.4,0.0,0.0
65719_uff_e=463.66_out,-6.1,22.553,21.051
65719_uff_e=463.66_out,-5.9,25.022,22.837
65719_uff_e=463.66_out,-5.8,4.425,3.124
65719_uff_e=463.66_out,-5.8,24.729,22.542
65719_uff_e=463.66_out,-5.7,17.882,15.419
65719_uff_e=463.66_out,-5.7,15.148,11.054
65719_uff_e=463.66_out,-5.6,6.424,2.65
65719_uff_e=463.66_out,-5.6,3.577,2.307
65727_uff_e=692.59_out,-7.7,0.0,0.0
65727_uff_e=692.59_out,-7.5,8.482,5.569
65727_uff_e=692.59_out,-7.5,27.31,25.247
65727_uff_e=692.59_out,-7.3,28.109,25.67
65727_uff_e=692.59_out,-7.3,25.746,23.836
65727_uff_e=692.59_out,-7.2,26.588,24.337
65727_uff_e=692.59_out,-7.2,28.613,24.633
65727_uff_e=692.59_out,-7.1,26.783,24.44
65727_uff_e=692.59_out,-7.1,16.279,13.424
65752_uff_e=420.76_out,-7.9,0.0,0.0
65752_uff_e=420.76_out,-7.3,6.66,1.332
65752_uff_e=420.76_out,-7.2,25.042,23.544
65752_uff_e=420.76_out,-7.2,20.94,18.102
65752_uff_e=420.76_out,-7.2,1.734,1.209
65752_uff_e=420.76_out,-7.0,25.483,23.644
65752_uff_e=420.76_out,-6.9,24.216,23.306
65752_uff_e=420.76_out,-6.8,24.537,23.003
65752_uff_e=420.76_out,-6.7,14.032,12.222
66948_uff_e=133.53_out,-4.4,0.0,0.0
66948_uff_e=133.53_out,-4.1,2.916,1.289
66948_uff_e=133.53_out,-3.9,18.465,17.981
66948_uff_e=133.53_out,-3.8,3.547,2.072
66948_uff_e=133.53_out,-3.8,18.451,18.055
66948_uff_e=133.53_out,-3.7,2.051,1.581
66948_uff_e=133.53_out,-3.6,12.116,11.427
66948_uff_e=133.53_out,-3.6,20.801,20.407
66948_uff_e=133.53_out,-3.5,2.376,1.997
67179_uff_e=123.94_out,-4.5,0.0,0.0
67179_uff_e=123.94_out,-4.5,4.863,1.569
67179_uff_e=123.94_out,-4.4,11.644,11.11
67179_uff_e=123.94_out,-4.4,4.63,1.738
67179_uff_e=123.94_out,-4.3,2.384,1.647
67179_uff_e=123.94_out,-4.3,2.616,2.151
67179_uff_e=123.94_out,-4.3,2.315,1.656
67179_uff_e=123.94_out,-4.3,22.704,21.462
67179_uff_e=123.94_out,-4.2,3.349,1.941
68051_uff_e=440.70_out,-6.2,0.0,0.0
68051_uff_e=440.70_out,-6.0,28.346,25.443
68051_uff_e=440.70_out,-5.9,26.186,23.611
68051_uff_e=440.70_out,-5.9,26.957,24.104
68051_uff_e=440.70_out,-5.8,26.742,23.954
68051_uff_e=440.70_out,-5.8,27.836,24.872
68051_uff_e=440.70_out,-5.8,25.582,22.753
68051_uff_e=440.70_out,-5.7,26.585,23.779
68051_uff_e=440.70_out,-5.6,26.745,23.99
68071_uff_e=213.98_out,-6.9,0.0,0.0
68071_uff_e=213.98_out,-6.5,5.399,3.98
68071_uff_e=213.98_out,-6.5,24.047,22.46
68071_uff_e=213.98_out,-6.5,6.116,3.564
68071_uff_e=213.98_out,-6.4,5.217,4.048
68071_uff_e=213.98_out,-6.4,23.085,21.343
68071_uff_e=213.98_out,-6.3,23.604,22.582
68071_uff_e=213.98_out,-6.3,21.496,19.953
68071_uff_e=213.98_out,-6.2,12.198,10.5
68077_uff_e=560.13_out,-5.7,0.0,0.0
68077_uff_e=560.13_out,-5.6,10.43,3.026
68077_uff_e=560.13_out,-5.6,18.339,15.463
68077_uff_e=560.13_out,-5.6,21.0,16.973
68077_uff_e=560.13_out,-5.5,4.361,1.878
68077_uff_e=560.13_out,-5.5,10.834,3.324
68077_uff_e=560.13_out,-5.5,23.205,21.329
68077_uff_e=560.13_out,-5.5,3.359,2.023
68077_uff_e=560.13_out,-5.4,27.47,24.614
68079_uff_e=393.71_out,-5.4,0.0,0.0
68079_uff_e=393.71_out,-5.4,15.031,14.191
68079_uff_e=393.71_out,-5.4,21.021,19.616
68079_uff_e=393.71_out,-5.3,14.164,13.347
68079_uff_e=393.71_out,-5.3,20.601,19.459
68079_uff_e=393.71_out,-5.3,14.135,13.336
68079_uff_e=393.71_out,-5.3,17.174,14.103
68079_uff_e=393.71_out,-5.3,13.233,12.393
68079_uff_e=393.71_out,-5.3,20.202,17.829
68085_uff_e=337.08_out,-6.3,0.0,0.0
68085_uff_e=337.08_out,-5.8,22.245,21.187
68085_uff_e=337.08_out,-5.5,23.511,22.116
68085_uff_e=337.08_out,-5.4,3.337,1.605
68085_uff_e=337.08_out,-5.4,4.127,2.079
68085_uff_e=337.08_out,-5.3,11.031,9.637
68085_uff_e=337.08_out,-5.3,2.362,1.721
68085_uff_e=337.08_out,-5.1,23.836,22.573
68085_uff_e=337.08_out,-5.1,20.372,19.42
68111_uff_e=208.74_out,-7.1,0.0,0.0
68111_uff_e=208.74_out,-6.9,5.347,0.918
68111_uff_e=208.74_out,-6.2,3.025,2.264
68111_uff_e=208.74_out,-6.2,4.404,3.309
68111_uff_e=208.74_out,-6.1,22.954,22.112
68111_uff_e=208.74_out,-6.1,25.221,23.083
68111_uff_e=208.74_out,-6.1,24.66,22.721
68111_uff_e=208.74_out,-6.0,21.575,19.493
68111_uff_e=208.74_out,-6.0,6.342,2.948
68148_uff_e=83.28_out,-5.0,0.0,0.0
68148_uff_e=83.28_out,-5.0,1.607,0.443
68148_uff_e=83.28_out,-4.7,2.948,1.987
68148_uff_e=83.28_out,-4.7,2.477,1.913
68148_uff_e=83.28_out,-4.6,21.31,20.135
68148_uff_e=83.28_out,-4.6,21.262,20.162
68148_uff_e=83.28_out,-4.6,22.756,21.79
68148_uff_e=83.28_out,-4.5,4.932,2.91
68148_uff_e=83.28_out,-4.4,4.986,2.963
68161_uff_e=74.09_out,-3.4,0.0,0.0
68161_uff_e=74.09_out,-3.2,2.047,0.397
68161_uff_e=74.09_out,-3.2,10.643,10.099
68161_uff_e=74.09_out,-3.1,22.605,21.664
68161_uff_e=74.09_out,-3.1,3.106,1.705
68161_uff_e=74.09_out,-3.1,2.623,2.006
68161_uff_e=74.09_out,-3.1,10.251,9.716
68161_uff_e=74.09_out,-3.0,22.632,21.722
68161_uff_e=74.09_out,-3.0,18.774,18.492
68184_uff_e=633.65_out,-6.9,0.0,0.0
68184_uff_e=633.65_out,-6.7,7.312,4.983
68184_uff_e=633.65_out,-6.7,7.336,2.61
68184_uff_e=633.65_out,-6.7,2.288,1.68
68184_uff_e=633.65_out,-6.5,14.596,11.64
68184_uff_e=633.65_out,-6.5,13.973,10.741
68184_uff_e=633.65_out,-6.3,26.908,23.995
68184_uff_e=633.65_out,-6.3,23.139,20.412
68184_uff_e=633.65_out,-6.3,21.12,16.587
68221_uff_e=542.65_out,-5.6,0.0,0.0
68221_uff_e=542.65_out,-5.5,22.335,19.809
68221_uff_e=542.65_out,-5.5,6.073,1.202
68221_uff_e=542.65_out,-5.5,15.982,15.127
68221_uff_e=542.65_out,-5.5,20.894,19.24
68221_uff_e=542.65_out,-5.5,22.846,19.767
68221_uff_e=542.65_out,-5.3,5.702,2.534
68221_uff_e=542.65_out,-5.3,6.06,1.533
68221_uff_e=542.65_out,-5.3,17.778,14.815
68222_uff_e=425.46_out,-5.3,0.0,0.0
68222_uff_e=425.46_out,-5.2,24.272,23.257
68222_uff_e=425.46_out,-5.2,23.061,21.491
68222_uff_e=425.46_out,-5.2,9.901,7.44
68222_uff_e=425.46_out,-5.1,24.228,22.632
68222_uff_e=425.46_out,-5.1,24.7,23.382
68222_uff_e=425.46_out,-5.0,22.746,21.605
68222_uff_e=425.46_out,-5.0,4.476,2.417
68222_uff_e=425.46_out,-5.0,35.189,31.837
68229_uff_e=139.15_out,-6.6,0.0,0.0
68229_uff_e=139.15_out,-6.5,2.757,1.989
68229_uff_e=139.15_out,-6.5,20.618,19.101
68229_uff_e=139.15_out,-6.4,4.32,1.948
68229_uff_e=139.15_out,-6.3,22.584,21.557
68229_uff_e=139.15_out,-6.2,22.983,21.896
68229_uff_e=139.15_out,-6.1,6.071,1.818
68229_uff_e=139.15_out,-5.9,3.889,2.465
68229_uff_e=139.15_out,-5.9,23.858,22.923
68230_uff_e=144.18_out,-6.8,0.0,0.0
68230_uff_e=144.18_out,-6.3,2.132,1.683
68230_uff_e=144.18_out,-6.3,3.605,2.0
68230_uff_e=144.18_out,-6.0,22.193,20.957
68230_uff_e=144.18_out,-6.0,21.949,20.646
68230_uff_e=144.18_out,-6.0,11.474,9.666
68230_uff_e=144.18_out,-5.9,5.494,2.543
68230_uff_e=144.18_out,-5.8,24.626,22.793
68230_uff_e=144.18_out,-5.8,5.261,2.787
68232_uff_e=454.95_out,-6.2,0.0,0.0
68232_uff_e=454.95_out,-6.0,22.786,21.634
68232_uff_e=454.95_out,-5.7,23.742,22.315
68232_uff_e=454.95_out,-5.7,5.889,1.971
68232_uff_e=454.95_out,-5.7,22.785,21.623
68232_uff_e=454.95_out,-5.6,5.274,1.334
68232_uff_e=454.95_out,-5.6,11.146,9.452
68232_uff_e=454.95_out,-5.6,20.529,19.425
68232_uff_e=454.95_out,-5.5,15.297,13.556
68252_uff_e=190.07_out,-5.4,0.0,0.0
68252_uff_e=190.07_out,-5.3,3.994,2.042
68252_uff_e=190.07_out,-5.2,23.201,21.867
68252_uff_e=190.07_out,-5.1,3.696,1.834
68252_uff_e=190.07_out,-4.9,22.99,21.31
68252_uff_e=190.07_out,-4.9,10.884,9.16
68252_uff_e=190.07_out,-4.8,2.063,1.514
68252_uff_e=190.07_out,-4.8,4.694,2.203
68252_uff_e=190.07_out,-4.8,24.649,23.246
68313_uff_e=135.37_out,-5.0,0.0,0.0
68313_uff_e=135.37_out,-4.8,3.0,2.251
68313_uff_e=135.37_out,-4.7,3.035,2.332
68313_uff_e=135.37_out,-4.6,2.908,1.828
68313_uff_e=135.37_out,-4.5,3.41,2.574
68313_uff_e=135.37_out,-4.3,20.593,19.011
68313_uff_e=135.37_out,-4.3,22.676,20.95
68313_uff_e=135.37_out,-4.3,13.816,12.208
68313_uff_e=135.37_out,-4.3,19.459,18.757
68374_uff_e=237.64_out,-5.1,0.0,0.0
68374_uff_e=237.64_out,-5.1,10.639,10.075
68374_uff_e=237.64_out,-5.0,15.912,14.751
68374_uff_e=237.64_out,-5.0,3.656,2.196
68374_uff_e=237.64_out,-5.0,4.76,2.546
68374_uff_e=237.64_out,-5.0,2.505,1.543
68374_uff_e=237.64_out,-5.0,14.921,14.355
68374_uff_e=237.64_out,-5.0,15.067,14.18
68374_uff_e=237.64_out,-4.9,3.341,2.231
68433_uff_e=500.64_out,-6.6,0.0,0.0
68433_uff_e=500.64_out,-6.1,24.664,22.564
68433_uff_e=500.64_out,-6.0,4.514,2.183
68433_uff_e=500.64_out,-5.8,14.704,12.699
68433_uff_e=500.64_out,-5.8,27.55,24.102
68433_uff_e=500.64_out,-5.7,14.595,12.001
68433_uff_e=500.64_out,-5.7,3.246,2.092
68433_uff_e=500.64_out,-5.7,14.214,12.481
68433_uff_e=500.64_out,-5.7,3.65,1.254
69160_uff_e=251.71_out,-5.3,0.0,0.0
69160_uff_e=251.71_out,-5.3,4.115,1.701
69160_uff_e=251.71_out,-5.2,4.415,2.98
69160_uff_e=251.71_out,-5.2,15.21,14.603
69160_uff_e=251.71_out,-5.1,22.286,21.942
69160_uff_e=251.71_out,-5.1,9.902,9.45
69160_uff_e=251.71_out,-5.1,4.707,1.885
69160_uff_e=251.71_out,-5.0,24.125,22.749
69160_uff_e=251.71_out,-4.9,14.992,14.659
69502_uff_e=346.19_out,-7.7,0.0,0.0
69502_uff_e=346.19_out,-7.3,4.54,1.362
69502_uff_e=346.19_out,-6.6,23.662,22.438
69502_uff_e=346.19_out,-6.4,21.591,20.548
69502_uff_e=346.19_out,-6.4,24.073,22.638
69502_uff_e=346.19_out,-6.3,21.333,19.859
69502_uff_e=346.19_out,-6.2,3.156,1.867
69502_uff_e=346.19_out,-6.1,5.994,2.827
69502_uff_e=346.19_out,-6.0,12.475,9.84
69726_uff_e=258.48_out,-5.3,0.0,0.0
69726_uff_e=258.48_out,-5.1,14.897,13.784
69726_uff_e=258.48_out,-5.1,13.049,11.184
69726_uff_e=258.48_out,-5.1,4.016,2.068
69726_uff_e=258.48_out,-5.0,13.667,12.981
69726_uff_e=258.48_out,-5.0,17.155,15.07
69726_uff_e=258.48_out,-5.0,16.982,14.964
69726_uff_e=258.48_out,-4.9,24.663,23.324
69726_uff_e=258.48_out,-4.9,15.494,14.258
70639_uff_e=241.69_out,-5.3,0.0,0.0
70639_uff_e=241.69_out,-5.2,3.134,2.018
70639_uff_e=241.69_out,-5.1,3.438,1.849
70639_uff_e=241.69_out,-5.1,3.393,1.795
70639_uff_e=241.69_out,-5.0,4.282,1.908
70639_uff_e=241.69_out,-5.0,3.34,1.838
70639_uff_e=241.69_out,-5.0,3.075,1.713
70639_uff_e=241.69_out,-4.9,2.984,1.917
70639_uff_e=241.69_out,-4.8,3.063,2.286
70962_uff_e=82.02_out,-4.9,0.0,0.0
70962_uff_e=82.02_out,-4.8,4.209,1.449
70962_uff_e=82.02_out,-4.7,1.54,1.281
70962_uff_e=82.02_out,-4.6,11.278,10.071
70962_uff_e=82.02_out,-4.5,3.132,2.11
70962_uff_e=82.02_out,-4.5,3.833,1.871
70962_uff_e=82.02_out,-4.5,12.792,11.357
70962_uff_e=82.02_out,-4.4,26.257,25.291
70962_uff_e=82.02_out,-4.4,3.906,1.772
71203_uff_e=495.70_out,-7.4,0.0,0.0
71203_uff_e=495.70_out,-7.2,5.055,1.205
71203_uff_e=495.70_out,-6.6,5.23,2.468
71203_uff_e=495.70_out,-6.3,3.494,1.971
71203_uff_e=495.70_out,-6.3,4.171,2.169
71203_uff_e=495.70_out,-6.2,13.054,11.584
71203_uff_e=495.70_out,-6.1,5.296,1.764
71203_uff_e=495.70_out,-6.0,24.951,22.621
71203_uff_e=495.70_out,-6.0,3.907,2.802
71204_uff_e=674.55_out,-6.4,0.0,0.0
71204_uff_e=674.55_out,-6.3,5.794,2.912
71204_uff_e=674.55_out,-6.2,4.517,2.108
71204_uff_e=674.55_out,-6.2,6.1,3.019
71204_uff_e=674.55_out,-6.0,5.962,3.462
71204_uff_e=674.55_out,-6.0,3.427,2.415
71204_uff_e=674.55_out,-5.9,26.048,23.215
71204_uff_e=674.55_out,-5.8,24.989,22.257
71204_uff_e=674.55_out,-5.8,17.324,14.052
72258_uff_e=149.04_out,-4.9,0.0,0.0
72258_uff_e=149.04_out,-4.9,4.166,1.833
72258_uff_e=149.04_out,-4.8,3.579,2.371
72258_uff_e=149.04_out,-4.6,2.217,1.828
72258_uff_e=149.04_out,-4.6,4.47,2.169
72258_uff_e=149.04_out,-4.5,2.606,1.867
72258_uff_e=149.04_out,-4.4,3.531,2.059
72258_uff_e=149.04_out,-4.4,2.952,1.716
72258_uff_e=149.04_out,-4.4,4.272,2.484
72259_uff_e=122.85_out,-4.5,0.0,0.0
72259_uff_e=122.85_out,-4.3,3.262,2.146
72259_uff_e=122.85_out,-4.1,3.323,1.157
72259_uff_e=122.85_out,-4.1,22.297,21.375
72259_uff_e=122.85_out,-4.1,2.689,2.078
72259_uff_e=122.85_out,-4.1,2.171,1.574
72259_uff_e=122.85_out,-4.0,2.948,2.331
72259_uff_e=122.85_out,-4.0,2.644,2.327
72259_uff_e=122.85_out,-4.0,21.929,21.224
72276_uff_e=231.39_out,-6.6,0.0,0.0
72276_uff_e=231.39_out,-6.4,10.813,9.074
72276_uff_e=231.39_out,-6.3,23.798,22.187
72276_uff_e=231.39_out,-6.1,23.151,21.259
72276_uff_e=231.39_out,-6.1,22.82,21.439
72276_uff_e=231.39_out,-6.0,25.592,23.122
72276_uff_e=231.39_out,-6.0,4.661,2.989
72276_uff_e=231.39_out,-6.0,10.395,9.034
72276_uff_e=231.39_out,-6.0,22.766,21.552
72277_uff_e=238.20_out,-6.5,0.0,0.0
72277_uff_e=238.20_out,-6.4,11.128,9.245
72277_uff_e=238.20_out,-6.3,24.076,22.332
72277_uff_e=238.20_out,-6.2,22.976,21.629
72277_uff_e=238.20_out,-6.2,23.025,21.755
72277_uff_e=238.20_out,-6.2,23.044,21.646
72277_uff_e=238.20_out,-6.0,23.288,21.886
72277_uff_e=238.20_out,-6.0,22.246,20.42
72277_uff_e=238.20_out,-6.0,25.835,23.198
72281_uff_e=283.49_out,-6.7,0.0,0.0
72281_uff_e=283.49_out,-6.5,23.473,21.755
72281_uff_e=283.49_out,-6.5,23.823,21.816
72281_uff_e=283.49_out,-6.4,21.961,20.291
72281_uff_e=283.49_out,-6.3,26.066,23.022
72281_uff_e=283.49_out,-6.3,22.98,21.98
72281_uff_e=283.49_out,-6.3,23.34,21.946
72281_uff_e=283.49_out,-6.3,22.877,22.181
72281_uff_e=283.49_out,-6.2,23.305,21.691
72300_uff_e=333.67_out,-6.2,0.0,0.0
72300_uff_e=333.67_out,-6.2,6.503,0.123
72300_uff_e=333.67_out,-6.1,24.485,22.617
72300_uff_e=333.67_out,-6.0,26.967,24.718
72300_uff_e=333.67_out,-5.9,25.82,24.384
72300_uff_e=333.67_out,-5.9,25.92,23.727
72300_uff_e=333.67_out,-5.9,26.038,23.208
72300_uff_e=333.67_out,-5.8,27.083,24.601
72300_uff_e=333.67_out,-5.8,26.245,24.364
72301_uff_e=584.08_out,-6.4,0.0,0.0
72301_uff_e=584.08_out,-6.2,7.973,1.923
72301_uff_e=584.08_out,-6.1,8.911,2.552
72301_uff_e=584.08_out,-6.0,24.068,21.071
72301_uff_e=584.08_out,-6.0,26.979,26.357
72301_uff_e=584.08_out,-6.0,2.963,2.526
72301_uff_e=584.08_out,-6.0,13.045,10.507
72301_uff_e=584.08_out,-5.9,8.149,1.491
72301_uff_e=584.08_out,-5.8,33.933,31.895
72303_uff_e=335.33_out,-6.2,0.0,0.0
72303_uff_e=335.33_out,-5.9,22.752,20.954
72303_uff_e=335.33_out,-5.9,7.534,3.08
72303_uff_e=335.33_out,-5.8,24.781,21.586
72303_uff_e=335.33_out,-5.8,6.402,2.95
72303_uff_e=335.33_out,-5.7,21.548,18.91
72303_uff_e=335.33_out,-5.7,2.926,1.883
72303_uff_e=335.33_out,-5.7,24.153,21.376
72303_uff_e=335.33_out,-5.7,23.979,21.924
72307_uff_e=683.68_out,-7.4,0.0,0.0
72307_uff_e=683.68_out,-7.4,1.433,0.683
72307_uff_e=683.68_out,-7.4,9.018,0.682
72307_uff_e=683.68_out,-7.2,2.051,1.003
72307_uff_e=683.68_out,-7.0,21.376,19.733
72307_uff_e=683.68_out,-7.0,22.694,19.769
72307_uff_e=683.68_out,-6.9,36.169,31.974
72307_uff_e=683.68_out,-6.9,3.575,2.508
72307_uff_e=683.68_out,-6.9,36.49,31.939
72310_uff_e=445.03_out,-7.1,0.0,0.0
72310_uff_e=445.03_out,-6.9,8.3,1.33
72310_uff_e=445.03_out,-6.6,7.96,1.68
72310_uff_e=445.03_out,-6.5,21.964,18.752
72310_uff_e=445.03_out,-6.3,3.1,2.115
72310_uff_e=445.03_out,-6.2,21.493,19.316
72310_uff_e=445.03_out,-6.1,23.634,21.564
72310_uff_e=445.03_out,-6.1,27.821,26.554
72310_uff_e=445.03_out,-6.1,3.552,1.784
72319_uff_e=601.11_out,-6.6,0.0,0.0
72319_uff_e=601.11_out,-6.5,20.814,16.318
72319_uff_e=601.11_out,-6.4,19.803,15.093
72319_uff_e=601.11_out,-6.3,10.342,6.006
72319_uff_e=601.11_out,-6.1,23.893,19.66
72319_uff_e=601.11_out,-6.1,3.662,2.402
72319_uff_e=601.11_out,-6.1,26.819,23.802
72319_uff_e=601.11_out,-6.0,25.269,22.598
72319_uff_e=601.11_out,-6.0,10.884,6.402
72320_uff_e=2342.06_out,-7.5,0.0,0.0
72320_uff_e=2342.06_out,-7.4,7.229,3.791
72320_uff_e=2342.06_out,-7.1,10.939,8.025
72320_uff_e=2342.06_out,-7.0,14.679,11.078
72320_uff_e=2342.06_out,-6.8,26.344,23.991
72320_uff_e=2342.06_out,-6.8,24.631,21.216
72320_uff_e=2342.06_out,-6.8,27.239,23.513
72320_uff_e=2342.06_out,-6.7,12.313,9.494
72320_uff_e=2342.06_out,-6.7,6.471,2.23
72323_uff_e=507.93_out,-6.6,0.0,0.0
72323_uff_e=507.93_out,-6.5,25.438,23.033
72323_uff_e=507.93_out,-6.5,26.242,23.793
72323_uff_e=507.93_out,-6.5,23.659,22.63
72323_uff_e=507.93_out,-6.4,25.778,22.927
72323_uff_e=507.93_out,-6.3,24.741,22.676
72323_uff_e=507.93_out,-6.3,24.789,22.146
72323_uff_e=507.93_out,-6.3,23.745,22.673
72323_uff_e=507.93_out,-6.3,25.697,23.834
72326_uff_e=951.90_out,-7.4,0.0,0.0
72326_uff_e=951.90_out,-7.1,7.998,1.583
72326_uff_e=951.90_out,-7.1,25.242,23.231
72326_uff_e=951.90_out,-7.0,35.38,32.403
72326_uff_e=951.90_out,-6.7,25.661,23.415
72326_uff_e=951.90_out,-6.6,25.856,23.67
72326_uff_e=951.90_out,-6.6,5.448,2.884
72326_uff_e=951.90_out,-6.6,38.231,34.682
72326_uff_e=951.90_out,-6.5,4.436,2.914
72340_uff_e=460.34_out,-6.9,0.0,0.0
72340_uff_e=460.34_out,-6.9,17.982,14.936
72340_uff_e=460.34_out,-6.8,25.243,23.63
72340_uff_e=460.34_out,-6.8,6.442,3.833
72340_uff_e=460.34_out,-6.7,25.877,23.211
72340_uff_e=460.34_out,-6.7,25.02,23.657
72340_uff_e=460.34_out,-6.7,25.083,22.996
72340_uff_e=460.34_out,-6.7,26.708,22.914
72340_uff_e=460.34_out,-6.5,17.619,14.657
72341_uff_e=702.76_out,-7.2,0.0,0.0
72341_uff_e=702.76_out,-7.1,25.142,20.969
72341_uff_e=702.76_out,-7.1,27.961,24.281
72341_uff_e=702.76_out,-7.1,3.528,2.812
72341_uff_e=702.76_out,-7.1,22.21,18.611
72341_uff_e=702.76_out,-7.0,14.699,11.286
72341_uff_e=702.76_out,-7.0,10.367,6.418
72341_uff_e=702.76_out,-7.0,12.11,6.467
72341_uff_e=702.76_out,-7.0,26.123,22.895
72343_uff_e=1155.86_out,-6.7,0.0,0.0
72343_uff_e=1155.86_out,-6.7,8.111,1.908
72343_uff_e=1155.86_out,-6.6,27.797,24.832
72343_uff_e=1155.86_out,-6.5,11.151,8.239
72343_uff_e=1155.86_out,-6.4,26.508,21.818
72343_uff_e=1155.86_out,-6.4,24.951,21.463
72343_uff_e=1155.86_out,-6.4,6.728,2.506
72343_uff_e=1155.86_out,-6.3,27.671,24.19
72343_uff_e=1155.86_out,-6.2,7.571,2.45
72344_uff_e=712.21_out,-5.8,0.0,0.0
72344_uff_e=712.21_out,-5.8,22.539,18.955
72344_uff_e=712.21_out,-5.8,11.166,6.767
72344_uff_e=712.21_out,-5.8,22.409,18.922
72344_uff_e=712.21_out,-5.7,19.042,16.063
72344_uff_e=712.21_out,-5.7,20.851,18.214
72344_uff_e=712.21_out,-5.6,19.058,14.55
72344_uff_e=712.21_out,-5.6,20.36,17.651
72344_uff_e=712.21_out,-5.6,10.755,7.093
72378_uff_e=518.34_out,-6.3,0.0,0.0
72378_uff_e=518.34_out,-6.2,23.724,23.17
72378_uff_e=518.34_out,-6.1,25.95,24.267
72378_uff_e=518.34_out,-6.0,12.758,11.005
72378_uff_e=518.34_out,-6.0,24.056,22.855
72378_uff_e=518.34_out,-5.9,24.005,23.472
72378_uff_e=518.34_out,-5.9,21.386,19.71
72378_uff_e=518.34_out,-5.9,24.484,23.541
72378_uff_e=518.34_out,-5.9,26.018,23.534
72386_uff_e=378.00_out,-4.7,0.0,0.0
72386_uff_e=378.00_out,-4.6,35.364,34.406
72386_uff_e=378.00_out,-4.5,8.533,2.633
72386_uff_e=378.00_out,-4.5,14.535,11.944
72386_uff_e=378.00_out,-4.5,24.851,23.148
72386_uff_e=378.00_out,-4.4,8.852,1.182
72386_uff_e=378.00_out,-4.4,23.931,22.478
72386_uff_e=378.00_out,-4.3,8.756,2.153
72386_uff_e=378.00_out,-4.3,8.676,2.161
72502_uff_e=328.01_out,-5.7,0.0,0.0
72502_uff_e=328.01_out,-5.7,22.48,19.867
72502_uff_e=328.01_out,-5.7,34.199,31.987
72502_uff_e=328.01_out,-5.4,22.993,21.098
72502_uff_e=328.01_out,-5.4,12.464,10.451
72502_uff_e=328.01_out,-5.3,9.237,7.12
72502_uff_e=328.01_out,-5.3,9.647,7.676
72502_uff_e=328.01_out,-5.2,11.252,9.34
72502_uff_e=328.01_out,-5.2,10.104,7.991
72503_uff_e=291.30_out,-6.2,0.0,0.0
72503_uff_e=291.30_out,-5.8,3.394,1.341
72503_uff_e=291.30_out,-5.8,5.454,2.682
72503_uff_e=291.30_out,-5.6,23.063,21.338
72503_uff_e=291.30_out,-5.4,24.699,22.866
72503_uff_e=291.30_out,-5.3,5.051,2.751
72503_uff_e=291.30_out,-5.2,34.355,32.317
72503_uff_e=291.30_out,-5.2,22.637,21.572
72503_uff_e=291.30_out,-5.1,10.532,9.187
72537_uff_e=232.71_out,-6.2,0.0,0.0
72537_uff_e=232.71_out,-6.1,21.4,19.17
72537_uff_e=232.71_out,-6.0,5.81,1.18
72537_uff_e=232.71_out,-5.9,24.299,23.78
72537_uff_e=232.71_out,-5.9,5.914,2.695
72537_uff_e=232.71_out,-5.9,24.122,23.498
72537_uff_e=232.71_out,-5.9,21.696,18.904
72537_uff_e=232.71_out,-5.8,20.702,19.039
72537_uff_e=232.71_out,-5.8,13.144,10.166
72540_uff_e=362.73_out,-6.6,0.0,0.0
72540_uff_e=362.73_out,-6.2,4.749,2.662
72540_uff_e=362.73_out,-6.1,3.377,1.878
72540_uff_e=362.73_out,-6.1,24.145,22.442
72540_uff_e=362.73_out,-6.1,23.294,22.375
72540_uff_e=362.73_out,-6.0,4.879,3.131
72540_uff_e=362.73_out,-6.0,1.833,1.721
72540_uff_e=362.73_out,-5.9,3.03,2.487
72540_uff_e=362.73_out,-5.9,23.144,21.605
72646_uff_e=486.45_out,-6.5,0.0,0.0
72646_uff_e=486.45_out,-6.1,3.43,1.981
72646_uff_e=486.45_out,-6.0,23.895,22.022
72646_uff_e=486.45_out,-6.0,3.467,1.921
72646_uff_e=486.45_out,-5.9,24.462,22.693
72646_uff_e=486.45_out,-5.9,4.793,2.35
72646_uff_e=486.45_out,-5.8,19.302,17.212
72646_uff_e=486.45_out,-5.7,4.648,1.54
72646_uff_e=486.45_out,-5.7,3.6,1.879
72724_uff_e=336.12_out,-6.3,0.0,0.0
72724_uff_e=336.12_out,-5.9,4.986,2.392
72724_uff_e=336.12_out,-5.9,23.748,22.745
72724_uff_e=336.12_out,-5.8,4.39,2.543
72724_uff_e=336.12_out,-5.7,5.081,2.792
72724_uff_e=336.12_out,-5.7,2.05,1.489
72724_uff_e=336.12_out,-5.7,24.364,22.776
72724_uff_e=336.12_out,-5.6,2.964,1.876
72724_uff_e=336.12_out,-5.6,10.331,8.612
72815_uff_e=734.11_out,-5.8,0.0,0.0
72815_uff_e=734.11_out,-5.8,25.108,22.214
72815_uff_e=734.11_out,-5.7,24.521,21.698
72815_uff_e=734.11_out,-5.7,2.311,0.232
72815_uff_e=734.11_out,-5.6,24.567,21.686
72815_uff_e=734.11_out,-5.6,3.919,1.151
72815_uff_e=734.11_out,-5.6,25.376,22.626
72815_uff_e=734.11_out,-5.6,24.76,21.695
72815_uff_e=734.11_out,-5.6,25.433,21.935
72819_uff_e=179.17_out,-6.3,0.0,0.0
72819_uff_e=179.17_out,-6.1,3.735,1.828
72819_uff_e=179.17_out,-6.1,10.684,8.107
72819_uff_e=179.17_out,-6.0,21.741,20.976
72819_uff_e=179.17_out,-5.9,10.371,8.374
72819_uff_e=179.17_out,-5.9,5.966,2.577
72819_uff_e=179.17_out,-5.8,23.114,21.167
72819_uff_e=179.17_out,-5.7,24.903,23.126
72819_uff_e=179.17_out,-5.7,24.808,23.288
72924_uff_e=66.13_out,-5.1,0.0,0.0
72924_uff_e=66.13_out,-4.6,19.308,18.69
72924_uff_e=66.13_out,-4.4,11.473,10.445
72924_uff_e=66.13_out,-4.3,3.167,2.339
72924_uff_e=66.13_out,-4.3,19.567,18.849
72924_uff_e=66.13_out,-4.3,19.65,19.087
72924_uff_e=66.13_out,-4.3,12.752,11.116
72924_uff_e=66.13_out,-4.2,12.326,10.75
72924_uff_e=66.13_out,-4.2,18.48,17.26
72964_uff_e=619.80_out,-7.2,0.0,0.0
72964_uff_e=619.80_out,-6.6,24.09,21.138
72964_uff_e=619.80_out,-6.5,13.013,10.402
72964_uff_e=619.80_out,-6.4,5.464,2.884
72964_uff_e=619.80_out,-6.3,12.427,9.793
72964_uff_e=619.80_out,-6.2,4.904,2.488
72964_uff_e=619.80_out,-6.2,5.902,2.776
72964_uff_e=619.80_out,-6.2,27.928,25.603
72964_uff_e=619.80_out,-6.2,11.546,8.869
72965_uff_e=651.75_out,-7.3,0.0,0.0
72965_uff_e=651.75_out,-7.0,22.823,20.494
72965_uff_e=651.75_out,-6.9,17.713,14.998
72965_uff_e=651.75_out,-6.7,16.858,14.537
72965_uff_e=651.75_out,-6.7,18.192,15.942
72965_uff_e=651.75_out,-6.6,23.393,20.896
72965_uff_e=651.75_out,-6.6,19.243,16.273
72965_uff_e=651.75_out,-6.5,17.484,15.319
72965_uff_e=651.75_out,-6.5,23.002,20.773
73053_uff_e=692.77_out,-8.1,0.0,0.0
73053_uff_e=692.77_out,-7.5,2.428,1.761
73053_uff_e=692.77_out,-7.3,25.366,21.323
73053_uff_e=692.77_out,-7.3,25.335,22.14
73053_uff_e=692.77_out,-7.3,10.249,5.853
73053_uff_e=692.77_out,-7.2,27.907,24.837
73053_uff_e=692.77_out,-7.2,26.005,21.187
73053_uff_e=692.77_out,-7.2,29.181,24.038
73053_uff_e=692.77_out,-7.2,24.53,21.432
73062_uff_e=477.19_out,-6.6,0.0,0.0
73062_uff_e=477.19_out,-6.6,25.11,23.425
73062_uff_e=477.19_out,-6.5,24.252,22.513
73062_uff_e=477.19_out,-6.3,24.755,22.982
73062_uff_e=477.19_out,-6.2,24.65,22.903
73062_uff_e=477.19_out,-6.2,23.446,20.368
73062_uff_e=477.19_out,-6.2,7.041,3.706
73062_uff_e=477.19_out,-6.1,1.212,0.906
73062_uff_e=477.19_out,-6.1,6.184,3.412
73067_uff_e=324.18_out,-6.4,0.0,0.0
73067_uff_e=324.18_out,-6.3,24.821,23.119
73067_uff_e=324.18_out,-6.2,5.386,2.44
73067_uff_e=324.18_out,-6.0,9.738,7.813
73067_uff_e=324.18_out,-6.0,6.083,1.845
73067_uff_e=324.18_out,-6.0,5.031,2.502
73067_uff_e=324.18_out,-5.9,26.529,24.817
73067_uff_e=324.18_out,-5.8,12.941,10.986
73067_uff_e=324.18_out,-5.8,26.834,25.059
73072_uff_e=253.44_out,-7.5,0.0,0.0
73072_uff_e=253.44_out,-7.2,3.151,1.074
73072_uff_e=253.44_out,-6.5,5.314,1.58
73072_uff_e=253.44_out,-6.3,23.537,22.406
73072_uff_e=253.44_out,-6.3,25.377,23.0
73072_uff_e=253.44_out,-6.3,1.839,1.225
73072_uff_e=253.44_out,-6.3,25.017,23.531
73072_uff_e=253.44_out,-6.3,24.444,21.997
73072_uff_e=253.44_out,-6.2,23.762,22.398
73073_uff_e=474.89_out,-7.2,0.0,0.0
73073_uff_e=474.89_out,-6.9,24.101,22.998
73073_uff_e=474.89_out,-6.7,7.677,5.239
73073_uff_e=474.89_out,-6.6,25.607,23.803
73073_uff_e=474.89_out,-6.6,16.953,14.797
73073_uff_e=474.89_out,-6.5,23.654,21.117
73073_uff_e=474.89_out,-6.5,19.527,16.501
73073_uff_e=474.89_out,-6.4,24.599,22.742
73073_uff_e=474.89_out,-6.3,17.064,14.962
73078_uff_e=1036.37_out,-7.2,0.0,0.0
73078_uff_e=1036.37_out,-7.0,7.247,3.843
73078_uff_e=1036.37_out,-7.0,28.351,24.878
73078_uff_e=1036.37_out,-7.0,27.58,24.934
73078_uff_e=1036.37_out,-6.8,6.935,2.071
73078_uff_e=1036.37_out,-6.8,8.379,3.869
73078_uff_e=1036.37_out,-6.7,8.526,4.089
73078_uff_e=1036.37_out,-6.6,29.01,25.654
73078_uff_e=1036.37_out,-6.6,7.499,3.118
73117_uff_e=653.11_out,-6.4,0.0,0.0
73117_uff_e=653.11_out,-6.3,1.879,0.827
73117_uff_e=653.11_out,-6.2,9.427,0.77
73117_uff_e=653.11_out,-6.2,1.773,0.723
73117_uff_e=653.11_out,-6.2,9.324,0.649
73117_uff_e=653.11_out,-6.1,22.767,18.771
73117_uff_e=653.11_out,-6.0,3.452,2.231
73117_uff_e=653.11_out,-6.0,9.27,1.563
73117_uff_e=653.11_out,-6.0,9.098,2.253
73145_uff_e=695.05_out,-8.2,0.0,0.0
73145_uff_e=695.05_out,-8.0,8.675,3.208
73145_uff_e=695.05_out,-7.9,8.447,2.546
73145_uff_e=695.05_out,-7.9,24.899,23.163
73145_uff_e=695.05_out,-7.6,1.632,1.292
73145_uff_e=695.05_out,-7.5,1.431,1.263
73145_uff_e=695.05_out,-7.3,25.126,21.716
73145_uff_e=695.05_out,-7.3,28.074,25.644
73145_uff_e=695.05_out,-7.2,4.75,3.154
73146_uff_e=1022.04_out,-7.9,0.0,0.0
73146_uff_e=1022.04_out,-7.8,11.156,4.032
73146_uff_e=1022.04_out,-7.8,23.258,20.503
73146_uff_e=1022.04_out,-7.6,23.378,20.625
73146_uff_e=1022.04_out,-7.5,11.134,2.798
73146_uff_e=1022.04_out,-7.4,26.229,22.469
73146_uff_e=1022.04_out,-7.4,11.425,3.297
73146_uff_e=1022.04_out,-7.4,2.904,1.347
73146_uff_e=1022.04_out,-7.3,27.012,22.629
73154_uff_e=648.71_out,-7.1,0.0,0.0
73154_uff_e=648.71_out,-7.0,22.755,20.459
73154_uff_e=648.71_out,-6.7,12.2,8.755
73154_uff_e=648.71_out,-6.7,9.974,7.395
73154_uff_e=648.71_out,-6.6,4.072,2.375
73154_uff_e=648.71_out,-6.6,11.862,9.26
73154_uff_e=648.71_out,-6.5,4.448,2.0
73154_uff_e=648.71_out,-6.5,5.132,1.9
73154_uff_e=648.71_out,-6.5,24.512,22.16
73160_uff_e=208.03_out,-6.8,0.0,0.0
73160_uff_e=208.03_out,-6.6,22.224,21.58
73160_uff_e=208.03_out,-6.5,23.043,21.64
73160_uff_e=208.03_out,-6.5,22.854,22.272
73160_uff_e=208.03_out,-6.4,21.248,19.648
73160_uff_e=208.03_out,-6.2,4.19,3.406
73160_uff_e=208.03_out,-6.1,21.949,19.686
73160_uff_e=208.03_out,-6.1,7.013,4.408
73160_uff_e=208.03_out,-6.1,19.879,17.448
73170_uff_e=682.81_out,-8.1,0.0,0.0
73170_uff_e=682.81_out,-7.9,25.61,22.903
73170_uff_e=682.81_out,-7.7,25.325,22.877
73170_uff_e=682.81_out,-7.6,25.61,22.944
73170_uff_e=682.81_out,-7.5,3.459,1.467
73170_uff_e=682.81_out,-7.5,25.213,23.106
73170_uff_e=682.81_out,-7.4,11.015,7.546
73170_uff_e=682.81_out,-7.3,25.858,22.821
73170_uff_e=682.81_out,-7.3,25.052,22.828
73174_uff_e=445.68_out,-6.3,0.0,0.0
73174_uff_e=445.68_out,-6.3,24.294,22.92
73174_uff_e=445.68_out,-6.2,4.443,1.563
73174_uff_e=445.68_out,-6.2,4.794,2.718
73174_uff_e=445.68_out,-6.2,4.675,2.84
73174_uff_e=445.68_out,-6.0,22.861,22.071
73174_uff_e=445.68_out,-5.9,24.738,23.079
73174_uff_e=445.68_out,-5.9,5.069,2.449
73174_uff_e=445.68_out,-5.9,25.554,23.137
73191_uff_e=545.01_out,-7.7,0.0,0.0
73191_uff_e=545.01_out,-7.7,23.903,22.287
73191_uff_e=545.01_out,-7.6,2.458,1.848
73191_uff_e=545.01_out,-7.6,23.328,21.846
73191_uff_e=545.01_out,-7.5,23.885,21.884
73191_uff_e=545.01_out,-7.4,26.405,23.229
73191_uff_e=545.01_out,-7.4,23.863,22.49
73191_uff_e=545.01_out,-7.4,26.754,24.654
73191_uff_e=545.01_out,-7.3,24.324,21.596
73201_uff_e=229.62_out,-6.7,0.0,0.0
73201_uff_e=229.62_out,-6.5,23.405,21.656
73201_uff_e=229.62_out,-6.4,24.024,22.889
73201_uff_e=229.62_out,-6.4,5.863,4.456
73201_uff_e=229.62_out,-6.4,24.37,23.114
73201_uff_e=229.62_out,-6.3,21.775,19.998
73201_uff_e=229.62_out,-6.2,3.546,1.508
73201_uff_e=229.62_out,-6.2,5.556,3.159
73201_uff_e=229.62_out,-6.0,22.738,21.239
73202_uff_e=250.99_out,-6.6,0.0,0.0
73202_uff_e=250.99_out,-6.6,6.205,3.467
73202_uff_e=250.99_out,-6.2,6.372,2.25
73202_uff_e=250.99_out,-6.1,22.451,21.206
73202_uff_e=250.99_out,-6.1,11.166,8.809
73202_uff_e=250.99_out,-6.1,3.632,3.053
73202_uff_e=250.99_out,-6.1,9.549,7.634
73202_uff_e=250.99_out,-5.9,23.799,21.785
73202_uff_e=250.99_out,-5.9,23.582,21.303
73230_uff_e=1668.97_out,-6.3,0.0,0.0
73230_uff_e=1668.97_out,-6.2,4.769,1.954
73230_uff_e=1668.97_out,-6.1,5.241,2.098
73230_uff_e=1668.97_out,-6.0,24.939,23.121
73230_uff_e=1668.97_out,-6.0,11.94,8.944
73230_uff_e=1668.97_out,-5.9,11.505,8.302
73230_uff_e=1668.97_out,-5.8,24.555,22.222
73230_uff_e=1668.97_out,-5.8,23.243,21.551
73230_uff_e=1668.97_out,-5.8,10.93,7.494
73285_uff_e=320.60_out,-6.2,0.0,0.0
73285_uff_e=320.60_out,-6.0,1.098,1.082
73285_uff_e=320.60_out,-6.0,5.007,2.201
73285_uff_e=320.60_out,-5.9,5.035,1.843
73285_uff_e=320.60_out,-5.9,4.846,2.614
73285_uff_e=320.60_out,-5.8,23.308,21.878
73285_uff_e=320.60_out,-5.8,23.617,22.847
73285_uff_e=320.60_out,-5.7,4.455,2.642
73285_uff_e=320.60_out,-5.7,27.163,26.072
73309_uff_e=895.77_out,-7.8,0.0,0.0
73309_uff_e=895.77_out,-7.5,25.902,22.933
73309_uff_e=895.77_out,-7.3,25.609,22.557
73309_uff_e=895.77_out,-7.2,10.315,4.174
73309_uff_e=895.77_out,-7.1,9.873,4.188
73309_uff_e=895.77_out,-7.0,5.998,3.142
73309_uff_e=895.77_out,-7.0,6.133,3.665
73309_uff_e=895.77_out,-6.8,25.016,23.144
73309_uff_e=895.77_out,-6.8,22.439,18.842
73323_uff_e=803.41_out,-6.1,0.0,0.0
73323_uff_e=803.41_out,-6.0,7.494,3.477
73323_uff_e=803.41_out,-6.0,4.293,2.692
73323_uff_e=803.41_out,-5.9,6.982,3.226
73323_uff_e=803.41_out,-5.8,24.184,23.024
73323_uff_e=803.41_out,-5.8,23.646,22.617
73323_uff_e=803.41_out,-5.7,5.898,3.363
73323_uff_e=803.41_out,-5.7,6.961,3.325
73323_uff_e=803.41_out,-5.6,14.162,12.71
73337_uff_e=578.97_out,-6.9,0.0,0.0
73337_uff_e=578.97_out,-6.7,25.05,23.763
73337_uff_e=578.97_out,-6.5,25.508,24.319
73337_uff_e=578.97_out,-6.3,25.246,23.783
73337_uff_e=578.97_out,-6.3,25.542,24.231
73337_uff_e=578.97_out,-6.3,23.529,22.179
73337_uff_e=578.97_out,-6.3,5.707,2.827
73337_uff_e=578.97_out,-6.3,24.982,23.547
73337_uff_e=578.97_out,-6.2,5.498,1.494
73397_uff_e=509.56_out,-5.9,0.0,0.0
73397_uff_e=509.56_out,-5.9,28.506,27.144
73397_uff_e=509.56_out,-5.8,1.822,0.796
73397_uff_e=509.56_out,-5.8,27.956,26.877
73397_uff_e=509.56_out,-5.8,7.767,1.92
73397_uff_e=509.56_out,-5.8,22.323,18.48
73397_uff_e=509.56_out,-5.7,24.641,21.635
73397_uff_e=509.56_out,-5.6,7.316,1.909
73397_uff_e=509.56_out,-5.5,7.833,2.189
73399_uff_e=628.88_out,-6.6,0.0,0.0
73399_uff_e=628.88_out,-6.6,8.68,0.163
73399_uff_e=628.88_out,-6.6,1.889,0.688
73399_uff_e=628.88_out,-6.6,8.767,0.706
73399_uff_e=628.88_out,-6.5,23.605,22.157
73399_uff_e=628.88_out,-6.5,23.998,22.582
73399_uff_e=628.88_out,-6.5,24.738,22.252
73399_uff_e=628.88_out,-6.3,24.088,22.665
73399_uff_e=628.88_out,-6.2,8.539,1.412
73400_uff_e=908.90_out,-7.8,0.0,0.0
73400_uff_e=908.90_out,-7.8,9.045,3.993
73400_uff_e=908.90_out,-7.7,29.785,25.32
73400_uff_e=908.90_out,-7.6,5.612,3.07
73400_uff_e=908.90_out,-7.5,6.954,4.693
73400_uff_e=908.90_out,-7.4,26.426,22.163
73400_uff_e=908.90_out,-7.4,10.693,2.305
73400_uff_e=908.90_out,-7.4,9.668,5.721
73400_uff_e=908.90_out,-7.4,29.257,25.185
73401_uff_e=878.57_out,-6.3,0.0,0.0
73401_uff_e=878.57_out,-6.1,11.764,8.702
73401_uff_e=878.57_out,-6.0,6.478,2.297
73401_uff_e=878.57_out,-6.0,10.81,5.643
73401_uff_e=878.57_out,-6.0,3.459,1.918
73401_uff_e=878.57_out,-5.9,23.792,22.027
73401_uff_e=878.57_out,-5.9,16.258,13.946
73401_uff_e=878.57_out,-5.9,23.922,22.486
73401_uff_e=878.57_out,-5.8,10.906,7.084
73416_uff_e=531.36_out,-5.9,0.0,0.0
73416_uff_e=531.36_out,-5.8,20.216,17.317
73416_uff_e=531.36_out,-5.7,20.267,17.41
73416_uff_e=531.36_out,-5.5,6.916,1.862
73416_uff_e=531.36_out,-5.5,24.589,22.331
73416_uff_e=531.36_out,-5.4,22.093,19.855
73416_uff_e=531.36_out,-5.4,23.083,21.31
73416_uff_e=531.36_out,-5.4,21.537,18.884
73416_uff_e=531.36_out,-5.3,22.682,19.572
73419_uff_e=645.64_out,-8.0,0.0,0.0
73419_uff_e=645.64_out,-7.8,4.254,2.667
73419_uff_e=645.64_out,-7.7,9.659,3.019
73419_uff_e=645.64_out,-7.6,6.698,5.032
73419_uff_e=645.64_out,-7.6,8.797,2.764
73419_uff_e=645.64_out,-7.5,26.398,25.26
73419_uff_e=645.64_out,-7.5,4.608,3.069
73419_uff_e=645.64_out,-7.5,9.387,2.639
73419_uff_e=645.64_out,-7.5,21.054,19.163
73432_uff_e=735.05_out,-6.9,0.0,0.0
73432_uff_e=735.05_out,-6.8,23.671,20.204
73432_uff_e=735.05_out,-6.8,21.882,19.267
73432_uff_e=735.05_out,-6.6,24.148,22.122
73432_uff_e=735.05_out,-6.6,10.667,7.432
73432_uff_e=735.05_out,-6.5,22.841,19.17
73432_uff_e=735.05_out,-6.5,24.066,22.001
73432_uff_e=735.05_out,-6.5,20.673,16.37
73432_uff_e=735.05_out,-6.3,9.894,4.375
73447_uff_e=494.20_out,-7.1,0.0,0.0
73447_uff_e=494.20_out,-7.0,26.221,23.509
73447_uff_e=494.20_out,-6.9,5.424,1.643
73447_uff_e=494.20_out,-6.8,7.885,2.494
73447_uff_e=494.20_out,-6.7,25.601,22.877
73447_uff_e=494.20_out,-6.7,25.291,22.795
73447_uff_e=494.20_out,-6.7,24.861,22.837
73447_uff_e=494.20_out,-6.5,23.218,20.623
73447_uff_e=494.20_out,-6.5,25.967,23.929
73453_uff_e=862.03_out,-8.0,0.0,0.0
73453_uff_e=862.03_out,-7.9,9.869,2.503
73453_uff_e=862.03_out,-7.7,25.125,21.656
73453_uff_e=862.03_out,-7.6,14.049,6.598
73453_uff_e=862.03_out,-7.5,30.439,26.267
73453_uff_e=862.03_out,-7.5,8.503,4.261
73453_uff_e=862.03_out,-7.4,8.592,3.502
73453_uff_e=862.03_out,-7.3,9.547,4.946
73453_uff_e=862.03_out,-7.3,14.053,10.577
73466_uff_e=495.95_out,-6.6,0.0,0.0
73466_uff_e=495.95_out,-6.4,13.741,10.774
73466_uff_e=495.95_out,-6.4,7.308,1.973
73466_uff_e=495.95_out,-6.4,8.063,3.666
73466_uff_e=495.95_out,-6.3,3.399,2.029
73466_uff_e=495.95_out,-6.3,1.486,1.288
73466_uff_e=495.95_out,-6.3,5.383,3.459
73466_uff_e=495.95_out,-6.1,19.617,17.364
73466_uff_e=495.95_out,-6.1,9.338,4.075
73467_uff_e=460.23_out,-6.2,0.0,0.0
73467_uff_e=460.23_out,-6.2,7.449,2.106
73467_uff_e=460.23_out,-6.1,23.588,22.26
73467_uff_e=460.23_out,-6.1,2.322,1.668
73467_uff_e=460.23_out,-6.1,22.632,18.899
73467_uff_e=460.23_out,-6.0,19.872,16.367
73467_uff_e=460.23_out,-6.0,22.004,18.377
73467_uff_e=460.23_out,-5.9,20.646,17.602
73467_uff_e=460.23_out,-5.9,23.796,20.058
73484_uff_e=445.59_out,-7.6,0.0,0.0
73484_uff_e=445.59_out,-6.5,4.552,2.203
73484_uff_e=445.59_out,-6.5,3.366,1.534
73484_uff_e=445.59_out,-6.1,12.31,9.521
73484_uff_e=445.59_out,-6.1,22.38,21.08
73484_uff_e=445.59_out,-6.1,23.083,20.49
73484_uff_e=445.59_out,-5.9,4.637,2.151
73484_uff_e=445.59_out,-5.9,22.658,21.504
73484_uff_e=445.59_out,-5.9,4.29,2.136
73489_uff_e=1302.71_out,-6.7,0.0,0.0
73489_uff_e=1302.71_out,-6.4,4.633,2.278
73489_uff_e=1302.71_out,-6.2,1.68,1.376
73489_uff_e=1302.71_out,-6.1,3.99,2.227
73489_uff_e=1302.71_out,-6.1,12.088,10.418
73489_uff_e=1302.71_out,-6.0,4.63,2.752
73489_uff_e=1302.71_out,-6.0,5.266,1.962
73489_uff_e=1302.71_out,-5.9,13.396,11.934
73489_uff_e=1302.71_out,-5.9,13.771,12.115
73533_uff_e=403.88_out,-7.2,0.0,0.0
73533_uff_e=403.88_out,-7.1,21.562,20.256
73533_uff_e=403.88_out,-6.9,23.333,20.229
73533_uff_e=403.88_out,-6.9,25.737,22.597
73533_uff_e=403.88_out,-6.8,4.053,2.307
73533_uff_e=403.88_out,-6.7,21.711,18.85
73533_uff_e=403.88_out,-6.6,25.602,21.821
73533_uff_e=403.88_out,-6.6,8.784,2.085
73533_uff_e=403.88_out,-6.6,23.983,20.922
73549_uff_e=315.58_out,-6.8,0.0,0.0
73549_uff_e=315.58_out,-6.8,5.5,1.171
73549_uff_e=315.58_out,-6.7,6.123,0.953
73549_uff_e=315.58_out,-6.7,23.644,22.512
73549_uff_e=315.58_out,-6.3,5.398,3.057
73549_uff_e=315.58_out,-6.3,23.221,21.321
73549_uff_e=315.58_out,-6.2,24.244,22.822
73549_uff_e=315.58_out,-6.2,23.776,22.224
73549_uff_e=315.58_out,-6.2,23.701,22.66
73568_uff_e=749.17_out,-7.6,0.0,0.0
73568_uff_e=749.17_out,-7.5,19.826,15.98
73568_uff_e=749.17_out,-7.5,24.709,22.556
73568_uff_e=749.17_out,-7.4,26.416,24.775
73568_uff_e=749.17_out,-7.2,25.585,23.635
73568_uff_e=749.17_out,-7.2,24.986,23.056
73568_uff_e=749.17_out,-7.1,26.124,23.981
73568_uff_e=749.17_out,-7.1,26.263,24.359
73568_uff_e=749.17_out,-7.1,26.221,24.151
73571_uff_e=211.91_out,-6.5,0.0,0.0
73571_uff_e=211.91_out,-6.4,6.079,4.57
73571_uff_e=211.91_out,-6.4,24.928,23.017
73571_uff_e=211.91_out,-6.4,7.43,4.355
73571_uff_e=211.91_out,-6.4,22.717,21.871
73571_uff_e=211.91_out,-6.2,4.099,1.94
73571_uff_e=211.91_out,-6.2,22.36,21.474
73571_uff_e=211.91_out,-6.2,21.318,19.711
73571_uff_e=211.91_out,-6.1,24.002,22.248
73588_uff_e=335.97_out,-6.9,0.0,0.0
73588_uff_e=335.97_out,-6.5,27.771,25.803
73588_uff_e=335.97_out,-6.5,22.903,20.788
73588_uff_e=335.97_out,-6.4,26.84,24.764
73588_uff_e=335.97_out,-6.3,4.241,2.204
73588_uff_e=335.97_out,-6.2,35.393,33.809
73588_uff_e=335.97_out,-6.2,25.597,22.807
73588_uff_e=335.97_out,-6.2,21.38,18.379
73588_uff_e=335.97_out,-6.1,23.708,21.807
73604_uff_e=511.75_out,-5.1,0.0,0.0
73604_uff_e=511.75_out,-5.1,24.533,22.843
73604_uff_e=511.75_out,-5.0,21.338,19.272
73604_uff_e=511.75_out,-5.0,24.988,23.197
73604_uff_e=511.75_out,-4.9,26.641,24.774
73604_uff_e=511.75_out,-4.9,26.422,24.508
73604_uff_e=511.75_out,-4.9,23.661,22.269
73604_uff_e=511.75_out,-4.8,25.004,23.493
73604_uff_e=511.75_out,-4.8,25.389,23.75
73614_uff_e=396.62_out,-5.4,0.0,0.0
73614_uff_e=396.62_out,-5.4,3.369,2.507
73614_uff_e=396.62_out,-5.4,6.933,3.352
73614_uff_e=396.62_out,-5.4,8.304,4.549
73614_uff_e=396.62_out,-5.2,25.095,23.026
73614_uff_e=396.62_out,-5.2,6.641,4.52
73614_uff_e=396.62_out,-5.2,24.503,22.64
73614_uff_e=396.62_out,-5.0,8.236,4.567
73614_uff_e=396.62_out,-5.0,2.066,1.271
73620_uff_e=659.00_out,-6.5,0.0,0.0
73620_uff_e=659.00_out,-6.4,23.959,22.609
73620_uff_e=659.00_out,-6.2,3.947,2.266
73620_uff_e=659.00_out,-6.2,13.194,11.783
73620_uff_e=659.00_out,-6.1,23.854,22.566
73620_uff_e=659.00_out,-6.1,16.772,15.435
73620_uff_e=659.00_out,-6.0,24.115,21.96
73620_uff_e=659.00_out,-6.0,6.334,2.144
73620_uff_e=659.00_out,-6.0,25.417,22.919
73635_uff_e=284.11_out,-6.7,0.0,0.0
73635_uff_e=284.11_out,-6.6,2.173,1.044
73635_uff_e=284.11_out,-6.5,22.689,21.83
73635_uff_e=284.11_out,-6.4,23.786,21.774
73635_uff_e=284.11_out,-6.4,3.745,1.674
73635_uff_e=284.11_out,-6.4,7.128,1.604
73635_uff_e=284.11_out,-6.3,6.83,2.209
73635_uff_e=284.11_out,-6.3,23.876,21.82
73635_uff_e=284.11_out,-6.3,22.405,21.538
73659_uff_e=837.33_out,-7.9,0.0,0.0
73659_uff_e=837.33_out,-7.4,6.06,3.419
73659_uff_e=837.33_out,-7.4,8.388,3.089
73659_uff_e=837.33_out,-7.4,24.883,22.979
73659_uff_e=837.33_out,-7.3,22.633,19.374
73659_uff_e=837.33_out,-7.2,25.306,22.964
73659_uff_e=837.33_out,-7.1,6.689,3.718
73659_uff_e=837.33_out,-7.0,6.489,4.578
73659_uff_e=837.33_out,-6.9,35.497,33.061
75427_uff_e=83.41_out,-4.9,0.0,0.0
75427_uff_e=83.41_out,-4.8,2.621,1.639
75427_uff_e=83.41_out,-4.7,2.92,2.194
75427_uff_e=83.41_out,-4.6,3.589,2.709
75427_uff_e=83.41_out,-4.5,3.753,2.501
75427_uff_e=83.41_out,-4.4,2.031,1.234
75427_uff_e=83.41_out,-4.4,4.552,1.828
75427_uff_e=83.41_out,-4.3,22.984,22.003
75427_uff_e=83.41_out,-4.3,5.393,2.885
75699_uff_e=108.09_out,-5.3,0.0,0.0
75699_uff_e=108.09_out,-5.2,4.379,1.73
75699_uff_e=108.09_out,-5.1,23.17,21.174
75699_uff_e=108.09_out,-4.9,3.801,1.644
75699_uff_e=108.09_out,-4.9,21.314,20.248
75699_uff_e=108.09_out,-4.8,4.943,2.175
75699_uff_e=108.09_out,-4.7,4.705,1.801
75699_uff_e=108.09_out,-4.7,10.833,9.736
75699_uff_e=108.09_out,-4.7,4.409,1.911
75729_uff_e=3423.73_out,-5.8,0.0,0.0
75729_uff_e=3423.73_out,-5.8,4.49,1.548
75729_uff_e=3423.73_out,-5.8,4.735,1.696
75729_uff_e=3423.73_out,-5.7,3.795,1.735
75729_uff_e=3423.73_out,-5.7,11.996,9.823
75729_uff_e=3423.73_out,-5.6,3.864,1.736
75729_uff_e=3423.73_out,-5.5,2.487,1.396
75729_uff_e=3423.73_out,-5.4,13.038,10.96
75729_uff_e=3423.73_out,-5.2,4.501,1.441
79023_uff_e=137.88_out,-5.1,0.0,0.0
79023_uff_e=137.88_out,-5.0,4.563,1.747
79023_uff_e=137.88_out,-4.9,23.792,22.892
79023_uff_e=137.88_out,-4.8,10.98,9.739
79023_uff_e=137.88_out,-4.8,4.835,2.519
79023_uff_e=137.88_out,-4.8,12.552,11.898
79023_uff_e=137.88_out,-4.7,2.949,2.321
79023_uff_e=137.88_out,-4.6,22.403,21.371
79023_uff_e=137.88_out,-4.6,5.057,2.388
79038_uff_e=307.79_out,-4.3,0.0,0.0
79038_uff_e=307.79_out,-4.2,20.075,19.351
79038_uff_e=307.79_out,-4.2,12.447,11.396
79038_uff_e=307.79_out,-4.1,10.82,9.955
79038_uff_e=307.79_out,-4.0,2.786,1.692
79038_uff_e=307.79_out,-4.0,20.328,19.574
79038_uff_e=307.79_out,-4.0,21.19,19.874
79038_uff_e=307.79_out,-4.0,11.534,10.554
79038_uff_e=307.79_out,-3.9,11.321,10.331
79437_uff_e=292.72_out,-5.2,0.0,0.0
79437_uff_e=292.72_out,-5.2,14.036,13.681
79437_uff_e=292.72_out,-5.1,3.93,1.679
79437_uff_e=292.72_out,-4.8,4.253,2.343
79437_uff_e=292.72_out,-4.8,18.462,17.018
79437_uff_e=292.72_out,-4.8,19.636,18.066
79437_uff_e=292.72_out,-4.7,10.864,9.43
79437_uff_e=292.72_out,-4.7,4.904,2.334
79437_uff_e=292.72_out,-4.7,18.821,17.47
80103_uff_e=258.56_out,-7.2,0.0,0.0
80103_uff_e=258.56_out,-6.7,2.929,1.036
80103_uff_e=258.56_out,-6.4,3.29,1.478
80103_uff_e=258.56_out,-6.2,23.252,22.243
80103_uff_e=258.56_out,-6.0,24.739,22.198
80103_uff_e=258.56_out,-5.9,23.702,22.261
80103_uff_e=258.56_out,-5.9,21.751,19.884
80103_uff_e=258.56_out,-5.8,6.233,1.301
80103_uff_e=258.56_out,-5.8,24.133,22.708
80220_uff_e=249.02_out,-5.0,0.0,0.0
80220_uff_e=249.02_out,-4.9,3.499,2.063
80220_uff_e=249.02_out,-4.9,13.962,13.457
80220_uff_e=249.02_out,-4.8,2.442,1.159
80220_uff_e=249.02_out,-4.8,4.73,1.688
80220_uff_e=249.02_out,-4.8,2.783,2.031
80220_uff_e=249.02_out,-4.7,2.802,2.045
80220_uff_e=249.02_out,-4.7,1.78,1.555
80220_uff_e=249.02_out,-4.7,3.731,1.592
82227_uff_e=633.74_out,-4.9,0.0,0.0
82227_uff_e=633.74_out,-4.9,2.945,1.185
82227_uff_e=633.74_out,-4.8,2.37,1.03
82227_uff_e=633.74_out,-4.7,3.304,0.98
82227_uff_e=633.74_out,-4.7,2.919,1.092
82227_uff_e=633.74_out,-4.6,2.644,1.19
82227_uff_e=633.74_out,-4.5,2.68,0.993
82227_uff_e=633.74_out,-4.5,2.279,1.176
82227_uff_e=633.74_out,-4.4,3.055,0.982
82480_uff_e=261.57_out,-5.4,0.0,0.0
82480_uff_e=261.57_out,-5.2,4.504,2.528
82480_uff_e=261.57_out,-5.1,23.03,21.916
82480_uff_e=261.57_out,-5.1,4.601,3.04
82480_uff_e=261.57_out,-5.1,23.14,22.112
82480_uff_e=261.57_out,-5.0,23.946,22.234
82480_uff_e=261.57_out,-5.0,5.141,2.587
82480_uff_e=261.57_out,-5.0,22.476,21.341
82480_uff_e=261.57_out,-5.0,23.385,21.48
83126_uff_e=267.73_out,-5.1,0.0,0.0
83126_uff_e=267.73_out,-5.1,13.474,12.675
83126_uff_e=267.73_out,-5.1,12.693,12.577
83126_uff_e=267.73_out,-4.9,13.248,12.575
83126_uff_e=267.73_out,-4.9,29.121,28.445
83126_uff_e=267.73_out,-4.9,19.589,18.984
83126_uff_e=267.73_out,-4.9,15.556,14.908
83126_uff_e=267.73_out,-4.8,29.038,28.197
83126_uff_e=267.73_out,-4.8,19.842,18.961
83489_uff_e=605.96_out,-8.7,0.0,0.0
83489_uff_e=605.96_out,-8.7,3.001,2.125
83489_uff_e=605.96_out,-8.4,3.318,2.155
83489_uff_e=605.96_out,-8.3,22.95,20.028
83489_uff_e=605.96_out,-8.3,22.246,20.069
83489_uff_e=605.96_out,-8.2,2.761,1.834
83489_uff_e=605.96_out,-8.1,3.757,2.298
83489_uff_e=605.96_out,-8.1,25.307,22.736
83489_uff_e=605.96_out,-8.1,4.948,2.27
84298_uff_e=622.53_out,-6.5,0.0,0.0
84298_uff_e=622.53_out,-6.3,25.094,22.88
84298_uff_e=622.53_out,-6.3,22.837,20.13
84298_uff_e=622.53_out,-6.2,8.208,3.169
84298_uff_e=622.53_out,-6.2,18.714,14.723
84298_uff_e=622.53_out,-6.0,22.98,19.372
84298_uff_e=622.53_out,-6.0,22.73,19.132
84298_uff_e=622.53_out,-6.0,22.96,19.163
84298_uff_e=622.53_out,-6.0,8.377,3.969
85259_uff_e=208.60_out,-5.7,0.0,0.0
85259_uff_e=208.60_out,-5.6,24.988,23.186
85259_uff_e=208.60_out,-5.6,21.406,20.169
85259_uff_e=208.60_out,-5.6,22.78,21.204
85259_uff_e=208.60_out,-5.5,22.608,21.236
85259_uff_e=208.60_out,-5.4,7.05,2.237
85259_uff_e=208.60_out,-5.4,22.207,19.889
85259_uff_e=208.60_out,-5.4,3.444,2.139
85259_uff_e=208.60_out,-5.4,20.563,18.676
85568_uff_e=143.69_out,-5.3,0.0,0.0
85568_uff_e=143.69_out,-5.1,2.439,1.69
85568_uff_e=143.69_out,-4.7,4.978,2.995
85568_uff_e=143.69_out,-4.7,3.903,2.954
85568_uff_e=143.69_out,-4.7,4.638,1.767
85568_uff_e=143.69_out,-4.6,11.616,10.104
85568_uff_e=143.69_out,-4.6,22.527,21.194
85568_uff_e=143.69_out,-4.5,4.247,2.85
85568_uff_e=143.69_out,-4.5,22.307,21.428
86608_uff_e=694.95_out,-5.8,0.0,0.0
86608_uff_e=694.95_out,-5.7,4.024,1.505
86608_uff_e=694.95_out,-5.6,2.077,1.151
86608_uff_e=694.95_out,-5.4,4.643,1.879
86608_uff_e=694.95_out,-5.3,4.466,1.555
86608_uff_e=694.95_out,-5.3,3.15,1.603
86608_uff_e=694.95_out,-5.2,3.902,1.918
86608_uff_e=694.95_out,-5.2,24.031,22.464
86608_uff_e=694.95_out,-5.1,12.1,10.632
86786_uff_e=97.33_out,-4.5,0.0,0.0
86786_uff_e=97.33_out,-4.3,11.107,10.277
86786_uff_e=97.33_out,-4.2,10.998,10.198
86786_uff_e=97.33_out,-4.2,11.81,10.794
86786_uff_e=97.33_out,-4.1,22.462,21.586
86786_uff_e=97.33_out,-4.1,12.683,12.155
86786_uff_e=97.33_out,-4.0,11.652,10.811
86786_uff_e=97.33_out,-4.0,11.461,10.75
86786_uff_e=97.33_out,-4.0,2.147,1.92
86840_uff_e=644.03_out,-5.5,0.0,0.0
86840_uff_e=644.03_out,-5.4,2.034,0.92
86840_uff_e=644.03_out,-5.3,2.992,1.532
86840_uff_e=644.03_out,-5.2,11.952,10.646
86840_uff_e=644.03_out,-5.1,20.027,19.057
86840_uff_e=644.03_out,-5.0,2.982,2.122
86840_uff_e=644.03_out,-4.9,3.24,2.161
86840_uff_e=644.03_out,-4.9,2.23,1.106
86840_uff_e=644.03_out,-4.8,32.601,31.116
87014_uff_e=184.81_out,-6.9,0.0,0.0
87014_uff_e=184.81_out,-6.6,2.982,1.324
87014_uff_e=184.81_out,-6.5,6.023,1.659
87014_uff_e=184.81_out,-6.2,24.054,22.932
87014_uff_e=184.81_out,-6.1,23.074,22.18
87014_uff_e=184.81_out,-6.1,5.506,1.509
87014_uff_e=184.81_out,-6.1,24.803,22.858
87014_uff_e=184.81_out,-6.0,23.962,22.102
87014_uff_e=184.81_out,-5.9,24.557,23.491
87691_uff_e=539.68_out,-6.2,0.0,0.0
87691_uff_e=539.68_out,-6.1,22.865,20.39
87691_uff_e=539.68_out,-5.9,21.818,18.56
87691_uff_e=539.68_out,-5.9,25.536,23.43
87691_uff_e=539.68_out,-5.8,21.558,19.334
87691_uff_e=539.68_out,-5.7,23.349,20.904
87691_uff_e=539.68_out,-5.6,23.719,20.544
87691_uff_e=539.68_out,-5.6,5.127,2.669
87691_uff_e=539.68_out,-5.6,6.134,3.042
87752_uff_e=247.05_out,-5.6,0.0,0.0
87752_uff_e=247.05_out,-5.5,5.357,3.177
87752_uff_e=247.05_out,-5.4,5.595,3.211
87752_uff_e=247.05_out,-5.3,1.889,0.406
87752_uff_e=247.05_out,-5.3,4.07,2.258
87752_uff_e=247.05_out,-5.3,24.723,23.323
87752_uff_e=247.05_out,-5.2,23.765,20.865
87752_uff_e=247.05_out,-5.2,23.618,20.742
87752_uff_e=247.05_out,-5.1,26.263,24.053
87840_uff_e=386.71_out,-6.2,0.0,0.0
87840_uff_e=386.71_out,-6.0,24.655,22.773
87840_uff_e=386.71_out,-5.9,4.843,1.654
87840_uff_e=386.71_out,-5.8,25.087,23.479
87840_uff_e=386.71_out,-5.8,5.051,1.812
87840_uff_e=386.71_out,-5.7,4.356,1.705
87840_uff_e=386.71_out,-5.7,25.222,23.013
87840_uff_e=386.71_out,-5.6,4.591,1.792
87840_uff_e=386.71_out,-5.5,25.6,23.827
88308_uff_e=308.92_out,-6.1,0.0,0.0
88308_uff_e=308.92_out,-6.0,22.085,21.278
88308_uff_e=308.92_out,-6.0,23.137,21.618
88308_uff_e=308.92_out,-5.9,8.256,2.466
88308_uff_e=308.92_out,-5.8,7.543,2.057
88308_uff_e=308.92_out,-5.8,2.895,1.97
88308_uff_e=308.92_out,-5.8,2.413,1.773
88308_uff_e=308.92_out,-5.8,2.755,1.371
88308_uff_e=308.92_out,-5.8,20.433,17.521
88590_uff_e=619.64_out,-6.5,0.0,0.0
88590_uff_e=619.64_out,-6.2,11.559,9.869
88590_uff_e=619.64_out,-6.1,4.384,1.97
88590_uff_e=619.64_out,-6.0,12.994,10.981
88590_uff_e=619.64_out,-6.0,12.52,10.95
88590_uff_e=619.64_out,-6.0,4.847,2.2
88590_uff_e=619.64_out,-5.9,22.243,20.116
88590_uff_e=619.64_out,-5.8,4.585,2.249
88590_uff_e=619.64_out,-5.8,24.611,22.204
88693_uff_e=90.37_out,-5.0,0.0,0.0
88693_uff_e=90.37_out,-5.0,5.546,3.194
88693_uff_e=90.37_out,-5.0,2.369,1.891
88693_uff_e=90.37_out,-5.0,24.077,21.461
88693_uff_e=90.37_out,-5.0,2.743,1.553
88693_uff_e=90.37_out,-4.8,23.048,21.698
88693_uff_e=90.37_out,-4.8,25.406,23.289
88693_uff_e=90.37_out,-4.7,5.433,2.898
88693_uff_e=90.37_out,-4.7,24.981,23.441
88708_uff_e=361.53_out,-6.3,0.0,0.0
88708_uff_e=361.53_out,-6.1,9.464,4.14
88708_uff_e=361.53_out,-6.1,13.748,9.56
88708_uff_e=361.53_out,-6.1,2.723,1.52
88708_uff_e=361.53_out,-6.0,21.093,19.132
88708_uff_e=361.53_out,-5.9,23.297,21.589
88708_uff_e=361.53_out,-5.9,24.845,23.056
88708_uff_e=361.53_out,-5.9,22.897,21.3
88708_uff_e=361.53_out,-5.9,7.078,1.965
88881_uff_e=302.00_out,-6.7,0.0,0.0
88881_uff_e=302.00_out,-6.6,6.005,4.593
88881_uff_e=302.00_out,-6.4,6.029,4.625
88881_uff_e=302.00_out,-6.4,6.074,4.5
88881_uff_e=302.00_out,-6.4,24.915,23.277
88881_uff_e=302.00_out,-6.4,23.146,21.213
88881_uff_e=302.00_out,-6.2,22.835,21.422
88881_uff_e=302.00_out,-6.1,24.872,23.026
88881_uff_e=302.00_out,-6.1,24.176,23.242
89594_uff_e=286.55_out,-4.8,0.0,0.0
89594_uff_e=286.55_out,-4.8,4.906,2.976
89594_uff_e=286.55_out,-4.6,3.437,2.668
89594_uff_e=286.55_out,-4.5,2.496,1.519
89594_uff_e=286.55_out,-4.5,4.704,1.811
89594_uff_e=286.55_out,-4.5,4.502,1.198
89594_uff_e=286.55_out,-4.4,4.469,2.207
89594_uff_e=286.55_out,-4.4,11.262,9.783
89594_uff_e=286.55_out,-4.4,1.591,1.326
89640_uff_e=551.65_out,-6.6,0.0,0.0
89640_uff_e=551.65_out,-6.4,9.228,4.079
89640_uff_e=551.65_out,-6.4,8.628,3.115
89640_uff_e=551.65_out,-6.3,6.858,1.942
89640_uff_e=551.65_out,-6.2,6.373,3.604
89640_uff_e=551.65_out,-6.2,2.79,1.427
89640_uff_e=551.65_out,-6.2,7.185,1.567
89640_uff_e=551.65_out,-6.1,16.625,12.876
89640_uff_e=551.65_out,-6.1,8.574,3.13
89755_uff_e=77.95_out,-5.2,0.0,0.0
89755_uff_e=77.95_out,-5.1,4.351,1.744
89755_uff_e=77.95_out,-5.0,4.733,3.149
89755_uff_e=77.95_out,-4.8,4.752,2.347
89755_uff_e=77.95_out,-4.8,4.398,2.41
89755_uff_e=77.95_out,-4.8,4.667,3.012
89755_uff_e=77.95_out,-4.7,4.664,2.097
89755_uff_e=77.95_out,-4.7,3.331,1.679
89755_uff_e=77.95_out,-4.7,4.252,2.455
91439_uff_e=862.86_out,-7.8,0.0,0.0
91439_uff_e=862.86_out,-7.7,3.494,1.584
91439_uff_e=862.86_out,-7.6,22.482,20.823
91439_uff_e=862.86_out,-7.5,9.171,2.191
91439_uff_e=862.86_out,-7.5,9.648,1.91
91439_uff_e=862.86_out,-7.5,22.686,19.623
91439_uff_e=862.86_out,-7.4,2.732,1.55
91439_uff_e=862.86_out,-7.3,24.841,23.544
91439_uff_e=862.86_out,-7.2,10.213,3.204
91453_uff_e=839.06_out,-8.1,0.0,0.0
91453_uff_e=839.06_out,-7.7,10.187,3.058
91453_uff_e=839.06_out,-7.7,10.319,2.945
91453_uff_e=839.06_out,-7.4,26.102,25.041
91453_uff_e=839.06_out,-7.4,37.81,35.14
91453_uff_e=839.06_out,-7.4,9.521,1.878
91453_uff_e=839.06_out,-7.4,3.115,1.613
91453_uff_e=839.06_out,-7.3,24.28,21.463
91453_uff_e=839.06_out,-7.3,6.244,2.915
91457_uff_e=194.61_out,-6.1,0.0,0.0
91457_uff_e=194.61_out,-6.0,22.526,21.633
91457_uff_e=194.61_out,-5.7,24.248,21.885
91457_uff_e=194.61_out,-5.6,3.023,1.43
91457_uff_e=194.61_out,-5.5,22.816,20.955
91457_uff_e=194.61_out,-5.5,2.131,1.381
91457_uff_e=194.61_out,-5.4,22.792,21.34
91457_uff_e=194.61_out,-5.4,10.842,8.271
91457_uff_e=194.61_out,-5.3,4.952,3.139
91458_uff_e=458.94_out,-6.1,0.0,0.0
91458_uff_e=458.94_out,-6.0,3.518,1.274
91458_uff_e=458.94_out,-5.8,2.47,1.71
91458_uff_e=458.94_out,-5.6,10.324,6.792
91458_uff_e=458.94_out,-5.6,10.665,7.087
91458_uff_e=458.94_out,-5.5,23.54,21.672
91458_uff_e=458.94_out,-5.4,24.101,21.16
91458_uff_e=458.94_out,-5.4,16.336,12.45
91458_uff_e=458.94_out,-5.4,23.791,21.282
91461_uff_e=137.87_out,-4.5,0.0,0.0
91461_uff_e=137.87_out,-4.5,11.92,10.996
91461_uff_e=137.87_out,-4.5,3.893,2.051
91461_uff_e=137.87_out,-4.4,3.544,2.606
91461_uff_e=137.87_out,-4.4,23.193,22.292
91461_uff_e=137.87_out,-4.4,11.967,10.693
91461_uff_e=137.87_out,-4.4,3.824,1.993
91461_uff_e=137.87_out,-4.3,4.373,2.463
91461_uff_e=137.87_out,-4.3,4.214,2.451
91466_uff_e=244.12_out,-6.5,0.0,0.0
91466_uff_e=244.12_out,-6.0,4.808,2.289
91466_uff_e=244.12_out,-5.7,3.424,1.668
91466_uff_e=244.12_out,-5.6,4.989,2.471
91466_uff_e=244.12_out,-5.5,11.599,9.632
91466_uff_e=244.12_out,-5.4,24.912,22.294
91466_uff_e=244.12_out,-5.4,23.546,22.189
91466_uff_e=244.12_out,-5.4,12.802,11.061
91466_uff_e=244.12_out,-5.4,27.226,25.738
91469_uff_e=175.02_out,-6.8,0.0,0.0
91469_uff_e=175.02_out,-6.7,6.957,1.873
91469_uff_e=175.02_out,-6.6,1.791,1.209
91469_uff_e=175.02_out,-6.5,2.447,1.918
91469_uff_e=175.02_out,-6.5,23.047,21.179
91469_uff_e=175.02_out,-6.3,24.829,23.378
91469_uff_e=175.02_out,-6.3,5.604,4.079
91469_uff_e=175.02_out,-6.2,6.163,3.788
91469_uff_e=175.02_out,-6.2,23.679,21.831
91472_uff_e=976.60_out,-8.1,0.0,0.0
91472_uff_e=976.60_out,-8.0,22.643,20.717
91472_uff_e=976.60_out,-7.8,25.178,22.106
91472_uff_e=976.60_out,-7.7,24.144,20.941
91472_uff_e=976.60_out,-7.7,27.485,25.625
91472_uff_e=976.60_out,-7.6,13.205,10.646
91472_uff_e=976.60_out,-7.3,23.638,21.727
91472_uff_e=976.60_out,-7.3,28.64,25.796
91472_uff_e=976.60_out,-7.3,25.181,21.907
91510_uff_e=426.15_out,-6.6,0.0,0.0
91510_uff_e=426.15_out,-6.4,3.909,3.491
91510_uff_e=426.15_out,-6.4,24.491,23.031
91510_uff_e=426.15_out,-6.3,22.909,19.826
91510_uff_e=426.15_out,-6.3,23.702,21.72
91510_uff_e=426.15_out,-6.2,7.364,4.359
91510_uff_e=426.15_out,-6.1,6.253,1.502
91510_uff_e=426.15_out,-6.1,6.392,3.049
91510_uff_e=426.15_out,-6.1,23.478,21.712
91572_uff_e=349.58_out,-7.1,0.0,0.0
91572_uff_e=349.58_out,-6.8,23.449,20.752
91572_uff_e=349.58_out,-6.7,5.513,2.939
91572_uff_e=349.58_out,-6.6,20.763,18.556
91572_uff_e=349.58_out,-6.6,23.72,21.313
91572_uff_e=349.58_out,-6.5,6.533,2.126
91572_uff_e=349.58_out,-6.5,25.349,22.982
91572_uff_e=349.58_out,-6.5,10.701,7.386
91572_uff_e=349.58_out,-6.4,18.678,15.523
91588_uff_e=161.49_out,-5.4,0.0,0.0
91588_uff_e=161.49_out,-5.4,19.958,19.501
91588_uff_e=161.49_out,-5.4,11.812,11.01
91588_uff_e=161.49_out,-5.4,2.839,1.141
91588_uff_e=161.49_out,-5.2,4.17,3.172
91588_uff_e=161.49_out,-5.0,24.494,23.38
91588_uff_e=161.49_out,-5.0,25.213,23.966
91588_uff_e=161.49_out,-5.0,11.54,10.874
91588_uff_e=161.49_out,-4.9,23.576,22.253
91611_uff_e=271.87_out,-5.4,0.0,0.0
91611_uff_e=271.87_out,-5.3,23.42,23.035
91611_uff_e=271.87_out,-5.2,22.41,21.873
91611_uff_e=271.87_out,-5.2,4.129,0.678
91611_uff_e=271.87_out,-5.1,13.928,13.664
91611_uff_e=271.87_out,-5.1,4.788,2.504
91611_uff_e=271.87_out,-5.1,2.284,1.9
91611_uff_e=271.87_out,-5.1,23.312,21.775
91611_uff_e=271.87_out,-5.0,17.318,16.626
92095_uff_e=875.50_out,-7.7,0.0,0.0
92095_uff_e=875.50_out,-7.6,9.6,1.852
92095_uff_e=875.50_out,-7.6,3.741,1.66
92095_uff_e=875.50_out,-7.6,22.461,20.869
92095_uff_e=875.50_out,-7.5,9.111,2.141
92095_uff_e=875.50_out,-7.4,22.972,19.927
92095_uff_e=875.50_out,-7.3,26.38,24.967
92095_uff_e=875.50_out,-7.2,3.413,1.925
92095_uff_e=875.50_out,-7.2,24.733,23.418
92097_uff_e=854.59_out,-7.7,0.0,0.0
92097_uff_e=854.59_out,-7.5,8.401,3.123
92097_uff_e=854.59_out,-7.5,6.043,3.48
92097_uff_e=854.59_out,-7.4,25.231,23.423
92097_uff_e=854.59_out,-7.4,7.95,2.799
92097_uff_e=854.59_out,-7.3,6.261,3.687
92097_uff_e=854.59_out,-7.2,39.799,36.437
92097_uff_e=854.59_out,-7.2,3.651,1.858
92097_uff_e=854.59_out,-7.1,3.643,2.184
92110_uff_e=2133.96_out,-6.9,0.0,0.0
92110_uff_e=2133.96_out,-6.6,8.074,2.832
92110_uff_e=2133.96_out,-6.5,3.711,1.892
92110_uff_e=2133.96_out,-6.5,37.864,34.213
92110_uff_e=2133.96_out,-6.5,8.75,2.994
92110_uff_e=2133.96_out,-6.4,8.425,3.243
92110_uff_e=2133.96_out,-6.4,24.025,20.926
92110_uff_e=2133.96_out,-6.3,8.126,3.666
92110_uff_e=2133.96_out,-6.2,24.107,22.004
92119_uff_e=522.09_out,-6.8,0.0,0.0
92119_uff_e=522.09_out,-6.6,4.171,2.657
92119_uff_e=522.09_out,-6.2,23.645,21.408
92119_uff_e=522.09_out,-6.0,4.368,2.324
92119_uff_e=522.09_out,-6.0,11.785,10.04
92119_uff_e=522.09_out,-6.0,4.814,2.758
92119_uff_e=522.09_out,-5.9,10.757,9.177
92119_uff_e=522.09_out,-5.9,23.643,21.357
92119_uff_e=522.09_out,-5.8,21.451,19.982
92129_uff_e=605.32_out,-6.9,0.0,0.0
92129_uff_e=605.32_out,-6.7,14.866,10.878
92129_uff_e=605.32_out,-6.7,2.445,0.141
92129_uff_e=605.32_out,-6.6,23.944,22.552
92129_uff_e=605.32_out,-6.5,6.393,2.257
92129_uff_e=605.32_out,-6.5,6.111,1.537
92129_uff_e=605.32_out,-6.5,24.078,22.553
92129_uff_e=605.32_out,-6.5,6.704,2.25
92129_uff_e=605.32_out,-6.4,21.833,20.316
92157_uff_e=794.08_out,-7.4,0.0,0.0
92157_uff_e=794.08_out,-7.0,27.511,24.416
92157_uff_e=794.08_out,-7.0,25.945,23.897
92157_uff_e=794.08_out,-6.9,5.037,3.168
92157_uff_e=794.08_out,-6.8,9.757,4.19
92157_uff_e=794.08_out,-6.7,29.567,26.269
92157_uff_e=794.08_out,-6.7,8.603,5.975
92157_uff_e=794.08_out,-6.6,28.725,24.838
92157_uff_e=794.08_out,-6.6,25.046,22.724
92221_uff_e=348.86_out,-5.2,0.0,0.0
92221_uff_e=348.86_out,-4.8,2.427,0.77
92221_uff_e=348.86_out,-4.7,3.243,0.98
92221_uff_e=348.86_out,-4.7,3.058,0.859
92221_uff_e=348.86_out,-4.6,2.708,1.207
92221_uff_e=348.86_out,-4.5,2.388,1.174
92221_uff_e=348.86_out,-4.3,2.572,0.933
92221_uff_e=348.86_out,-4.3,2.593,1.367
92221_uff_e=348.86_out,-4.2,12.307,10.746
92265_uff_e=477.32_out,-6.2,0.0,0.0
92265_uff_e=477.32_out,-6.1,11.984,9.703
92265_uff_e=477.32_out,-5.9,2.149,1.729
92265_uff_e=477.32_out,-5.9,6.289,1.727
92265_uff_e=477.32_out,-5.8,26.205,24.294
92265_uff_e=477.32_out,-5.8,25.361,23.695
92265_uff_e=477.32_out,-5.8,25.392,23.329
92265_uff_e=477.32_out,-5.7,14.686,11.486
92265_uff_e=477.32_out,-5.7,23.413,22.318
92313_uff_e=193.28_out,-6.3,0.0,0.0
92313_uff_e=193.28_out,-6.1,4.425,2.265
92313_uff_e=193.28_out,-6.1,3.902,1.393
92313_uff_e=193.28_out,-6.0,24.056,21.62
92313_uff_e=193.28_out,-5.7,4.664,2.003
92313_uff_e=193.28_out,-5.6,5.335,1.26
92313_uff_e=193.28_out,-5.6,3.732,1.169
92313_uff_e=193.28_out,-5.5,4.152,1.042
92313_uff_e=193.28_out,-5.5,3.396,2.277
92732_uff_e=498.65_out,-6.4,0.0,0.0
92732_uff_e=498.65_out,-5.9,32.585,30.66
92732_uff_e=498.65_out,-5.9,24.337,21.621
92732_uff_e=498.65_out,-5.8,18.161,14.026
92732_uff_e=498.65_out,-5.8,24.485,22.544
92732_uff_e=498.65_out,-5.7,6.296,2.86
92732_uff_e=498.65_out,-5.7,24.157,21.924
92732_uff_e=498.65_out,-5.5,16.882,13.214
92732_uff_e=498.65_out,-5.5,27.241,24.997
92762_uff_e=240.35_out,-6.1,0.0,0.0
92762_uff_e=240.35_out,-6.0,5.508,2.427
92762_uff_e=240.35_out,-5.8,4.527,2.247
92762_uff_e=240.35_out,-5.7,1.956,1.369
92762_uff_e=240.35_out,-5.7,22.695,21.541
92762_uff_e=240.35_out,-5.7,22.645,20.762
92762_uff_e=240.35_out,-5.5,22.82,20.727
92762_uff_e=240.35_out,-5.5,23.475,21.373
92762_uff_e=240.35_out,-5.5,3.294,1.562
92776_uff_e=202.84_out,-5.6,0.0,0.0
92776_uff_e=202.84_out,-5.2,3.82,1.173
92776_uff_e=202.84_out,-5.0,4.258,1.308
92776_uff_e=202.84_out,-5.0,4.201,1.348
92776_uff_e=202.84_out,-4.9,4.091,1.468
92776_uff_e=202.84_out,-4.8,4.18,1.649
92776_uff_e=202.84_out,-4.8,4.021,1.669
92776_uff_e=202.84_out,-4.8,4.296,1.321
92776_uff_e=202.84_out,-4.8,4.399,1.394
92794_uff_e=424.81_out,-7.6,0.0,0.0
92794_uff_e=424.81_out,-7.3,12.92,6.893
92794_uff_e=424.81_out,-7.3,1.692,1.384
92794_uff_e=424.81_out,-7.1,21.349,20.028
92794_uff_e=424.81_out,-7.0,3.642,2.073
92794_uff_e=424.81_out,-7.0,22.547,20.422
92794_uff_e=424.81_out,-7.0,8.844,2.191
92794_uff_e=424.81_out,-6.9,20.205,17.395
92794_uff_e=424.81_out,-6.8,13.521,7.315
92812_uff_e=1807.19_out,-6.3,0.0,0.0
92812_uff_e=1807.19_out,-6.1,4.421,2.443
92812_uff_e=1807.19_out,-5.6,3.147,1.468
92812_uff_e=1807.19_out,-5.5,26.127,24.247
92812_uff_e=1807.19_out,-5.5,1.75,1.516
92812_uff_e=1807.19_out,-5.5,22.414,20.868
92812_uff_e=1807.19_out,-5.4,12.83,10.661
92812_uff_e=1807.19_out,-5.3,23.638,21.632
92812_uff_e=1807.19_out,-5.3,12.2,10.122
92825_uff_e=689.91_out,-7.5,0.0,0.0
92825_uff_e=689.91_out,-7.5,8.715,2.569
92825_uff_e=689.91_out,-7.3,6.934,3.768
92825_uff_e=689.91_out,-7.1,6.038,3.172
92825_uff_e=689.91_out,-7.1,8.417,2.08
92825_uff_e=689.91_out,-7.0,8.706,3.384
92825_uff_e=689.91_out,-7.0,1.336,1.205
92825_uff_e=689.91_out,-6.9,24.988,23.28
92825_uff_e=689.91_out,-6.9,24.112,20.691
92987_uff_e=74.68_out,-4.3,0.0,0.0
92987_uff_e=74.68_out,-4.3,10.71,10.198
92987_uff_e=74.68_out,-4.3,11.135,10.594
92987_uff_e=74.68_out,-4.2,22.473,21.216
92987_uff_e=74.68_out,-4.2,3.452,2.771
92987_uff_e=74.68_out,-4.1,11.523,10.69
92987_uff_e=74.68_out,-4.0,10.872,9.92
92987_uff_e=74.68_out,-4.0,34.171,32.629
92987_uff_e=74.68_out,-4.0,22.326,21.919
93016_uff_e=538.52_out,-7.1,0.0,0.0
93016_uff_e=538.52_out,-6.6,5.599,1.755
93016_uff_e=538.52_out,-6.3,5.25,2.059
93016_uff_e=538.52_out,-6.1,11.81,9.233
93016_uff_e=538.52_out,-6.1,24.903,23.164
93016_uff_e=538.52_out,-6.0,1.742,1.585
93016_uff_e=538.52_out,-5.9,13.485,11.375
93016_uff_e=538.52_out,-5.9,23.128,22.277
93016_uff_e=538.52_out,-5.9,2.025,1.493
93017_uff_e=280.71_out,-6.9,0.0,0.0
93017_uff_e=280.71_out,-6.7,3.231,1.968
93017_uff_e=280.71_out,-6.3,23.594,22.242
93017_uff_e=280.71_out,-6.2,25.402,22.554
93017_uff_e=280.71_out,-6.1,5.055,2.546
93017_uff_e=280.71_out,-6.0,12.921,10.943
93017_uff_e=280.71_out,-5.9,5.009,2.406
93017_uff_e=280.71_out,-5.9,26.181,24.27
93017_uff_e=280.71_out,-5.9,23.433,21.94
93047_uff_e=265.80_out,-4.8,0.0,0.0
93047_uff_e=265.80_out,-4.7,1.532,1.036
93047_uff_e=265.80_out,-4.6,1.895,1.421
93047_uff_e=265.80_out,-4.5,4.637,1.228
93047_uff_e=265.80_out,-4.4,3.46,2.464
93047_uff_e=265.80_out,-4.3,3.223,2.28
93047_uff_e=265.80_out,-4.3,14.283,13.426
93047_uff_e=265.80_out,-4.3,24.781,22.79
93047_uff_e=265.80_out,-4.2,4.86,1.72
93081_uff_e=1563.73_out,-6.0,0.0,0.0
93081_uff_e=1563.73_out,-5.8,2.059,1.343
93081_uff_e=1563.73_out,-5.8,4.509,1.868
93081_uff_e=1563.73_out,-5.8,3.433,1.718
93081_uff_e=1563.73_out,-5.8,3.636,1.669
93081_uff_e=1563.73_out,-5.7,3.968,1.351
93081_uff_e=1563.73_out,-5.7,24.079,21.792
93081_uff_e=1563.73_out,-5.6,3.863,1.329
93081_uff_e=1563.73_out,-5.6,23.677,21.521
93306_uff_e=1640.71_out,-6.1,0.0,0.0
93306_uff_e=1640.71_out,-5.9,22.71,21.732
93306_uff_e=1640.71_out,-5.9,5.536,2.203
93306_uff_e=1640.71_out,-5.7,12.664,9.42
93306_uff_e=1640.71_out,-5.6,5.338,1.911
93306_uff_e=1640.71_out,-5.6,12.997,10.609
93306_uff_e=1640.71_out,-5.5,23.724,22.381
93306_uff_e=1640.71_out,-5.5,9.765,6.887
93306_uff_e=1640.71_out,-5.4,4.5,3.032
94147_uff_e=1482.53_out,-5.0,0.0,0.0
94147_uff_e=1482.53_out,-4.9,4.097,1.773
94147_uff_e=1482.53_out,-4.8,2.843,1.792
94147_uff_e=1482.53_out,-4.6,2.724,1.651
94147_uff_e=1482.53_out,-4.6,3.876,2.294
94147_uff_e=1482.53_out,-4.6,3.314,2.468
94147_uff_e=1482.53_out,-4.5,24.09,23.133
94147_uff_e=1482.53_out,-4.5,11.605,10.138
94147_uff_e=1482.53_out,-4.5,21.717,20.591
94149_uff_e=620.29_out,-6.5,0.0,0.0
94149_uff_e=620.29_out,-6.4,2.738,1.638
94149_uff_e=620.29_out,-6.2,7.873,1.57
94149_uff_e=620.29_out,-6.1,22.015,20.16
94149_uff_e=620.29_out,-6.1,14.121,12.052
94149_uff_e=620.29_out,-6.1,21.255,18.514
94149_uff_e=620.29_out,-5.9,22.29,19.326
94149_uff_e=620.29_out,-5.9,25.206,23.656
94149_uff_e=620.29_out,-5.8,21.26,19.226
94204_uff_e=2170.20_out,-7.1,0.0,0.0
94204_uff_e=2170.20_out,-6.8,1.386,1.159
94204_uff_e=2170.20_out,-6.8,24.061,21.235
94204_uff_e=2170.20_out,-6.8,8.443,2.856
94204_uff_e=2170.20_out,-6.7,4.081,2.029
94204_uff_e=2170.20_out,-6.7,9.257,5.271
94204_uff_e=2170.20_out,-6.6,8.556,3.31
94204_uff_e=2170.20_out,-6.6,24.822,22.362
94204_uff_e=2170.20_out,-6.6,38.072,34.651
94221_uff_e=123.44_out,-5.2,0.0,0.0
94221_uff_e=123.44_out,-5.0,2.25,1.685
94221_uff_e=123.44_out,-4.9,3.763,2.581
94221_uff_e=123.44_out,-4.9,24.308,22.726
94221_uff_e=123.44_out,-4.9,4.13,2.421
94221_uff_e=123.44_out,-4.8,22.887,22.364
94221_uff_e=123.44_out,-4.8,4.59,3.857
94221_uff_e=123.44_out,-4.7,2.123,1.675
94221_uff_e=123.44_out,-4.7,22.842,21.874
94253_uff_e=391.32_out,-6.4,0.0,0.0
94253_uff_e=391.32_out,-6.2,20.686,19.405
94253_uff_e=391.32_out,-6.1,13.403,12.229
94253_uff_e=391.32_out,-6.1,20.906,19.418
94253_uff_e=391.32_out,-6.0,17.143,13.645
94253_uff_e=391.32_out,-6.0,14.79,12.074
94253_uff_e=391.32_out,-5.9,24.104,22.582
94253_uff_e=391.32_out,-5.8,5.547,1.443
94253_uff_e=391.32_out,-5.8,15.529,14.032
94275_uff_e=242.03_out,-6.1,0.0,0.0
94275_uff_e=242.03_out,-6.0,5.37,1.423
94275_uff_e=242.03_out,-6.0,23.309,21.143
94275_uff_e=242.03_out,-5.9,4.594,1.366
94275_uff_e=242.03_out,-5.9,5.218,1.465
94275_uff_e=242.03_out,-5.8,3.611,1.502
94275_uff_e=242.03_out,-5.8,4.308,1.094
94275_uff_e=242.03_out,-5.8,4.677,2.427
94275_uff_e=242.03_out,-5.6,24.126,22.243
94378_uff_e=138.34_out,-5.2,0.0,0.0
94378_uff_e=138.34_out,-4.9,24.864,22.665
94378_uff_e=138.34_out,-4.8,4.921,1.566
94378_uff_e=138.34_out,-4.8,4.633,2.264
94378_uff_e=138.34_out,-4.7,24.356,22.808
94378_uff_e=138.34_out,-4.7,2.016,1.429
94378_uff_e=138.34_out,-4.7,3.896,2.1
94378_uff_e=138.34_out,-4.7,4.659,1.681
94378_uff_e=138.34_out,-4.7,4.723,1.589
94391_uff_e=440.41_out,-6.9,0.0,0.0
94391_uff_e=440.41_out,-6.9,7.019,3.515
94391_uff_e=440.41_out,-6.8,6.911,4.057
94391_uff_e=440.41_out,-6.8,1.146,1.099
94391_uff_e=440.41_out,-6.8,8.276,4.435
94391_uff_e=440.41_out,-6.5,21.924,19.089
94391_uff_e=440.41_out,-6.3,4.864,2.707
94391_uff_e=440.41_out,-6.3,6.234,2.886
94391_uff_e=440.41_out,-6.2,24.553,22.487
95708_uff_e=500.33_out,-5.4,0.0,0.0
95708_uff_e=500.33_out,-5.2,9.961,7.674
95708_uff_e=500.33_out,-5.2,5.261,2.106
95708_uff_e=500.33_out,-5.2,22.539,20.125
95708_uff_e=500.33_out,-5.1,4.246,1.542
95708_uff_e=500.33_out,-5.1,25.844,24.031
95708_uff_e=500.33_out,-5.0,16.962,15.712
95708_uff_e=500.33_out,-5.0,4.676,3.352
95708_uff_e=500.33_out,-5.0,6.424,3.875
96118_uff_e=475.66_out,-6.2,0.0,0.0
96118_uff_e=475.66_out,-6.1,8.759,3.089
96118_uff_e=475.66_out,-6.0,4.397,2.488
96118_uff_e=475.66_out,-6.0,1.776,1.448
96118_uff_e=475.66_out,-6.0,7.943,2.454
96118_uff_e=475.66_out,-6.0,21.916,18.534
96118_uff_e=475.66_out,-5.9,23.092,18.936
96118_uff_e=475.66_out,-5.9,3.044,2.403
96118_uff_e=475.66_out,-5.9,21.64,17.493
96364_uff_e=383.59_out,-7.1,0.0,0.0
96364_uff_e=383.59_out,-7.0,5.649,1.457
96364_uff_e=383.59_out,-6.9,6.013,2.033
96364_uff_e=383.59_out,-6.7,3.549,2.069
96364_uff_e=383.59_out,-6.5,3.579,2.129
96364_uff_e=383.59_out,-6.5,9.202,7.957
96364_uff_e=383.59_out,-6.4,23.62,22.564
96364_uff_e=383.59_out,-6.4,25.554,23.691
96364_uff_e=383.59_out,-6.3,12.706,10.285
96539_uff_e=474.07_out,-6.0,0.0,0.0
96539_uff_e=474.07_out,-6.0,18.283,14.987
96539_uff_e=474.07_out,-5.9,20.822,17.707
96539_uff_e=474.07_out,-5.8,15.504,13.488
96539_uff_e=474.07_out,-5.8,31.874,29.977
96539_uff_e=474.07_out,-5.7,30.74,29.113
96539_uff_e=474.07_out,-5.7,16.913,14.772
96539_uff_e=474.07_out,-5.7,20.889,17.626
96539_uff_e=474.07_out,-5.7,17.344,15.525
97448_uff_e=143.16_out,-7.0,0.0,0.0
97448_uff_e=143.16_out,-6.5,23.01,21.392
97448_uff_e=143.16_out,-6.4,2.614,0.77
97448_uff_e=143.16_out,-6.1,4.395,2.813
97448_uff_e=143.16_out,-6.0,4.956,3.001
97448_uff_e=143.16_out,-5.9,1.17,0.85
97448_uff_e=143.16_out,-5.9,2.573,1.685
97448_uff_e=143.16_out,-5.9,23.999,22.066
97448_uff_e=143.16_out,-5.9,6.647,3.623
98570_uff_e=688.87_out,-6.7,0.0,0.0
98570_uff_e=688.87_out,-6.6,8.531,2.535
98570_uff_e=688.87_out,-6.6,3.695,2.124
98570_uff_e=688.87_out,-6.5,5.474,3.932
98570_uff_e=688.87_out,-6.5,26.926,24.473
98570_uff_e=688.87_out,-6.3,6.755,2.754
98570_uff_e=688.87_out,-6.1,36.679,32.669
98570_uff_e=688.87_out,-6.1,37.846,33.631
98570_uff_e=688.87_out,-6.1,24.92,21.701
99300_uff_e=194.35_out,-7.3,0.0,0.0
99300_uff_e=194.35_out,-7.2,3.163,0.428
99300_uff_e=194.35_out,-6.6,5.988,1.117
99300_uff_e=194.35_out,-6.3,23.42,22.234
99300_uff_e=194.35_out,-6.2,23.667,22.222
99300_uff_e=194.35_out,-6.1,23.321,21.092
99300_uff_e=194.35_out,-6.1,4.895,2.179
99300_uff_e=194.35_out,-6.0,4.137,2.652
99300_uff_e=194.35_out,-6.0,21.696,20.021
99474_uff_e=744.04_out,-7.8,0.0,0.0
99474_uff_e=744.04_out,-7.5,9.39,2.277
99474_uff_e=744.04_out,-7.5,4.409,2.107
99474_uff_e=744.04_out,-7.4,9.145,1.803
99474_uff_e=744.04_out,-7.4,2.331,1.764
99474_uff_e=744.04_out,-7.3,22.407,19.049
99474_uff_e=744.04_out,-7.3,35.484,32.859
99474_uff_e=744.04_out,-7.2,27.289,24.731
99474_uff_e=744.04_out,-7.2,9.762,1.996
99516_uff_e=884.19_out,-7.7,0.0,0.0
99516_uff_e=884.19_out,-7.5,24.747,23.379
99516_uff_e=884.19_out,-7.5,8.991,1.675
99516_uff_e=884.19_out,-7.5,3.576,1.595
99516_uff_e=884.19_out,-7.4,4.022,3.176
99516_uff_e=884.19_out,-7.3,9.948,2.303
99516_uff_e=884.19_out,-7.3,24.98,21.967
99516_uff_e=884.19_out,-7.2,4.349,2.214
99516_uff_e=884.19_out,-7.2,28.183,25.65
99530_uff_e=721.79_out,-6.6,0.0,0.0
99530_uff_e=721.79_out,-6.5,7.034,1.867
99530_uff_e=721.79_out,-6.2,10.033,5.899
99530_uff_e=721.79_out,-6.2,18.993,16.424
99530_uff_e=721.79_out,-6.2,18.58,15.764
99530_uff_e=721.79_out,-6.1,15.253,12.167
99530_uff_e=721.79_out,-6.0,24.171,21.308
99530_uff_e=721.79_out,-5.9,6.873,2.948
99530_uff_e=721.79_out,-5.9,2.427,1.728
99535_uff_e=1911.61_out,-6.5,0.0,0.0
99535_uff_e=1911.61_out,-6.4,23.621,22.05
99535_uff_e=1911.61_out,-6.4,8.819,5.495
99535_uff_e=1911.61_out,-6.4,17.338,13.928
99535_uff_e=1911.61_out,-6.3,5.74,2.923
99535_uff_e=1911.61_out,-6.3,21.253,19.314
99535_uff_e=1911.61_out,-6.2,17.572,13.811
99535_uff_e=1911.61_out,-6.2,24.815,23.177
99535_uff_e=1911.61_out,-6.1,21.783,19.442
99649_uff_e=417.48_out,-7.9,0.0,0.0
99649_uff_e=417.48_out,-7.0,19.011,14.901
99649_uff_e=417.48_out,-7.0,23.919,21.875
99649_uff_e=417.48_out,-6.9,27.002,24.398
99649_uff_e=417.48_out,-6.8,24.485,22.146
99649_uff_e=417.48_out,-6.7,24.88,23.654
99649_uff_e=417.48_out,-6.7,24.049,21.903
99649_uff_e=417.48_out,-6.7,25.719,22.98
99649_uff_e=417.48_out,-6.7,12.585,10.108
100230_uff_e=1025.90_out,-7.4,0.0,0.0
100230_uff_e=1025.90_out,-7.3,26.985,23.703
100230_uff_e=1025.90_out,-7.2,14.237,9.867
100230_uff_e=1025.90_out,-7.2,26.941,23.615
100230_uff_e=1025.90_out,-7.1,6.71,2.933
100230_uff_e=1025.90_out,-7.1,14.628,10.258
100230_uff_e=1025.90_out,-7.1,27.627,24.263
100230_uff_e=1025.90_out,-7.0,27.609,24.758
100230_uff_e=1025.90_out,-7.0,19.006,15.31
100231_uff_e=1067.56_out,-7.1,0.0,0.0
100231_uff_e=1067.56_out,-7.1,27.529,24.753
100231_uff_e=1067.56_out,-7.0,26.839,23.12
100231_uff_e=1067.56_out,-6.9,7.756,4.095
100231_uff_e=1067.56_out,-6.9,27.467,24.662
100231_uff_e=1067.56_out,-6.9,26.722,22.791
100231_uff_e=1067.56_out,-6.9,2.183,1.67
100231_uff_e=1067.56_out,-6.8,24.487,19.194
100231_uff_e=1067.56_out,-6.7,27.104,23.464
100302_uff_e=1968.17_out,-6.6,0.0,0.0
100302_uff_e=1968.17_out,-6.6,3.941,2.276
100302_uff_e=1968.17_out,-6.2,1.342,1.26
100302_uff_e=1968.17_out,-6.1,13.822,11.928
100302_uff_e=1968.17_out,-6.0,3.164,2.027
100302_uff_e=1968.17_out,-6.0,25.55,24.094
100302_uff_e=1968.17_out,-5.9,23.043,22.102
100302_uff_e=1968.17_out,-5.8,3.813,2.195
100302_uff_e=1968.17_out,-5.7,4.691,2.604
100492_uff_e=731.84_out,-6.9,0.0,0.0
100492_uff_e=731.84_out,-6.9,25.337,23.186
100492_uff_e=731.84_out,-6.7,38.661,36.046
100492_uff_e=731.84_out,-6.7,23.919,20.125
100492_uff_e=731.84_out,-6.6,32.803,28.663
100492_uff_e=731.84_out,-6.5,26.821,24.108
100492_uff_e=731.84_out,-6.4,28.213,25.391
100492_uff_e=731.84_out,-6.4,27.304,24.751
100492_uff_e=731.84_out,-6.4,26.723,24.347
100528_uff_e=773.02_out,-6.2,0.0,0.0
100528_uff_e=773.02_out,-6.1,2.794,1.505
100528_uff_e=773.02_out,-6.1,8.335,4.637
100528_uff_e=773.02_out,-6.1,11.937,6.307
100528_uff_e=773.02_out,-6.1,28.42,24.628
100528_uff_e=773.02_out,-6.1,2.046,1.054
100528_uff_e=773.02_out,-6.0,26.997,24.045
100528_uff_e=773.02_out,-6.0,27.892,24.743
100528_uff_e=773.02_out,-6.0,27.658,24.024
100572_uff_e=432.95_out,-6.6,0.0,0.0
100572_uff_e=432.95_out,-6.2,4.853,2.479
100572_uff_e=432.95_out,-6.1,3.883,2.208
100572_uff_e=432.95_out,-6.1,23.802,21.937
100572_uff_e=432.95_out,-6.0,4.909,2.59
100572_uff_e=432.95_out,-6.0,2.157,1.555
100572_uff_e=432.95_out,-5.9,3.966,2.141
100572_uff_e=432.95_out,-5.9,5.449,2.745
100572_uff_e=432.95_out,-5.8,23.259,21.417
101253_uff_e=626.45_out,-6.1,0.0,0.0
101253_uff_e=626.45_out,-5.5,3.716,1.092
101253_uff_e=626.45_out,-5.2,25.08,22.941
101253_uff_e=626.45_out,-5.2,2.25,1.553
101253_uff_e=626.45_out,-5.2,20.835,18.211
101253_uff_e=626.45_out,-5.2,24.781,22.696
101253_uff_e=626.45_out,-5.2,25.83,23.14
101253_uff_e=626.45_out,-5.1,25.562,23.225
101253_uff_e=626.45_out,-5.1,3.143,1.719
101300_uff_e=579.93_out,-6.7,0.0,0.0
101300_uff_e=579.93_out,-6.7,36.051,32.473
101300_uff_e=579.93_out,-6.5,24.271,22.729
101300_uff_e=579.93_out,-6.2,11.914,8.493
101300_uff_e=579.93_out,-6.2,24.697,22.904
101300_uff_e=579.93_out,-6.1,24.215,22.456
101300_uff_e=579.93_out,-6.0,26.327,23.593
101300_uff_e=579.93_out,-6.0,25.5,22.921
101300_uff_e=579.93_out,-6.0,23.614,22.582
101301_uff_e=575.25_out,-6.7,0.0,0.0
101301_uff_e=575.25_out,-6.6,8.11,2.209
101301_uff_e=575.25_out,-6.3,8.855,2.421
101301_uff_e=575.25_out,-6.2,24.995,21.787
101301_uff_e=575.25_out,-6.0,22.948,20.562
101301_uff_e=575.25_out,-6.0,19.458,15.708
101301_uff_e=575.25_out,-6.0,23.114,19.776
101301_uff_e=575.25_out,-5.9,3.746,2.256
101301_uff_e=575.25_out,-5.9,8.214,2.138
101595_uff_e=755.76_out,-7.5,0.0,0.0
101595_uff_e=755.76_out,-7.2,26.333,23.766
101595_uff_e=755.76_out,-7.2,12.121,9.33
101595_uff_e=755.76_out,-6.9,26.336,23.432
101595_uff_e=755.76_out,-6.8,13.132,10.23
101595_uff_e=755.76_out,-6.8,13.789,10.467
101595_uff_e=755.76_out,-6.6,5.604,1.822
101595_uff_e=755.76_out,-6.6,5.566,2.229
101595_uff_e=755.76_out,-6.5,4.701,1.933
101616_uff_e=320.38_out,-7.3,0.0,0.0
101616_uff_e=320.38_out,-7.1,7.363,2.992
101616_uff_e=320.38_out,-7.0,22.902,21.359
101616_uff_e=320.38_out,-7.0,23.635,21.406
101616_uff_e=320.38_out,-6.9,11.878,7.448
101616_uff_e=320.38_out,-6.7,25.269,22.752
101616_uff_e=320.38_out,-6.6,12.5,8.278
101616_uff_e=320.38_out,-6.6,6.892,4.262
101616_uff_e=320.38_out,-6.6,13.52,9.46
101689_uff_e=469.91_out,-6.5,0.0,0.0
101689_uff_e=469.91_out,-6.4,7.865,3.318
101689_uff_e=469.91_out,-6.4,11.94,9.449
101689_uff_e=469.91_out,-6.3,22.399,19.898
101689_uff_e=469.91_out,-6.2,22.104,20.186
101689_uff_e=469.91_out,-6.1,16.08,13.997
101689_uff_e=469.91_out,-6.1,6.536,1.331
101689_uff_e=469.91_out,-6.0,23.367,21.437
101689_uff_e=469.91_out,-6.0,15.473,12.183
101699_uff_e=492.28_out,-6.6,0.0,0.0
101699_uff_e=492.28_out,-6.3,4.981,3.235
101699_uff_e=492.28_out,-6.2,5.479,2.861
101699_uff_e=492.28_out,-6.2,11.293,8.897
101699_uff_e=492.28_out,-6.2,24.704,22.203
101699_uff_e=492.28_out,-6.2,4.228,2.46
101699_uff_e=492.28_out,-6.2,25.469,23.438
101699_uff_e=492.28_out,-6.1,4.686,2.496
101699_uff_e=492.28_out,-6.1,3.541,2.265
101702_uff_e=477.43_out,-6.7,0.0,0.0
101702_uff_e=477.43_out,-6.7,7.339,3.552
101702_uff_e=477.43_out,-6.7,4.188,2.989
101702_uff_e=477.43_out,-6.5,3.374,2.551
101702_uff_e=477.43_out,-6.4,26.561,23.873
101702_uff_e=477.43_out,-6.3,13.322,11.666
101702_uff_e=477.43_out,-6.3,4.046,2.92
101702_uff_e=477.43_out,-6.2,5.623,3.775
101702_uff_e=477.43_out,-6.2,7.516,4.419
101712_uff_e=714.72_out,-7.2,0.0,0.0
101712_uff_e=714.72_out,-7.1,3.109,1.556
101712_uff_e=714.72_out,-7.0,9.132,4.584
101712_uff_e=714.72_out,-6.9,2.635,1.603
101712_uff_e=714.72_out,-6.9,3.108,1.95
101712_uff_e=714.72_out,-6.8,24.413,21.843
101712_uff_e=714.72_out,-6.8,2.437,1.711
101712_uff_e=714.72_out,-6.7,27.061,21.499
101712_uff_e=714.72_out,-6.7,24.381,20.663
101810_uff_e=860.56_out,-7.5,0.0,0.0
101810_uff_e=860.56_out,-7.2,10.077,4.19
101810_uff_e=860.56_out,-7.1,25.952,22.951
101810_uff_e=860.56_out,-7.0,25.686,22.563
101810_uff_e=860.56_out,-7.0,23.9,20.744
101810_uff_e=860.56_out,-6.9,24.994,23.141
101810_uff_e=860.56_out,-6.8,6.011,3.326
101810_uff_e=860.56_out,-6.8,9.906,4.148
101810_uff_e=860.56_out,-6.8,6.095,3.648
101977_uff_e=97.86_out,-4.6,0.0,0.0
101977_uff_e=97.86_out,-4.4,3.943,3.13
101977_uff_e=97.86_out,-4.2,2.819,2.048
101977_uff_e=97.86_out,-4.2,3.36,2.305
101977_uff_e=97.86_out,-4.1,11.02,9.029
101977_uff_e=97.86_out,-4.1,24.025,22.062
101977_uff_e=97.86_out,-4.1,2.912,2.011
101977_uff_e=97.86_out,-4.1,2.413,1.598
101977_uff_e=97.86_out,-4.1,4.96,2.722
102667_uff_e=738.73_out,-4.8,0.0,0.0
102667_uff_e=738.73_out,-4.8,11.674,10.562
102667_uff_e=738.73_out,-4.7,3.475,1.751
102667_uff_e=738.73_out,-4.7,11.516,10.387
102667_uff_e=738.73_out,-4.6,3.223,1.696
102667_uff_e=738.73_out,-4.6,11.682,10.669
102667_uff_e=738.73_out,-4.5,2.916,1.474
102667_uff_e=738.73_out,-4.5,3.59,2.149
102667_uff_e=738.73_out,-4.4,11.801,10.814
103008_uff_e=329.44_out,-4.4,0.0,0.0
103008_uff_e=329.44_out,-4.3,23.539,22.263
103008_uff_e=329.44_out,-4.2,22.731,21.52
103008_uff_e=329.44_out,-4.2,13.942,12.401
103008_uff_e=329.44_out,-4.1,4.754,2.393
103008_uff_e=329.44_out,-4.1,23.113,21.899
103008_uff_e=329.44_out,-4.1,22.933,21.648
103008_uff_e=329.44_out,-4.1,23.195,21.843
103008_uff_e=329.44_out,-4.1,23.951,22.894
104836_uff_e=451.16_out,-6.8,0.0,0.0
104836_uff_e=451.16_out,-6.5,5.303,1.874
104836_uff_e=451.16_out,-6.2,5.634,1.736
104836_uff_e=451.16_out,-6.0,7.716,2.944
104836_uff_e=451.16_out,-5.9,24.213,22.346
104836_uff_e=451.16_out,-5.8,24.433,22.63
104836_uff_e=451.16_out,-5.8,13.712,10.943
104836_uff_e=451.16_out,-5.7,6.704,2.745
104836_uff_e=451.16_out,-5.7,7.241,3.248
107721_uff_e=321.95_out,-5.9,0.0,0.0
107721_uff_e=321.95_out,-5.8,23.676,22.793
107721_uff_e=321.95_out,-5.8,23.916,23.388
107721_uff_e=321.95_out,-5.8,2.849,1.788
107721_uff_e=321.95_out,-5.8,24.049,22.712
107721_uff_e=321.95_out,-5.8,24.517,22.563
107721_uff_e=321.95_out,-5.7,7.151,2.492
107721_uff_e=321.95_out,-5.7,27.061,25.261
107721_uff_e=321.95_out,-5.7,6.692,1.708
107848_uff_e=464.10_out,-6.4,0.0,0.0
107848_uff_e=464.10_out,-6.1,25.113,22.245
107848_uff_e=464.10_out,-6.1,23.514,21.247
107848_uff_e=464.10_out,-5.9,23.507,21.594
107848_uff_e=464.10_out,-5.9,10.973,7.495
107848_uff_e=464.10_out,-5.8,7.737,2.206
107848_uff_e=464.10_out,-5.7,13.156,10.111
107848_uff_e=464.10_out,-5.7,23.848,20.984
107848_uff_e=464.10_out,-5.7,25.31,23.356
107935_uff_e=459.35_out,-7.0,0.0,0.0
107935_uff_e=459.35_out,-6.7,4.092,2.456
107935_uff_e=459.35_out,-6.7,24.578,21.049
107935_uff_e=459.35_out,-6.6,7.365,4.499
107935_uff_e=459.35_out,-6.6,23.616,18.784
107935_uff_e=459.35_out,-6.5,10.889,4.26
107935_uff_e=459.35_out,-6.5,24.704,21.561
107935_uff_e=459.35_out,-6.5,26.83,24.559
107935_uff_e=459.35_out,-6.4,24.814,21.09
107936_uff_e=424.25_out,-5.7,0.0,0.0
107936_uff_e=424.25_out,-5.5,4.784,1.962
107936_uff_e=424.25_out,-5.5,22.553,21.547
107936_uff_e=424.25_out,-5.5,19.928,19.2
107936_uff_e=424.25_out,-5.4,24.307,22.766
107936_uff_e=424.25_out,-5.3,4.607,1.326
107936_uff_e=424.25_out,-5.2,22.737,20.99
107936_uff_e=424.25_out,-5.2,9.92,8.608
107936_uff_e=424.25_out,-5.2,23.87,22.511
107938_uff_e=398.18_out,-5.4,0.0,0.0
107938_uff_e=398.18_out,-5.4,6.803,3.199
107938_uff_e=398.18_out,-5.2,24.568,22.769
107938_uff_e=398.18_out,-5.2,3.311,2.549
107938_uff_e=398.18_out,-5.2,3.057,1.633
107938_uff_e=398.18_out,-5.2,8.502,4.587
107938_uff_e=398.18_out,-5.2,19.078,17.03
107938_uff_e=398.18_out,-5.2,4.517,2.885
107938_uff_e=398.18_out,-5.1,2.196,1.331
107971_uff_e=550.77_out,-7.4,0.0,0.0
107971_uff_e=550.77_out,-7.0,27.451,25.536
107971_uff_e=550.77_out,-7.0,22.661,18.764
107971_uff_e=550.77_out,-6.9,10.259,3.31
107971_uff_e=550.77_out,-6.9,3.233,1.912
107971_uff_e=550.77_out,-6.9,23.765,20.64
107971_uff_e=550.77_out,-6.8,27.553,25.716
107971_uff_e=550.77_out,-6.8,10.142,3.248
107971_uff_e=550.77_out,-6.8,10.023,3.162
107982_uff_e=185.48_out,-4.9,0.0,0.0
107982_uff_e=185.48_out,-4.7,19.876,16.724
107982_uff_e=185.48_out,-4.6,21.742,18.357
107982_uff_e=185.48_out,-4.6,18.782,16.717
107982_uff_e=185.48_out,-4.5,21.606,18.884
107982_uff_e=185.48_out,-4.5,30.913,29.164
107982_uff_e=185.48_out,-4.5,18.936,17.011
107982_uff_e=185.48_out,-4.5,18.707,16.614
107982_uff_e=185.48_out,-4.5,23.677,21.193
107985_uff_e=4852.97_out,-7.1,0.0,0.0
107985_uff_e=4852.97_out,-6.8,13.418,9.442
107985_uff_e=4852.97_out,-6.7,10.646,7.367
107985_uff_e=4852.97_out,-6.5,23.626,20.868
107985_uff_e=4852.97_out,-6.5,24.219,22.218
107985_uff_e=4852.97_out,-6.5,1.466,1.168
107985_uff_e=4852.97_out,-6.5,14.454,11.357
107985_uff_e=4852.97_out,-6.5,24.928,22.988
107985_uff_e=4852.97_out,-6.3,23.496,20.718
108014_uff_e=540.22_out,-7.4,0.0,0.0
108014_uff_e=540.22_out,-7.2,17.493,13.701
108014_uff_e=540.22_out,-7.2,26.933,23.73
108014_uff_e=540.22_out,-6.9,16.135,12.502
108014_uff_e=540.22_out,-6.8,16.996,12.986
108014_uff_e=540.22_out,-6.8,17.63,13.689
108014_uff_e=540.22_out,-6.7,12.733,9.194
108014_uff_e=540.22_out,-6.7,3.59,2.648
108014_uff_e=540.22_out,-6.6,6.314,3.763
108052_uff_e=767.83_out,-6.5,0.0,0.0
108052_uff_e=767.83_out,-6.5,6.182,1.975
108052_uff_e=767.83_out,-6.5,4.707,3.096
108052_uff_e=767.83_out,-6.4,24.194,22.88
108052_uff_e=767.83_out,-6.3,24.87,22.411
108052_uff_e=767.83_out,-6.3,23.9,22.44
108052_uff_e=767.83_out,-6.1,6.329,1.769
108052_uff_e=767.83_out,-6.1,23.768,22.152
108052_uff_e=767.83_out,-6.1,6.539,2.033
108053_uff_e=355.32_out,-5.1,0.0,0.0
108053_uff_e=355.32_out,-5.0,9.218,5.891
108053_uff_e=355.32_out,-4.9,10.356,8.696
108053_uff_e=355.32_out,-4.9,11.896,9.944
108053_uff_e=355.32_out,-4.8,15.438,12.526
108053_uff_e=355.32_out,-4.8,13.399,10.593
108053_uff_e=355.32_out,-4.7,14.533,11.777
108053_uff_e=355.32_out,-4.7,11.526,8.73
108053_uff_e=355.32_out,-4.7,10.363,7.194
108064_uff_e=256.32_out,-5.8,0.0,0.0
108064_uff_e=256.32_out,-5.8,4.505,2.934
108064_uff_e=256.32_out,-5.6,5.179,3.998
108064_uff_e=256.32_out,-5.6,23.799,22.187
108064_uff_e=256.32_out,-5.5,24.057,22.803
108064_uff_e=256.32_out,-5.5,24.827,22.794
108064_uff_e=256.32_out,-5.4,26.288,24.126
108064_uff_e=256.32_out,-5.4,26.107,24.227
108064_uff_e=256.32_out,-5.4,25.22,23.13
108125_uff_e=286.47_out,-7.0,0.0,0.0
108125_uff_e=286.47_out,-6.2,12.745,10.447
108125_uff_e=286.47_out,-6.1,4.984,3.081
108125_uff_e=286.47_out,-6.1,3.972,1.83
108125_uff_e=286.47_out,-5.9,24.618,21.709
108125_uff_e=286.47_out,-5.8,35.621,32.492
108125_uff_e=286.47_out,-5.7,25.048,23.257
108125_uff_e=286.47_out,-5.7,16.854,14.398
108125_uff_e=286.47_out,-5.7,22.575,21.329
111037_uff_e=155.15_out,-5.6,0.0,0.0
111037_uff_e=155.15_out,-5.5,1.533,0.725
111037_uff_e=155.15_out,-5.5,2.742,1.704
111037_uff_e=155.15_out,-5.3,3.237,1.588
111037_uff_e=155.15_out,-5.3,5.159,2.368
111037_uff_e=155.15_out,-5.1,3.561,2.665
111037_uff_e=155.15_out,-5.1,3.874,2.315
111037_uff_e=155.15_out,-5.0,2.028,1.431
111037_uff_e=155.15_out,-4.9,23.166,21.66
114627_uff_e=587.78_out,-8.6,0.0,0.0
114627_uff_e=587.78_out,-8.4,3.967,2.362
114627_uff_e=587.78_out,-7.9,4.763,1.365
114627_uff_e=587.78_out,-7.9,2.117,1.494
114627_uff_e=587.78_out,-7.8,5.448,3.017
114627_uff_e=587.78_out,-7.8,2.476,1.644
114627_uff_e=587.78_out,-7.6,24.8,21.697
114627_uff_e=587.78_out,-7.6,8.794,2.179
114627_uff_e=587.78_out,-7.6,6.901,4.077
114652_uff_e=1147.94_out,-8.6,0.0,0.0
114652_uff_e=1147.94_out,-8.0,10.042,5.275
114652_uff_e=1147.94_out,-7.9,3.672,2.458
114652_uff_e=1147.94_out,-7.9,1.725,1.442
114652_uff_e=1147.94_out,-7.9,22.924,20.454
114652_uff_e=1147.94_out,-7.8,2.13,1.247
114652_uff_e=1147.94_out,-7.8,10.065,5.491
114652_uff_e=1147.94_out,-7.8,3.98,2.146
114652_uff_e=1147.94_out,-7.6,9.067,6.507
114776_uff_e=471.39_out,-7.3,0.0,0.0
114776_uff_e=471.39_out,-7.1,21.725,18.022
114776_uff_e=471.39_out,-7.1,2.624,1.573
114776_uff_e=471.39_out,-7.1,24.962,21.984
114776_uff_e=471.39_out,-7.1,9.702,1.908
114776_uff_e=471.39_out,-7.1,21.856,18.11
114776_uff_e=471.39_out,-7.0,6.005,3.083
114776_uff_e=471.39_out,-7.0,8.192,5.081
114776_uff_e=471.39_out,-6.9,24.272,21.955
114829_uff_e=186.28_out,-6.8,0.0,0.0
114829_uff_e=186.28_out,-6.5,5.044,3.885
114829_uff_e=186.28_out,-6.4,3.277,1.411
114829_uff_e=186.28_out,-6.4,5.23,3.986
114829_uff_e=186.28_out,-6.3,6.644,3.303
114829_uff_e=186.28_out,-6.3,24.485,22.451
114829_uff_e=186.28_out,-6.2,22.97,22.007
114829_uff_e=186.28_out,-6.2,23.44,22.432
114829_uff_e=186.28_out,-6.2,24.336,22.593
114843_uff_e=397.88_out,-5.0,0.0,0.0
114843_uff_e=397.88_out,-5.0,25.243,23.348
114843_uff_e=397.88_out,-5.0,8.035,4.109
114843_uff_e=397.88_out,-4.9,17.17,15.632
114843_uff_e=397.88_out,-4.9,2.516,1.406
114843_uff_e=397.88_out,-4.9,2.061,1.347
114843_uff_e=397.88_out,-4.8,3.173,2.06
114843_uff_e=397.88_out,-4.8,2.772,1.912
114843_uff_e=397.88_out,-4.8,6.882,4.379
114850_uff_e=285.45_out,-6.6,0.0,0.0
114850_uff_e=285.45_out,-6.2,4.258,2.128
114850_uff_e=285.45_out,-6.2,4.726,2.292
114850_uff_e=285.45_out,-6.1,23.132,21.626
114850_uff_e=285.45_out,-5.9,4.896,2.23
114850_uff_e=285.45_out,-5.8,11.111,9.06
114850_uff_e=285.45_out,-5.7,11.454,9.776
114850_uff_e=285.45_out,-5.6,12.906,11.284
114850_uff_e=285.45_out,-5.6,21.47,19.809
114857_uff_e=334.40_out,-6.5,0.0,0.0
114857_uff_e=334.40_out,-6.3,2.473,1.409
114857_uff_e=334.40_out,-6.2,2.074,0.831
114857_uff_e=334.40_out,-6.1,4.619,1.8
114857_uff_e=334.40_out,-6.0,3.12,1.422
114857_uff_e=334.40_out,-6.0,2.911,1.823
114857_uff_e=334.40_out,-5.8,5.135,1.257
114857_uff_e=334.40_out,-5.7,3.618,1.892
114857_uff_e=334.40_out,-5.7,23.081,21.777
114909_uff_e=487.00_out,-7.2,0.0,0.0
114909_uff_e=487.00_out,-6.9,2.384,1.72
114909_uff_e=487.00_out,-6.9,7.476,2.53
114909_uff_e=487.00_out,-6.7,7.052,4.172
114909_uff_e=487.00_out,-6.5,26.207,23.93
114909_uff_e=487.00_out,-6.5,22.366,19.296
114909_uff_e=487.00_out,-6.5,7.286,1.532
114909_uff_e=487.00_out,-6.5,13.848,10.64
114909_uff_e=487.00_out,-6.5,10.122,6.666
